1.234098040866500438e-04 1.474826523923552211e-04 1.756178904709051114e-04 2.083690024064060716e-04 2.463394734366276709e-04 2.901826516411462023e-04 3.406006095844258904e-04 3.983418506938277452e-04 4.641977087719101553e-04 5.389972980294083791e-04 6.236008859991839376e-04 7.188915831495682786e-04 8.257652713082609111e-04 9.451187282520400520e-04 1.077835947885890083e-03 1.224772703946528513e-03 1.386739459392837253e-03 1.564482782545553383e-03 1.758665493275593517e-03 1.969845826409851158e-03 2.198455963041980998e-03 2.444780341422019259e-03 2.708934215114302754e-03 2.990842974630172641e-03 3.290222787275672803e-03 3.606563136014994102e-03 3.939111849465738550e-03 4.286863209868195003e-03 4.648549702344430962e-03 5.022637926146929048e-03 5.407329126439010085e-03 5.800564723781897504e-03 6.200037119081967633e-03 6.603205936052280838e-03 7.007319733856067628e-03 7.409443082912326242e-03 7.806488750703713050e-03 8.195254596266472735e-03 8.572464626739342841e-03 8.934813531805150047e-03 9.279013887061943883e-03 9.601845110168358288e-03 9.900203168312910265e-03 1.017114997594220464e-02 1.041196139080837781e-02 1.062017271624851600e-02 1.079362064921937994e-02 1.093048067692055023e-02 1.102929901852708894e-02 1.108901833025102875e-02 1.110899653823851745e-02 1.108901833025102875e-02 1.102929901852708894e-02 1.093048067692055023e-02 1.079362064921937994e-02 1.062017271624851600e-02 1.041196139080837781e-02 1.017114997594220464e-02 9.900203168312910265e-03 9.601845110168358288e-03 9.279013887061943883e-03 8.934813531805150047e-03 8.572464626739342841e-03 8.195254596266472735e-03 7.806488750703713050e-03 7.409443082912326242e-03 7.007319733856067628e-03 6.603205936052280838e-03 6.200037119081967633e-03 5.800564723781897504e-03 5.407329126439010085e-03 5.022637926146929048e-03 4.648549702344430962e-03 4.286863209868195003e-03 3.939111849465738550e-03 3.606563136014192660e-03 3.290222787275672803e-03 2.990842974630172641e-03 2.708934215114302754e-03 2.444780341422019259e-03 2.198455963041980998e-03 1.969845826409851158e-03 1.758665493275593517e-03 1.564482782545553383e-03 1.386739459392837253e-03 1.224772703946528513e-03 1.077835947885890083e-03 9.451187282520400520e-04 8.257652713082609111e-04 7.188915831495682786e-04 6.236008859991839376e-04 5.389972980294083791e-04 4.641977087719101553e-04 3.983418506938277452e-04 3.406006095844258904e-04 2.901826516411462023e-04 2.463394734366276709e-04 2.083690024064060716e-04 1.756178904709051114e-04 1.474826523923552211e-04 1.234098040866500438e-04
1.474826523924205443e-04 1.762512542473670463e-04 2.098746731339516040e-04 2.490143581273520311e-04 2.943915128969578363e-04 3.467869304148066376e-04 4.070396325458585100e-04 4.760441290222130637e-04 5.547461146287609689e-04 6.441364341678289815e-04 7.452431626651619730e-04 8.591216739234245692e-04 9.868426043410547747e-04 1.129477661033258772e-03 1.288083273566315414e-03 1.463682146590579740e-03 1.657242835462949650e-03 1.869657537338660809e-03 2.101718364589535894e-03 2.354092443733904992e-03 2.627296258972336516e-03 2.921669732305903419e-03 3.237350599155969146e-03 3.574249696385433956e-03 3.932027825671684067e-03 4.310074886325476230e-03 4.707491985172554058e-03 5.123077224812156924e-03 5.555315843451021605e-03 6.002375328582561231e-03 6.462106052498663850e-03 6.932047880382341022e-03 7.409443082914560566e-03 7.891255747060328327e-03 8.374197724074002036e-03 8.854760986828226488e-03 9.329256093924244431e-03 9.793856280980050080e-03 1.024464652584668525e-02 1.067767677012997421e-02 1.108901833025466646e-02 1.147482240320654712e-02 1.183137947015492838e-02 1.215517832991464681e-02 1.244296345730937225e-02 1.269178938132180072e-02 1.289907081569280529e-02 1.306262735029111409e-02 1.318072162353799322e-02 1.325209004160883206e-02 1.327596528495638382e-02 1.325209004160883206e-02 1.318072162353799322e-02 1.306262735029111409e-02 1.289907081569280529e-02 1.269178938132180072e-02 1.244296345730937225e-02 1.215517832991464681e-02 1.183137947015492838e-02 1.147482240320654712e-02 1.108901833025466646e-02 1.067767677012997421e-02 1.024464652584668525e-02 9.793856280980050080e-03 9.329256093924244431e-03 8.854760986828226488e-03 8.374197724074002036e-03 7.891255747060328327e-03 7.409443082914560566e-03 6.932047880382341022e-03 6.462106052498663850e-03 6.002375328582561231e-03 5.555315843451021605e-03 5.123077224812156924e-03 4.707491985172554058e-03 4.310074886324518663e-03 3.932027825671684067e-03 3.574249696385433956e-03 3.237350599155969146e-03 2.921669732305903419e-03 2.627296258972336516e-03 2.354092443733904992e-03 2.101718364589535894e-03 1.869657537338660809e-03 1.657242835462949650e-03 1.463682146590579740e-03 1.288083273566315414e-03 1.129477661033258772e-03 9.868426043410547747e-04 8.591216739234245692e-04 7.452431626651619730e-04 6.441364341678289815e-04 5.547461146287609689e-04 4.760441290222130637e-04 4.070396325458585100e-04 3.467869304148066376e-04 2.943915128969578363e-04 2.490143581273520311e-04 2.098746731339516040e-04 1.762512542473670463e-04 1.474826523924205443e-04
1.756178904709829300e-04 2.098746731339516040e-04 2.499124253678383666e-04 2.965187807644750003e-04 3.505525268826931965e-04 4.129434084241202958e-04 4.846905072983444143e-04 5.668589786921540653e-04 6.605749274080988109e-04 7.670182215265669004e-04 8.874130617541390025e-04 1.023016155356895173e-03 1.175102383839236571e-03 1.344947903682770741e-03 1.533810679325019665e-03 1.742908516591662937e-03 1.973394741964314483e-03 2.226331756883041715e-03 2.502662784849042209e-03 2.803182219982070303e-03 3.128505076077268358e-03 3.479036121992428766e-03 3.854939368909547377e-03 4.256108644056499739e-03 4.682140040309954593e-03 5.132307068186019346e-03 5.605539352827305227e-03 6.100405711090169103e-03 6.615102410356680368e-03 7.147447350051292989e-03 7.694880818389112850e-03 8.254473361093143252e-03 8.822941157336715648e-03 9.396669133521610290e-03 9.971741861379506897e-03 1.054398208810251696e-02 1.110899653824464275e-02 1.166222841629674725e-02 1.219901583206501119e-02 1.271465517525242374e-02 1.320446828805113375e-02 1.366387213201403564e-02 1.408844952409526140e-02 1.447401943191469788e-02 1.481670527436555924e-02 1.511299967347416902e-02 1.535982414840411474e-02 1.555458233259022875e-02 1.569520542830956170e-02 1.578018878617935827e-02 1.580861870524551474e-02 1.578018878617935827e-02 1.569520542830956170e-02 1.555458233259022875e-02 1.535982414840411474e-02 1.511299967347416902e-02 1.481670527436555924e-02 1.447401943191469788e-02 1.408844952409526140e-02 1.366387213201403564e-02 1.320446828805113375e-02 1.271465517525242374e-02 1.219901583206501119e-02 1.166222841629674725e-02 1.110899653824464275e-02 1.054398208810251696e-02 9.971741861379506897e-03 9.396669133521610290e-03 8.822941157336715648e-03 8.254473361093143252e-03 7.694880818389112850e-03 7.147447350051292989e-03 6.615102410356680368e-03 6.100405711090169103e-03 5.605539352827305227e-03 5.132307068184878765e-03 4.682140040309954593e-03 4.256108644056499739e-03 3.854939368909547377e-03 3.479036121992428766e-03 3.128505076077268358e-03 2.803182219982070303e-03 2.502662784849042209e-03 2.226331756883041715e-03 1.973394741964314483e-03 1.742908516591662937e-03 1.533810679325019665e-03 1.344947903682770741e-03 1.175102383839236571e-03 1.023016155356895173e-03 8.874130617541390025e-04 7.670182215265669004e-04 6.605749274080988109e-04 5.668589786921540653e-04 4.846905072983444143e-04 4.129434084241202958e-04 3.505525268826931965e-04 2.965187807644750003e-04 2.499124253678383666e-04 2.098746731339516040e-04 1.756178904709829300e-04
2.083690024065852902e-04 2.490143581274558977e-04 2.965187807645986535e-04 3.518167902883409743e-04 4.159273301926118770e-04 4.899535339648444570e-04 5.750808030482802745e-04 6.725729342183166086e-04 7.837660404056080894e-04 9.100600241726013910e-04 1.052907388332601163e-03 1.213799204431039802e-03 1.394248107578988528e-03 1.595768245636179595e-03 1.819852181770330833e-03 2.067944831327716681e-03 2.341414605509374407e-03 2.641522033795691386e-03 2.969386242145098751e-03 3.325949771831762918e-03 3.711942331034139963e-03 4.127844174257494156e-03 4.573849899251999744e-03 5.049833533005730797e-03 5.555315843453393840e-03 6.089434857543087228e-03 6.650920585408533550e-03 7.238074941489642047e-03 7.848757813721532473e-03 8.480380159957881178e-03 9.129904905845748556e-03 9.793856280985795484e-03 1.046833806234573339e-02 1.114906099854424265e-02 1.183137947016250045e-02 1.251033720538762169e-02 1.318072162354502232e-02 1.383712612891792836e-02 1.447401943191841366e-02 1.508582074244207462e-02 1.566697946952742837e-02 1.621205788045456883e-02 1.671581502840284450e-02 1.717329015713188120e-02 1.757988373902065471e-02 1.793143430255005402e-02 1.822428925868666005e-02 1.845536804251981036e-02 1.862221604468963787e-02 1.872304801262298160e-02 1.875677984859042136e-02 1.872304801262298160e-02 1.862221604468963787e-02 1.845536804251981036e-02 1.822428925868666005e-02 1.793143430255005402e-02 1.757988373902065471e-02 1.717329015713188120e-02 1.671581502840284450e-02 1.621205788045456883e-02 1.566697946952742837e-02 1.508582074244207462e-02 1.447401943191841366e-02 1.383712612891792836e-02 1.318072162354502232e-02 1.251033720538762169e-02 1.183137947016250045e-02 1.114906099854424265e-02 1.046833806234573339e-02 9.793856280985795484e-03 9.129904905845748556e-03 8.480380159957881178e-03 7.848757813721532473e-03 7.238074941489642047e-03 6.650920585408533550e-03 6.089434857541734143e-03 5.555315843453393840e-03 5.049833533005730797e-03 4.573849899251999744e-03 4.127844174257494156e-03 3.711942331034139963e-03 3.325949771831762918e-03 2.969386242145098751e-03 2.641522033795691386e-03 2.341414605509374407e-03 2.067944831327716681e-03 1.819852181770330833e-03 1.595768245636179595e-03 1.394248107578988528e-03 1.213799204431039802e-03 1.052907388332601163e-03 9.100600241726013910e-04 7.837660404056080894e-04 6.725729342183166086e-04 5.750808030482802745e-04 4.899535339648444570e-04 4.159273301926118770e-04 3.518167902883409743e-04 2.965187807645986535e-04 2.490143581274558977e-04 2.083690024065852902e-04
2.463394734365354595e-04 2.943915128967171976e-04 3.505525268824065876e-04 4.159273301920983989e-04 4.917205453985218789e-04 5.792363267630398120e-04 6.798760879506717501e-04 7.951339237096118973e-04 9.265894229037879588e-04 1.075897588226080179e-03 1.244775607809377096e-03 1.434986266785420001e-03 1.648317843316792104e-03 1.886560403978480242e-03 2.151478497338457380e-03 2.444780341420761151e-03 2.768083708978606467e-03 3.122878832075609307e-03 3.510488771705128162e-03 3.932027825668124414e-03 4.388358674720215652e-03 4.880049088733964639e-03 5.407329126435745335e-03 5.970049859121833412e-03 6.567644725675868440e-03 7.199094678229550279e-03 7.862898300395054427e-03 8.557048069470385432e-03 9.279013887057659116e-03 1.002573491746795720e-02 1.079362064921324423e-02 1.157856193246763893e-02 1.237595254692446835e-02 1.318072162352688058e-02 1.398737698528020393e-02 1.479005919352277196e-02 1.558260579432049764e-02 1.635862496390606130e-02 1.711157746204326757e-02 1.783486552764576571e-02 1.852192710187120644e-02 1.916633354994455932e-02 1.976188888270621891e-02 2.030272835988298705e-02 2.078341429545086522e-02 2.119902688516403164e-02 2.154524793942239405e-02 2.181843553102365968e-02 2.201568775435702036e-02 2.213489403551875331e-02 2.217477272483575970e-02 2.213489403551875331e-02 2.201568775435702036e-02 2.181843553102365968e-02 2.154524793942239405e-02 2.119902688516403164e-02 2.078341429545086522e-02 2.030272835988298705e-02 1.976188888270621891e-02 1.916633354994455932e-02 1.852192710187120644e-02 1.783486552764576571e-02 1.711157746204326757e-02 1.635862496390606130e-02 1.558260579432049764e-02 1.479005919352277196e-02 1.398737698528020393e-02 1.318072162352688058e-02 1.237595254692446835e-02 1.157856193246763893e-02 1.079362064921324423e-02 1.002573491746795720e-02 9.279013887057659116e-03 8.557048069470385432e-03 7.862898300395054427e-03 7.199094678227949996e-03 6.567644725675868440e-03 5.970049859121833412e-03 5.407329126435745335e-03 4.880049088733964639e-03 4.388358674720215652e-03 3.932027825668124414e-03 3.510488771705128162e-03 3.122878832075609307e-03 2.768083708978606467e-03 2.444780341420761151e-03 2.151478497338457380e-03 1.886560403978480242e-03 1.648317843316792104e-03 1.434986266785420001e-03 1.244775607809377096e-03 1.075897588226080179e-03 9.265894229037879588e-04 7.951339237096118973e-04 6.798760879506717501e-04 5.792363267630398120e-04 4.917205453985218789e-04 4.159273301920983989e-04 3.505525268824065876e-04 2.943915128967171976e-04 2.463394734365354595e-04
2.901826516410427152e-04 3.467869304145292444e-04 4.129434084237899936e-04 4.899535339642482543e-04 5.792363267630501120e-04 6.823280527561085673e-04 8.008795473848089215e-04 9.366508224320200821e-04 1.091502599927560591e-03 1.267384437785122478e-03 1.466319147041916836e-03 1.690383251028395283e-03 1.941683303322231952e-03 2.222327964212812527e-03 2.534395834320900178e-03 2.879899158086580719e-03 3.260743637347774792e-03 3.678684733727210707e-03 4.135280984888297512e-03 4.631845009901337448e-03 5.169393028317718387e-03 5.748593860951429699e-03 6.369718512080925314e-03 7.032591546866024182e-03 7.736545568381787870e-03 8.480380159949367155e-03 9.262326685050390959e-03 1.008002032471058684e-02 1.093048067691899071e-02 1.181010214244273063e-02 1.271465517524190611e-02 1.363929928436380563e-02 1.457860844041904136e-02 1.552660926768948541e-02 1.647683209868188933e-02 1.742237463948351564e-02 1.835597765064619913e-02 1.927011169994477524e-02 2.015707370169433216e-02 2.100909163389522161e-02 2.181843553103062286e-02 2.257753259829250667e-02 2.327908409245150329e-02 2.391618147440942657e-02 2.448241926587559070e-02 2.497200204226095524e-02 2.537984306821220587e-02 2.570165223107343314e-02 2.593401114785788553e-02 2.607443360747108835e-02 2.612140985390265860e-02 2.607443360747108835e-02 2.593401114785788553e-02 2.570165223107343314e-02 2.537984306821220587e-02 2.497200204226095524e-02 2.448241926587559070e-02 2.391618147440942657e-02 2.327908409245150329e-02 2.257753259829250667e-02 2.181843553103062286e-02 2.100909163389522161e-02 2.015707370169433216e-02 1.927011169994477524e-02 1.835597765064619913e-02 1.742237463948351564e-02 1.647683209868188933e-02 1.552660926768948541e-02 1.457860844041904136e-02 1.363929928436380563e-02 1.271465517524190611e-02 1.181010214244273063e-02 1.093048067691899071e-02 1.008002032471058684e-02 9.262326685050390959e-03 8.480380159947483246e-03 7.736545568381787870e-03 7.032591546866024182e-03 6.369718512080925314e-03 5.748593860951429699e-03 5.169393028317718387e-03 4.631845009901337448e-03 4.135280984888297512e-03 3.678684733727210707e-03 3.260743637347774792e-03 2.879899158086580719e-03 2.534395834320900178e-03 2.222327964212812527e-03 1.941683303322231952e-03 1.690383251028395283e-03 1.466319147041916836e-03 1.267384437785122478e-03 1.091502599927560591e-03 9.366508224320200821e-04 8.008795473848089215e-04 6.823280527561085673e-04 5.792363267630501120e-04 4.899535339642482543e-04 4.129434084237899936e-04 3.467869304145292444e-04 2.901826516410427152e-04
3.406006095844438340e-04 4.070396325456996202e-04 4.846905072981552752e-04 5.750808030478160192e-04 6.798760879509622079e-04 8.008795473851368927e-04 9.400288421804403821e-04 1.099389778417045544e-03 1.281146370384020263e-03 1.487586903097951182e-03 1.721085642106595778e-03 1.984079897525387916e-03 2.279042227340205042e-03 2.608447662280518903e-03 2.974735950672119638e-03 3.380268955565917700e-03 3.827283486102677542e-03 4.317840007632143054e-03 4.853767846873936580e-03 5.436607684681887126e-03 6.067552304279654786e-03 6.747386731152599584e-03 7.476429055379226959e-03 8.254473361088374497e-03 9.080736294078189594e-03 9.953808870557741967e-03 1.087161516120153937e-02 1.183137947015168272e-02 1.282960356367158876e-02 1.386205538553843784e-02 1.492377052471211690e-02 1.600906747625130758e-02 1.711157746205299937e-02 1.822428925867096774e-02 1.933960912237330312e-02 2.044943551607321733e-02 2.154524793943349281e-02 2.261820875453466120e-02 2.365927649847352626e-02 2.465932879465102673e-02 2.560929263007962267e-02 2.650027947019916938e-02 2.732372244728317398e-02 2.807151269398595189e-02 2.873613180836944933e-02 2.931077743634162916e-02 2.978947904468028443e-02 3.016720113254644023e-02 3.043993138796178763e-02 3.060475163160188139e-02 3.065988979399751971e-02 3.060475163160188139e-02 3.043993138796178763e-02 3.016720113254644023e-02 2.978947904468028443e-02 2.931077743634162916e-02 2.873613180836944933e-02 2.807151269398595189e-02 2.732372244728317398e-02 2.650027947019916938e-02 2.560929263007962267e-02 2.465932879465102673e-02 2.365927649847352626e-02 2.261820875453466120e-02 2.154524793943349281e-02 2.044943551607321733e-02 1.933960912237330312e-02 1.822428925867096774e-02 1.711157746205299937e-02 1.600906747625130758e-02 1.492377052471211690e-02 1.386205538553843784e-02 1.282960356367158876e-02 1.183137947015168272e-02 1.087161516120153937e-02 9.953808870555530194e-03 9.080736294078189594e-03 8.254473361088374497e-03 7.476429055379226959e-03 6.747386731152599584e-03 6.067552304279654786e-03 5.436607684681887126e-03 4.853767846873936580e-03 4.317840007632143054e-03 3.827283486102677542e-03 3.380268955565917700e-03 2.974735950672119638e-03 2.608447662280518903e-03 2.279042227340205042e-03 1.984079897525387916e-03 1.721085642106595778e-03 1.487586903097951182e-03 1.281146370384020263e-03 1.099389778417045544e-03 9.400288421804403821e-04 8.008795473851368927e-04 6.798760879509622079e-04 5.750808030478160192e-04 4.846905072981552752e-04 4.070396325456996202e-04 3.406006095844438340e-04
3.983418506940042533e-04 4.760441290222130637e-04 5.668589786921540653e-04 6.725729342180361255e-04 7.951339237102619849e-04 9.366508224327692658e-04 1.099389778417474888e-03 1.285766809117063966e-03 1.498336179759982359e-03 1.739774103079774455e-03 2.012857348423642643e-03 2.320436417507605251e-03 2.665403035408854884e-03 3.050651819146735829e-03 3.479036121991840261e-03 3.953318208227642530e-03 4.476114088124556051e-03 5.049833533003040241e-03 5.676615991150951550e-03 6.358263331517944456e-03 7.096170547135205800e-03 7.891255747060330061e-03 8.743890946454160526e-03 9.653835320999604869e-03 1.062017271625144248e-02 1.164125528662430208e-02 1.271465517524959614e-02 1.383712612890907953e-02 1.500457686631441294e-02 1.621205788044592644e-02 1.745376315503214745e-02 1.872304801261400267e-02 2.001246399072599200e-02 2.131381126927206840e-02 2.261820875454087845e-02 2.391618147442196515e-02 2.519776446767433772e-02 2.645262187186691802e-02 2.767017944560233589e-02 2.883976831667383819e-02 2.995077734498616945e-02 3.099281114307668450e-02 3.195585052175783231e-02 3.283041193597825702e-02 3.360770240634219225e-02 3.427976639125089597e-02 3.483962118666205504e-02 3.528137763481457856e-02 3.560034322567171006e-02 3.579310506765293748e-02 3.585759067641137998e-02 3.579310506765293748e-02 3.560034322567171006e-02 3.528137763481457856e-02 3.483962118666205504e-02 3.427976639125089597e-02 3.360770240634219225e-02 3.283041193597825702e-02 3.195585052175783231e-02 3.099281114307668450e-02 2.995077734498616945e-02 2.883976831667383819e-02 2.767017944560233589e-02 2.645262187186691802e-02 2.519776446767433772e-02 2.391618147442196515e-02 2.261820875454087845e-02 2.131381126927206840e-02 2.001246399072599200e-02 1.872304801261400267e-02 1.745376315503214745e-02 1.621205788044592644e-02 1.500457686631441294e-02 1.383712612890907953e-02 1.271465517524959614e-02 1.164125528662171560e-02 1.062017271625144248e-02 9.653835320999604869e-03 8.743890946454160526e-03 7.891255747060330061e-03 7.096170547135205800e-03 6.358263331517944456e-03 5.676615991150951550e-03 5.049833533003040241e-03 4.476114088124556051e-03 3.953318208227642530e-03 3.479036121991840261e-03 3.050651819146735829e-03 2.665403035408854884e-03 2.320436417507605251e-03 2.012857348423642643e-03 1.739774103079774455e-03 1.498336179759982359e-03 1.285766809117063966e-03 1.099389778417474888e-03 9.366508224327692658e-04 7.951339237102619849e-04 6.725729342180361255e-04 5.668589786921540653e-04 4.760441290222130637e-04 3.983418506940042533e-04
4.641977087721158826e-04 5.547461146287609689e-04 6.605749274080988109e-04 7.837660404052813109e-04 9.265894229045453824e-04 1.091502599928433374e-03 1.281146370384520297e-03 1.498336179759982359e-03 1.746048577128373564e-03 2.027402220037057782e-03 2.345632947167093727e-03 2.704062519370676806e-03 3.106060736112497243e-03 3.555000766909669450e-03 4.054207695602163319e-03 4.606900457757953649e-03 5.216127555490324835e-03 5.884697155512547649e-03 6.615102410355618717e-03 7.409443082915353335e-03 8.269344793416445044e-03 9.195877437277099817e-03 1.018947453305679707e-02 1.124985544216329167e-02 1.237595254693699479e-02 1.356584557175583884e-02 1.481670527436555404e-02 1.612474871480294725e-02 1.748520822078683534e-02 1.889231600815374779e-02 2.033930618111437494e-02 2.181843553104864664e-02 2.332102417859080110e-02 2.483751666856007234e-02 2.635756364061428436e-02 2.787012367307833277e-02 2.936358434770389159e-02 3.082590102582110844e-02 3.224475127979625072e-02 3.360770240634964462e-02 3.490238897887322500e-02 3.611669699269097478e-02 3.723895083637388664e-02 3.825809909798468661e-02 3.916389509899414340e-02 3.994706804805624872e-02 4.059948082572991529e-02 4.111427064937119014e-02 4.148596921982032615e-02 4.171059940926812731e-02 4.178574609993668254e-02 4.171059940926812731e-02 4.148596921982032615e-02 4.111427064937119014e-02 4.059948082572991529e-02 3.994706804805624872e-02 3.916389509899414340e-02 3.825809909798468661e-02 3.723895083637388664e-02 3.611669699269097478e-02 3.490238897887322500e-02 3.360770240634964462e-02 3.224475127979625072e-02 3.082590102582110844e-02 2.936358434770389159e-02 2.787012367307833277e-02 2.635756364061428436e-02 2.483751666856007234e-02 2.332102417859080110e-02 2.181843553104864664e-02 2.033930618111437494e-02 1.889231600815374779e-02 1.748520822078683534e-02 1.612474871480294725e-02 1.481670527436555404e-02 1.356584557175282563e-02 1.237595254693699479e-02 1.124985544216329167e-02 1.018947453305679707e-02 9.195877437277099817e-03 8.269344793416445044e-03 7.409443082915353335e-03 6.615102410355618717e-03 5.884697155512547649e-03 5.216127555490324835e-03 4.606900457757953649e-03 4.054207695602163319e-03 3.555000766909669450e-03 3.106060736112497243e-03 2.704062519370676806e-03 2.345632947167093727e-03 2.027402220037057782e-03 1.746048577128373564e-03 1.498336179759982359e-03 1.281146370384520297e-03 1.091502599928433374e-03 9.265894229045453824e-04 7.837660404052813109e-04 6.605749274080988109e-04 5.547461146287609689e-04 4.641977087721158826e-04
5.389972980298436862e-04 6.441364341680639281e-04 7.670182215268466245e-04 9.100600241725537946e-04 1.075897588227351948e-03 1.267384437786598294e-03 1.487586903099074416e-03 1.739774103080408713e-03 2.027402220037796774e-03 2.354092443735307516e-03 2.723602027328205551e-03 3.139787991413966334e-03 3.606563136017334244e-03 4.127844174256802001e-03 4.707491985175065938e-03 5.349244195091438191e-03 6.056640533675081844e-03 6.832941668185374580e-03 7.681042491148469889e-03 8.603381115691513883e-03 9.601845110176379650e-03 1.067767677013510032e-02 1.183137947015955836e-02 1.306262735029808594e-02 1.437018075980926214e-02 1.575180999494356707e-02 1.720422991684376901e-02 1.872304801262099708e-02 2.030272835991093691e-02 2.193657376908731901e-02 2.361672810583437254e-02 2.533420044140463970e-02 2.707891224366200389e-02 2.883976831668768476e-02 3.060475163162661161e-02 3.236104158136070275e-02 3.409515455332320921e-02 3.579310506767203331e-02 3.744058509342328839e-02 3.902315855442167747e-02 4.052646749196818499e-02 4.193644588275997898e-02 4.323953673826795574e-02 4.442290785130743186e-02 4.547466142071165951e-02 4.638403278437293331e-02 4.714157362897645337e-02 4.773931532126070298e-02 4.817090841482331992e-02 4.843173491801430058e-02 4.851899054737398437e-02 4.843173491801430058e-02 4.817090841482331992e-02 4.773931532126070298e-02 4.714157362897645337e-02 4.638403278437293331e-02 4.547466142071165951e-02 4.442290785130743186e-02 4.323953673826795574e-02 4.193644588275997898e-02 4.052646749196818499e-02 3.902315855442167747e-02 3.744058509342328839e-02 3.579310506767203331e-02 3.409515455332320921e-02 3.236104158136070275e-02 3.060475163162661161e-02 2.883976831668768476e-02 2.707891224366200389e-02 2.533420044140463970e-02 2.361672810583437254e-02 2.193657376908731901e-02 2.030272835991093691e-02 1.872304801262099708e-02 1.720422991684376901e-02 1.575180999494006640e-02 1.437018075980926214e-02 1.306262735029808594e-02 1.183137947015955836e-02 1.067767677013510032e-02 9.601845110176379650e-03 8.603381115691513883e-03 7.681042491148469889e-03 6.832941668185374580e-03 6.056640533675081844e-03 5.349244195091438191e-03 4.707491985175065938e-03 4.127844174256802001e-03 3.606563136017334244e-03 3.139787991413966334e-03 2.723602027328205551e-03 2.354092443735307516e-03 2.027402220037796774e-03 1.739774103080408713e-03 1.487586903099074416e-03 1.267384437786598294e-03 1.075897588227351948e-03 9.100600241725537946e-04 7.670182215268466245e-04 6.441364341680639281e-04 5.389972980298436862e-04
6.236008859990176210e-04 7.452431626646330992e-04 8.874130617535091895e-04 1.052907388331414829e-03 1.244775607809511103e-03 1.466319147042048675e-03 1.721085642106046304e-03 2.012857348422214532e-03 2.345632947165428826e-03 2.723602027325279073e-03 3.151111598441720934e-03 3.632624097470733403e-03 4.172666496200649368e-03 4.775770293731413686e-03 5.446402391104203204e-03 6.188887090301190691e-03 7.007319733851838373e-03 7.905472798908309492e-03 8.886695574141961415e-03 9.953808870550934912e-03 1.110899653823457789e-02 1.235369586935980944e-02 1.368848925059652777e-02 1.511299967346006572e-02 1.662579290571307433e-02 1.822428925866546520e-02 1.990468794238844236e-02 2.166190697420922531e-02 2.348954148697203134e-02 2.537984306820817090e-02 2.732372244727054866e-02 2.931077743633122082e-02 3.132934752875567858e-02 3.336659597372796521e-02 3.540861949219922117e-02 3.744058509337873375e-02 3.944689271252813101e-02 4.141136164215119403e-02 4.331743799444356946e-02 4.514841973784831236e-02 4.688769521995347217e-02 4.851899054731623889e-02 5.002662076179459349e-02 5.139573945172948299e-02 5.261258128030722736e-02 5.366469191268726652e-02 5.454113998320996026e-02 5.523270606391109810e-02 5.573204406898177310e-02 5.603381114476574387e-02 5.613476283408957990e-02 5.603381114476574387e-02 5.573204406898177310e-02 5.523270606391109810e-02 5.454113998320996026e-02 5.366469191268726652e-02 5.261258128030722736e-02 5.139573945172948299e-02 5.002662076179459349e-02 4.851899054731623889e-02 4.688769521995347217e-02 4.514841973784831236e-02 4.331743799444356946e-02 4.141136164215119403e-02 3.944689271252813101e-02 3.744058509337873375e-02 3.540861949219922117e-02 3.336659597372796521e-02 3.132934752875567858e-02 2.931077743633122082e-02 2.732372244727054866e-02 2.537984306820817090e-02 2.348954148697203134e-02 2.166190697420922531e-02 1.990468794238844236e-02 1.822428925866141289e-02 1.662579290571307433e-02 1.511299967346006572e-02 1.368848925059652777e-02 1.235369586935980944e-02 1.110899653823457789e-02 9.953808870550934912e-03 8.886695574141961415e-03 7.905472798908309492e-03 7.007319733851838373e-03 6.188887090301190691e-03 5.446402391104203204e-03 4.775770293731413686e-03 4.172666496200649368e-03 3.632624097470733403e-03 3.151111598441720934e-03 2.723602027325279073e-03 2.345632947165428826e-03 2.012857348422214532e-03 1.721085642106046304e-03 1.466319147042048675e-03 1.244775607809511103e-03 1.052907388331414829e-03 8.874130617535091895e-04 7.452431626646330992e-04 6.236008859990176210e-04
7.188915831493883010e-04 8.591216739228289085e-04 1.023016155356185888e-03 1.213799204429691922e-03 1.434986266785597811e-03 1.690383251028575043e-03 1.984079897524786834e-03 2.320436417505995861e-03 2.704062519368802004e-03 3.139787991410644338e-03 3.632624097470792818e-03 4.187715166943280221e-03 4.810279925440678721e-03 5.505542317692928810e-03 6.278651819323557461e-03 7.134593516736027936e-03 8.078088550231203244e-03 9.113485858582589735e-03 1.024464652584159557e-02 1.147482240319982333e-02 1.280653104874695733e-02 1.424142938322272255e-02 1.578018878616574763e-02 1.742237463948537873e-02 1.916633354995068289e-02 2.100909163389971107e-02 2.294626731338657993e-02 2.497200204226229445e-02 2.707891224363841165e-02 2.925806549193379902e-02 3.149898361062262314e-02 3.378967488281713755e-02 3.611669699266596006e-02 3.846525164157174603e-02 4.081931102952520568e-02 4.316177557813929283e-02 4.547466142066720202e-02 4.773931532121784838e-02 4.993665383895887211e-02 5.204742275187529410e-02 5.405247202768000137e-02 5.593304100505290533e-02 5.767104795152139946e-02 5.924937781702491885e-02 6.065216182235431269e-02 6.186504252079703253e-02 6.287541815545781565e-02 6.367266050352023143e-02 6.424830094446802586e-02 6.459618019820763390e-02 6.471255803119188577e-02 6.459618019820763390e-02 6.424830094446802586e-02 6.367266050352023143e-02 6.287541815545781565e-02 6.186504252079703253e-02 6.065216182235431269e-02 5.924937781702491885e-02 5.767104795152139946e-02 5.593304100505290533e-02 5.405247202768000137e-02 5.204742275187529410e-02 4.993665383895887211e-02 4.773931532121784838e-02 4.547466142066720202e-02 4.316177557813929283e-02 4.081931102952520568e-02 3.846525164157174603e-02 3.611669699266596006e-02 3.378967488281713755e-02 3.149898361062262314e-02 2.925806549193379902e-02 2.707891224363841165e-02 2.497200204226229445e-02 2.294626731338657993e-02 2.100909163389504120e-02 1.916633354995068289e-02 1.742237463948537873e-02 1.578018878616574763e-02 1.424142938322272255e-02 1.280653104874695733e-02 1.147482240319982333e-02 1.024464652584159557e-02 9.113485858582589735e-03 8.078088550231203244e-03 7.134593516736027936e-03 6.278651819323557461e-03 5.505542317692928810e-03 4.810279925440678721e-03 4.187715166943280221e-03 3.632624097470792818e-03 3.139787991410644338e-03 2.704062519368802004e-03 2.320436417505995861e-03 1.984079897524786834e-03 1.690383251028575043e-03 1.434986266785597811e-03 1.213799204429691922e-03 1.023016155356185888e-03 8.591216739228289085e-04 7.188915831493883010e-04
8.257652713083477557e-04 9.868426043407214909e-04 1.175102383838839536e-03 1.394248107577936201e-03 1.648317843317582704e-03 1.941683303323129021e-03 2.279042227340324737e-03 2.665403035407954129e-03 3.106060736111447736e-03 3.606563136014800681e-03 4.172666496202201078e-03 4.810279925442389158e-03 5.525397988802424089e-03 6.324021246364427105e-03 7.212064718188487648e-03 8.195254596266472735e-03 9.279013887061119889e-03 1.046833806233810928e-02 1.176766221244206212e-02 1.318072162353354886e-02 1.471040812532332411e-02 1.635862496391448165e-02 1.812614332917745347e-02 2.001246399072207499e-02 2.201568775436953118e-02 2.413239862540445674e-02 2.635756364060118026e-02 2.868445329572904060e-02 3.110458633782105589e-02 3.360770240633562111e-02 3.618176559142974313e-02 3.881300143311337825e-02 4.148596921980191032e-02 4.418367067061047121e-02 4.688769521997760564e-02 4.957840118852216427e-02 5.223513114617894804e-02 5.483645878228107090e-02 5.736046362499967743e-02 5.978502903221693393e-02 6.208815804086108281e-02 6.424830094448401308e-02 6.624468789813139913e-02 6.805765945065928024e-02 6.966898769806084690e-02 7.106218075037966375e-02 7.222276341629971230e-02 7.313852743312430904e-02 7.379974519674435685e-02 7.419934176051040664e-02 7.433302085076698429e-02 7.419934176051040664e-02 7.379974519674435685e-02 7.313852743312430904e-02 7.222276341629971230e-02 7.106218075037966375e-02 6.966898769806084690e-02 6.805765945065928024e-02 6.624468789813139913e-02 6.424830094448401308e-02 6.208815804086108281e-02 5.978502903221693393e-02 5.736046362499967743e-02 5.483645878228107090e-02 5.223513114617894804e-02 4.957840118852216427e-02 4.688769521997760564e-02 4.418367067061047121e-02 4.148596921980191032e-02 3.881300143311337825e-02 3.618176559142974313e-02 3.360770240633562111e-02 3.110458633782105589e-02 2.868445329572904060e-02 2.635756364060118026e-02 2.413239862539909644e-02 2.201568775436953118e-02 2.001246399072207499e-02 1.812614332917745347e-02 1.635862496391448165e-02 1.471040812532332411e-02 1.318072162353354886e-02 1.176766221244206212e-02 1.046833806233810928e-02 9.279013887061119889e-03 8.195254596266472735e-03 7.212064718188487648e-03 6.324021246364427105e-03 5.525397988802424089e-03 4.810279925442389158e-03 4.172666496202201078e-03 3.606563136014800681e-03 3.106060736111447736e-03 2.665403035407954129e-03 2.279042227340324737e-03 1.941683303323129021e-03 1.648317843317582704e-03 1.394248107577936201e-03 1.175102383838839536e-03 9.868426043407214909e-04 8.257652713083477557e-04
9.451187282524587709e-04 1.129477661033258772e-03 1.344947903682770741e-03 1.595768245635513895e-03 1.886560403980022411e-03 2.222327964214589752e-03 2.608447662281536752e-03 3.050651819146735829e-03 3.555000766909669450e-03 4.127844174255297129e-03 4.775770293734803336e-03 5.505542317696745201e-03 6.324021246366563417e-03 7.238074941484954825e-03 8.254473361090869030e-03 9.379770342553259144e-03 1.062017271625050399e-02 1.198139798337361298e-02 1.346852226796392896e-02 1.508582074243230292e-02 1.683660321225677672e-02 1.872304801261200774e-02 2.074603779867243911e-02 2.290500118289265016e-02 2.519776446767435507e-02 2.762041792141068514e-02 3.016720113255556140e-02 3.283041193597653618e-02 3.560034322567551257e-02 3.846525164159191740e-02 4.141136164217730509e-02 4.442290785128849562e-02 4.748221780654032775e-02 5.056983635018932194e-02 5.366469191272969091e-02 5.674430386960325340e-02 5.978502903223024273e-02 6.276234419989942803e-02 6.565116058627237794e-02 6.842616488089886539e-02 7.106218075039927307e-02 7.353454376305172679e-02 7.581948206730072803e-02 7.789449469815186433e-02 7.973871914896771274e-02 8.133327984504963581e-02 8.266160939747595193e-02 8.370973500051723248e-02 8.446652305344708178e-02 8.492387601957780696e-02 8.507687665567510715e-02 8.492387601957780696e-02 8.446652305344708178e-02 8.370973500051723248e-02 8.266160939747595193e-02 8.133327984504963581e-02 7.973871914896771274e-02 7.789449469815186433e-02 7.581948206730072803e-02 7.353454376305172679e-02 7.106218075039927307e-02 6.842616488089886539e-02 6.565116058627237794e-02 6.276234419989942803e-02 5.978502903223024273e-02 5.674430386960325340e-02 5.366469191272969091e-02 5.056983635018932194e-02 4.748221780654032775e-02 4.442290785128849562e-02 4.141136164217730509e-02 3.846525164159191740e-02 3.560034322567551257e-02 3.283041193597653618e-02 3.016720113255556140e-02 2.762041792140454768e-02 2.519776446767435507e-02 2.290500118289265016e-02 2.074603779867243911e-02 1.872304801261200774e-02 1.683660321225677672e-02 1.508582074243230292e-02 1.346852226796392896e-02 1.198139798337361298e-02 1.062017271625050399e-02 9.379770342553259144e-03 8.254473361090869030e-03 7.238074941484954825e-03 6.324021246366563417e-03 5.505542317696745201e-03 4.775770293734803336e-03 4.127844174255297129e-03 3.555000766909669450e-03 3.050651819146735829e-03 2.608447662281536752e-03 2.222327964214589752e-03 1.886560403980022411e-03 1.595768245635513895e-03 1.344947903682770741e-03 1.129477661033258772e-03 9.451187282524587709e-04
1.077835947886367565e-03 1.288083273566315414e-03 1.533810679325019665e-03 1.819852181769571892e-03 2.151478497340216390e-03 2.534395834322927202e-03 2.974735950673281035e-03 3.479036121991840261e-03 4.054207695602163319e-03 4.707491985173349429e-03 5.446402391108069035e-03 6.278651819327911617e-03 7.212064718190924067e-03 8.254473361090869030e-03 9.413598369704090710e-03 1.069691389653830080e-02 1.211149835904970669e-02 1.366387213201402870e-02 1.535982414840247542e-02 1.720422991683643113e-02 1.920086401845379556e-02 2.135221067866204317e-02 2.365927649848192579e-02 2.612140985392355508e-02 2.873613180838221343e-02 3.149898361064865787e-02 3.440339594995443784e-02 3.744058509341165186e-02 4.059948082573208716e-02 4.386669073891037718e-02 4.722650487668529629e-02 5.066094402794703994e-02 5.414985409493309337e-02 5.767104795155984093e-02 6.120049507720293214e-02 6.471255803123673878e-02 6.818027355728706329e-02 7.157567481214822946e-02 7.487014994527059486e-02 7.803483105345039583e-02 8.104100644540342124e-02 8.386054821470970144e-02 8.646634637466769913e-02 8.883274028793297639e-02 9.093593785416437258e-02 9.275441291761137019e-02 9.426927163265572118e-02 9.546457907825764422e-02 9.632763823050505270e-02 9.684921446535507683e-02 9.702370004129964864e-02 9.684921446535507683e-02 9.632763823050505270e-02 9.546457907825764422e-02 9.426927163265572118e-02 9.275441291761137019e-02 9.093593785416437258e-02 8.883274028793297639e-02 8.646634637466769913e-02 8.386054821470970144e-02 8.104100644540342124e-02 7.803483105345039583e-02 7.487014994527059486e-02 7.157567481214822946e-02 6.818027355728706329e-02 6.471255803123673878e-02 6.120049507720293214e-02 5.767104795155984093e-02 5.414985409493309337e-02 5.066094402794703994e-02 4.722650487668529629e-02 4.386669073891037718e-02 4.059948082573208716e-02 3.744058509341165186e-02 3.440339594995443784e-02 3.149898361064166347e-02 2.873613180838221343e-02 2.612140985392355508e-02 2.365927649848192579e-02 2.135221067866204317e-02 1.920086401845379556e-02 1.720422991683643113e-02 1.535982414840247542e-02 1.366387213201402870e-02 1.211149835904970669e-02 1.069691389653830080e-02 9.413598369704090710e-03 8.254473361090869030e-03 7.212064718190924067e-03 6.278651819327911617e-03 5.446402391108069035e-03 4.707491985173349429e-03 4.054207695602163319e-03 3.479036121991840261e-03 2.974735950673281035e-03 2.534395834322927202e-03 2.151478497340216390e-03 1.819852181769571892e-03 1.533810679325019665e-03 1.288083273566315414e-03 1.077835947886367565e-03
1.224772703947451169e-03 1.463682146591034020e-03 1.742908516592203954e-03 2.067944831327496371e-03 2.444780341423518494e-03 2.879899158089778248e-03 3.380268955568286465e-03 3.953318208228869847e-03 4.606900457759383928e-03 5.349244195091148492e-03 6.188887090307504217e-03 7.134593516743189742e-03 8.195254596271784459e-03 9.379770342556170010e-03 1.069691389654161932e-02 1.215517832991918311e-02 1.376260703046462523e-02 1.552660926770589762e-02 1.745376315503958942e-02 1.954960885828503983e-02 2.181843553105194608e-02 2.426306606255223750e-02 2.688464427941037252e-02 2.968242972453023765e-02 3.265360551850247234e-02 3.579310506767200556e-02 3.909346349528394077e-02 4.254469961978561698e-02 4.613423407087636346e-02 4.984684871095623054e-02 5.366469191274679529e-02 5.756733343633170519e-02 6.153187166216427667e-02 6.553309478833761748e-02 6.954369631632560667e-02 7.353454376308302121e-02 7.747499808703638136e-02 8.133327984508857689e-02 8.507687665571130042e-02 8.867298517816098180e-02 9.208897957931519440e-02 9.529289739580476537e-02 9.825393285261206644e-02 1.009429271076638102e-01 1.033328445855326433e-01 1.053992245618978196e-01 1.071205974741314404e-01 1.084788560616922332e-01 1.094595723698071343e-01 1.100522528577094900e-01 1.102505253045216044e-01 1.100522528577094900e-01 1.094595723698071343e-01 1.084788560616922332e-01 1.071205974741314404e-01 1.053992245618978196e-01 1.033328445855326433e-01 1.009429271076638102e-01 9.825393285261206644e-02 9.529289739580476537e-02 9.208897957931519440e-02 8.867298517816098180e-02 8.507687665571130042e-02 8.133327984508857689e-02 7.747499808703638136e-02 7.353454376308302121e-02 6.954369631632560667e-02 6.553309478833761748e-02 6.153187166216427667e-02 5.756733343633170519e-02 5.366469191274679529e-02 4.984684871095623054e-02 4.613423407087636346e-02 4.254469961978561698e-02 3.909346349528394077e-02 3.579310506766405359e-02 3.265360551850247234e-02 2.968242972453023765e-02 2.688464427941037252e-02 2.426306606255223750e-02 2.181843553105194608e-02 1.954960885828503983e-02 1.745376315503958942e-02 1.552660926770589762e-02 1.376260703046462523e-02 1.215517832991918311e-02 1.069691389654161932e-02 9.379770342556170010e-03 8.195254596271784459e-03 7.134593516743189742e-03 6.188887090307504217e-03 5.349244195091148492e-03 4.606900457759383928e-03 3.953318208228869847e-03 3.380268955568286465e-03 2.879899158089778248e-03 2.444780341423518494e-03 2.067944831327496371e-03 1.742908516592203954e-03 1.463682146591034020e-03 1.224772703947451169e-03
1.386739459392613691e-03 1.657242835461947847e-03 1.973394741963121861e-03 2.341414605506983090e-03 2.768083708979196273e-03 3.260743637348411869e-03 3.827283486101858753e-03 4.476114088121850750e-03 5.216127555487171975e-03 6.056640533669213275e-03 7.007319733852576497e-03 8.078088550231921419e-03 9.279013887058646173e-03 1.062017271624408378e-02 1.211149835904238789e-02 1.376260703045203634e-02 1.558260579432242665e-02 1.757988373900160051e-02 1.976188888271042388e-02 2.213489403552090437e-02 2.470375555856747785e-02 2.747166964641511652e-02 3.043993138794824291e-02 3.360770240632367234e-02 3.697179331152909698e-02 4.052646749192748143e-02 4.426327289831642059e-02 4.817090841476980717e-02 5.223513114616594455e-02 5.643871047343543279e-02 6.076143402910667846e-02 6.518016983141233789e-02 6.966898769803608893e-02 7.419934176048008367e-02 7.874031444613513453e-02 8.325892072548621292e-02 8.772046977973001203e-02 9.208897957922276833e-02 9.632763823042798934e-02 1.003993044034789811e-01 1.042670377501457718e-01 1.078946490174913647e-01 1.112472586040546829e-01 1.142918516355142522e-01 1.169978172898524932e-01 1.193374601003827501e-01 1.212864713202036482e-01 1.228243491430508899e-01 1.239347576282738977e-01 1.246058155451733179e-01 1.248303079957468059e-01 1.246058155451733179e-01 1.239347576282738977e-01 1.228243491430508899e-01 1.212864713202036482e-01 1.193374601003827501e-01 1.169978172898524932e-01 1.142918516355142522e-01 1.112472586040546829e-01 1.078946490174913647e-01 1.042670377501457718e-01 1.003993044034789811e-01 9.632763823042798934e-02 9.208897957922276833e-02 8.772046977973001203e-02 8.325892072548621292e-02 7.874031444613513453e-02 7.419934176048008367e-02 6.966898769803608893e-02 6.518016983141233789e-02 6.076143402910667846e-02 5.643871047343543279e-02 5.223513114616594455e-02 4.817090841476980717e-02 4.426327289831642059e-02 4.052646749191847475e-02 3.697179331152909698e-02 3.360770240632367234e-02 3.043993138794824291e-02 2.747166964641511652e-02 2.470375555856747785e-02 2.213489403552090437e-02 1.976188888271042388e-02 1.757988373900160051e-02 1.558260579432242665e-02 1.376260703045203634e-02 1.211149835904238789e-02 1.062017271624408378e-02 9.279013887058646173e-03 8.078088550231921419e-03 7.007319733852576497e-03 6.056640533669213275e-03 5.216127555487171975e-03 4.476114088121850750e-03 3.827283486101858753e-03 3.260743637348411869e-03 2.768083708979196273e-03 2.341414605506983090e-03 1.973394741963121861e-03 1.657242835461947847e-03 1.386739459392613691e-03
1.564482782545329820e-03 1.869657537337565114e-03 2.226331756881736769e-03 2.641522033793042030e-03 3.122878832076332253e-03 3.678684733727997404e-03 4.317840007631298244e-03 5.049833533000080803e-03 5.884697155509099019e-03 6.832941668178878908e-03 7.905472798909287876e-03 9.113485858583568119e-03 1.046833806233551066e-02 1.198139798336659081e-02 1.366387213200602121e-02 1.552660926769197994e-02 1.757988373900192663e-02 1.983315989354122316e-02 2.229484038848653094e-02 2.497200204226208628e-02 2.787012367306201943e-02 3.099281114306375040e-02 3.434152553729506729e-02 3.791532102117429331e-02 4.171059940924037174e-02 4.572088880796237875e-02 4.993665383896424281e-02 5.434514488214232247e-02 5.893029347990672712e-02 6.367266050352704543e-02 6.854944289458476947e-02 7.353454376302885620e-02 7.859870936295390575e-02 8.370973500048228821e-02 8.883274028788329391e-02 9.393051238722363583e-02 9.896391403420859434e-02 1.038923512546223310e-01 1.086742938437528505e-01 1.132678399355331877e-01 1.176313144060634475e-01 1.217238894972888785e-01 1.255062149653130565e-01 1.289410443020813646e-01 1.319938431877678009e-01 1.346333663293273197e-01 1.368321892414069985e-01 1.385671823283972370e-01 1.398199158140979725e-01 1.405769856082608460e-01 1.408302520537743074e-01 1.405769856082608460e-01 1.398199158140979725e-01 1.385671823283972370e-01 1.368321892414069985e-01 1.346333663293273197e-01 1.319938431877678009e-01 1.289410443020813646e-01 1.255062149653130565e-01 1.217238894972888785e-01 1.176313144060634475e-01 1.132678399355331877e-01 1.086742938437528505e-01 1.038923512546223310e-01 9.896391403420859434e-02 9.393051238722363583e-02 8.883274028788329391e-02 8.370973500048228821e-02 7.859870936295390575e-02 7.353454376302885620e-02 6.854944289458476947e-02 6.367266050352704543e-02 5.893029347990672712e-02 5.434514488214232247e-02 4.993665383896424281e-02 4.572088880795222715e-02 4.171059940924037174e-02 3.791532102117429331e-02 3.434152553729506729e-02 3.099281114306375040e-02 2.787012367306201943e-02 2.497200204226208628e-02 2.229484038848653094e-02 1.983315989354122316e-02 1.757988373900192663e-02 1.552660926769197994e-02 1.366387213200602121e-02 1.198139798336659081e-02 1.046833806233551066e-02 9.113485858583568119e-03 7.905472798909287876e-03 6.832941668178878908e-03 5.884697155509099019e-03 5.049833533000080803e-03 4.317840007631298244e-03 3.678684733727997404e-03 3.122878832076332253e-03 2.641522033793042030e-03 2.226331756881736769e-03 1.869657537337565114e-03 1.564482782545329820e-03
1.758665493275872590e-03 2.101718364588938282e-03 2.502662784848330539e-03 2.969386242143016216e-03 3.510488771706999928e-03 4.135280984890428620e-03 4.853767846874450925e-03 5.676615991149337390e-03 6.615102410353738277e-03 7.681042491143486028e-03 8.886695574145741378e-03 1.024464652584578493e-02 1.176766221244269182e-02 1.346852226796009869e-02 1.535982414839810739e-02 1.745376315502920536e-02 1.976188888271674521e-02 2.229484038849325472e-02 2.506206326255204855e-02 2.807151269398420329e-02 3.132934752877348378e-02 3.483962118665431817e-02 3.860397610169486599e-02 4.262134904286460357e-02 4.688769521997512846e-02 5.139573945176142272e-02 5.613476283412149187e-02 6.109043327137567148e-02 6.624468789814198788e-02 7.157567481211833671e-02 7.705776065228008009e-02 8.266160939746639014e-02 8.835433634351369525e-02 9.409973956830697261e-02 9.985860935028292862e-02 1.055891140152868807e-01 1.112472586041001743e-01 1.167874106415783958e-01 1.221628852176857433e-01 1.273265796306360942e-01 1.322316460639187674e-01 1.368321892414336993e-01 1.410839747894538920e-01 1.449451331845869884e-01 1.483768437269254170e-01 1.513439829754708865e-01 1.538157225333888767e-01 1.557660619728537810e-01 1.571742840243541828e-01 1.580253208896046369e-01 1.583100226218950302e-01 1.580253208896046369e-01 1.571742840243541828e-01 1.557660619728537810e-01 1.538157225333888767e-01 1.513439829754708865e-01 1.483768437269254170e-01 1.449451331845869884e-01 1.410839747894538920e-01 1.368321892414336993e-01 1.322316460639187674e-01 1.273265796306360942e-01 1.221628852176857433e-01 1.167874106415783958e-01 1.112472586041001743e-01 1.055891140152868807e-01 9.985860935028292862e-02 9.409973956830697261e-02 8.835433634351369525e-02 8.266160939746639014e-02 7.705776065228008009e-02 7.157567481211833671e-02 6.624468789814198788e-02 6.109043327137567148e-02 5.613476283412149187e-02 5.139573945175000130e-02 4.688769521997512846e-02 4.262134904286460357e-02 3.860397610169486599e-02 3.483962118665431817e-02 3.132934752877348378e-02 2.807151269398420329e-02 2.506206326255204855e-02 2.229484038849325472e-02 1.976188888271674521e-02 1.745376315502920536e-02 1.535982414839810739e-02 1.346852226796009869e-02 1.176766221244269182e-02 1.024464652584578493e-02 8.886695574145741378e-03 7.681042491143486028e-03 6.615102410353738277e-03 5.676615991149337390e-03 4.853767846874450925e-03 4.135280984890428620e-03 3.510488771706999928e-03 2.969386242143016216e-03 2.502662784848330539e-03 2.101718364588938282e-03 1.758665493275872590e-03
1.969845826410724157e-03 2.354092443733904992e-03 2.803182219982070303e-03 3.325949771830376007e-03 3.932027825671338857e-03 4.631845009905041950e-03 5.436607684684009560e-03 6.358263331517944456e-03 7.409443082915353335e-03 8.603381115688375769e-03 9.953808870558000441e-03 1.147482240320778051e-02 1.318072162353800363e-02 1.508582074243230292e-02 1.720422991683643113e-02 1.954960885827896830e-02 2.213489403553428256e-02 2.497200204227671694e-02 2.807151269399218302e-02 3.144233643788583304e-02 3.509137167339919372e-02 3.902315855440294939e-02 4.323953673824335736e-02 4.773931532124033039e-02 5.251796381530400570e-02 5.756733343631026401e-02 6.287541815548912394e-02 6.842616488089886539e-02 7.419934176053480379e-02 8.017047291839120293e-02 8.631084694264802570e-02 9.258760514638143813e-02 9.896391403425254529e-02 1.053992245618529250e-01 1.118496187091432836e-01 1.182682416597526237e-01 1.246058155452453020e-01 1.308112283485517446e-01 1.368321892414604557e-01 1.426159394356282806e-01 1.481100056345797111e-01 1.532629814631835397e-01 1.580253208896313377e-01 1.623501267033828355e-01 1.661939166197263229e-01 1.695173495792481333e-01 1.722858953150660788e-01 1.744704312712233030e-01 1.760477524510689062e-01 1.770009817169781730e-01 1.773198703977809654e-01 1.770009817169781730e-01 1.760477524510689062e-01 1.744704312712233030e-01 1.722858953150660788e-01 1.695173495792481333e-01 1.661939166197263229e-01 1.623501267033828355e-01 1.580253208896313377e-01 1.532629814631835397e-01 1.481100056345797111e-01 1.426159394356282806e-01 1.368321892414604557e-01 1.308112283485517446e-01 1.246058155452453020e-01 1.182682416597526237e-01 1.118496187091432836e-01 1.053992245618529250e-01 9.896391403425254529e-02 9.258760514638143813e-02 8.631084694264802570e-02 8.017047291839120293e-02 7.419934176053480379e-02 6.842616488089886539e-02 6.287541815548912394e-02 5.756733343629747562e-02 5.251796381530400570e-02 4.773931532124033039e-02 4.323953673824335736e-02 3.902315855440294939e-02 3.509137167339919372e-02 3.144233643788583304e-02 2.807151269399218302e-02 2.497200204227671694e-02 2.213489403553428256e-02 1.954960885827896830e-02 1.720422991683643113e-02 1.508582074243230292e-02 1.318072162353800363e-02 1.147482240320778051e-02 9.953808870558000441e-03 8.603381115688375769e-03 7.409443082915353335e-03 6.358263331517944456e-03 5.436607684684009560e-03 4.631845009905041950e-03 3.932027825671338857e-03 3.325949771830376007e-03 2.803182219982070303e-03 2.354092443733904992e-03 1.969845826410724157e-03
2.198455963042955045e-03 2.627296258972336516e-03 3.128505076077268358e-03 3.711942331032592156e-03 4.388358674723803060e-03 5.169393028321853101e-03 6.067552304282023551e-03 7.096170547135205800e-03 8.269344793416445044e-03 9.601845110172878978e-03 1.110899653824246394e-02 1.280653104875583564e-02 1.471040812532829235e-02 1.683660321225677672e-02 1.920086401845379556e-02 2.181843553104517372e-02 2.470375555858241035e-02 2.787012367307835012e-02 3.132934752878238638e-02 3.509137167339919372e-02 3.916389509899418503e-02 4.355198486625623533e-02 4.825769413366538807e-02 5.327969378740885636e-02 5.861292755433922946e-02 6.424830094451770834e-02 7.017241457146040917e-02 7.636735230425420462e-02 8.281053428660442584e-02 8.947464409870090063e-02 9.632763823049991792e-02 1.033328445855171140e-01 1.104491549631096692e-01 1.176313144061230109e-01 1.248303079958533457e-01 1.319938431878451834e-01 1.390669231786655635e-01 1.459925041544264390e-01 1.527122266833629005e-01 1.591672090645413762e-01 1.652988882216080979e-01 1.710498918209365504e-01 1.763649237740645137e-01 1.811916442223187318e-01 1.854815245515155087e-01 1.891906579819968848e-01 1.922805068423802111e-01 1.947185687632192463e-01 1.964789456957551084e-01 1.975428018289042131e-01 1.978986990836326676e-01 1.975428018289042131e-01 1.964789456957551084e-01 1.947185687632192463e-01 1.922805068423802111e-01 1.891906579819968848e-01 1.854815245515155087e-01 1.811916442223187318e-01 1.763649237740645137e-01 1.710498918209365504e-01 1.652988882216080979e-01 1.591672090645413762e-01 1.527122266833629005e-01 1.459925041544264390e-01 1.390669231786655635e-01 1.319938431878451834e-01 1.248303079958533457e-01 1.176313144061230109e-01 1.104491549631096692e-01 1.033328445855171140e-01 9.632763823049991792e-02 8.947464409870090063e-02 8.281053428660442584e-02 7.636735230425420462e-02 7.017241457146040917e-02 6.424830094450344198e-02 5.861292755433922946e-02 5.327969378740885636e-02 4.825769413366538807e-02 4.355198486625623533e-02 3.916389509899418503e-02 3.509137167339919372e-02 3.132934752878238638e-02 2.787012367307835012e-02 2.470375555858241035e-02 2.181843553104517372e-02 1.920086401845379556e-02 1.683660321225677672e-02 1.471040812532829235e-02 1.280653104875583564e-02 1.110899653824246394e-02 9.601845110172878978e-03 8.269344793416445044e-03 7.096170547135205800e-03 6.067552304282023551e-03 5.169393028321853101e-03 4.388358674723803060e-03 3.711942331032592156e-03 3.128505076077268358e-03 2.627296258972336516e-03 2.198455963042955045e-03
2.444780341423732732e-03 2.921669732306657156e-03 3.479036121993325618e-03 4.127844174256837563e-03 4.880049088739212178e-03 5.748593860957509905e-03 6.747386731156972822e-03 7.891255747062364892e-03 9.195877437279471184e-03 1.067767677013396234e-02 1.235369586937176169e-02 1.424142938323626727e-02 1.635862496392422386e-02 1.872304801261683721e-02 2.135221067866754918e-02 2.426306606255096074e-02 2.747166964643880244e-02 3.099281114308990309e-02 3.483962118667320584e-02 3.902315855441301079e-02 4.355198486626746940e-02 4.843173491800652902e-02 5.366469191273918332e-02 5.924937781707492052e-02 6.518016983146736332e-02 7.144695448055410347e-02 7.803483105346635529e-02 8.492387601960493804e-02 9.208897957931523603e-02 9.949976466465840219e-02 1.071205974741200606e-01 1.149106970131882760e-01 1.228243491431709467e-01 1.308112283485865779e-01 1.388168278702834046e-01 1.467829960841957049e-01 1.546485741105758926e-01 1.623501267034433981e-01 1.698227555915049480e-01 1.770009817170347388e-01 1.838196803469428764e-01 1.902150509067582207e-01 1.961256016985332973e-01 2.014931284826980695e-01 2.062636652922523739e-01 2.103883858447655741e-01 2.138244345438625460e-01 2.165356673160627465e-01 2.184932843848179096e-01 2.196763394944713788e-01 2.200721129948522425e-01 2.196763394944713788e-01 2.184932843848179096e-01 2.165356673160627465e-01 2.138244345438625460e-01 2.103883858447655741e-01 2.062636652922523739e-01 2.014931284826980695e-01 1.961256016985332973e-01 1.902150509067582207e-01 1.838196803469428764e-01 1.770009817170347388e-01 1.698227555915049480e-01 1.623501267034433981e-01 1.546485741105758926e-01 1.467829960841957049e-01 1.388168278702834046e-01 1.308112283485865779e-01 1.228243491431709467e-01 1.149106970131882760e-01 1.071205974741200606e-01 9.949976466465840219e-02 9.208897957931523603e-02 8.492387601960493804e-02 7.803483105346635529e-02 7.144695448053822728e-02 6.518016983146736332e-02 5.924937781707492052e-02 5.366469191273918332e-02 4.843173491800652902e-02 4.355198486626746940e-02 3.902315855441301079e-02 3.483962118667320584e-02 3.099281114308990309e-02 2.747166964643880244e-02 2.426306606255096074e-02 2.135221067866754918e-02 1.872304801261683721e-02 1.635862496392422386e-02 1.424142938323626727e-02 1.235369586937176169e-02 1.067767677013396234e-02 9.195877437279471184e-03 7.891255747062364892e-03 6.747386731156972822e-03 5.748593860957509905e-03 4.880049088739212178e-03 4.127844174256837563e-03 3.479036121993325618e-03 2.921669732306657156e-03 2.444780341423732732e-03
2.708934215114157038e-03 3.237350599154360190e-03 3.854939368907631808e-03 4.573849899247819928e-03 5.407329126437478324e-03 6.369718512082855194e-03 7.476429055378429854e-03 8.743890946449815044e-03 1.018947453305173514e-02 1.183137947014936513e-02 1.368848925059944037e-02 1.578018878616884585e-02 1.812614332917457036e-02 2.074603779866212791e-02 2.365927649847016437e-02 2.688464427938866419e-02 3.043993138795151460e-02 3.434152553729812041e-02 3.860397610168665727e-02 4.323953673822186761e-02 4.825769413364140031e-02 5.366469191269868100e-02 5.946305997426323819e-02 6.565116058624322071e-02 7.222276341627795193e-02 7.916666224719581813e-02 8.646634637461242390e-02 9.409973956827859254e-02 1.020390189623660154e-01 1.102505253044256811e-01 1.186947746283518179e-01 1.273265796306112529e-01 1.360952868466291932e-01 1.449451331845355018e-01 1.538157225333506573e-01 1.626426200964481983e-01 1.713580588932535065e-01 1.798917496199100297e-01 1.881717818701415246e-01 1.961256016983678185e-01 2.036810477677489239e-01 2.107674259728879729e-01 2.173166005546360025e-01 2.232640784158568814e-01 2.285500626692877624e-01 2.331204514453937282e-01 2.369277586819864834e-01 2.399319350070770185e-01 2.421010688829466628e-01 2.434119508507882057e-01 2.438504869263821706e-01 2.434119508507882057e-01 2.421010688829466628e-01 2.399319350070770185e-01 2.369277586819864834e-01 2.331204514453937282e-01 2.285500626692877624e-01 2.232640784158568814e-01 2.173166005546360025e-01 2.107674259728879729e-01 2.036810477677489239e-01 1.961256016983678185e-01 1.881717818701415246e-01 1.798917496199100297e-01 1.713580588932535065e-01 1.626426200964481983e-01 1.538157225333506573e-01 1.449451331845355018e-01 1.360952868466291932e-01 1.273265796306112529e-01 1.186947746283518179e-01 1.102505253044256811e-01 1.020390189623660154e-01 9.409973956827859254e-02 8.646634637461242390e-02 7.916666224717822109e-02 7.222276341627795193e-02 6.565116058624322071e-02 5.946305997426323819e-02 5.366469191269868100e-02 4.825769413364140031e-02 4.323953673822186761e-02 3.860397610168665727e-02 3.434152553729812041e-02 3.043993138795151460e-02 2.688464427938866419e-02 2.365927649847016437e-02 2.074603779866212791e-02 1.812614332917457036e-02 1.578018878616884585e-02 1.368848925059944037e-02 1.183137947014936513e-02 1.018947453305173514e-02 8.743890946449815044e-03 7.476429055378429854e-03 6.369718512082855194e-03 5.407329126437478324e-03 4.573849899247819928e-03 3.854939368907631808e-03 3.237350599154360190e-03 2.708934215114157038e-03
2.990842974630063787e-03 3.574249696383720049e-03 4.256108644054457969e-03 5.049833533001204036e-03 5.970049859123850895e-03 7.032591546868276720e-03 8.254473361087638975e-03 9.653835320994974892e-03 1.124985544215789668e-02 1.306262735028706004e-02 1.511299967346354731e-02 1.742237463948910145e-02 2.001246399071924045e-02 2.290500118288166936e-02 2.612140985391102690e-02 2.968242972450679112e-02 3.360770240632787037e-02 3.791532102117833175e-02 4.262134904285629078e-02 4.773931532121743898e-02 5.327969378738330736e-02 5.924937781703124018e-02 6.565116058624435869e-02 7.248323393021235961e-02 7.973871914894078983e-02 8.740524383570488776e-02 9.546457907821188915e-02 1.038923512546223310e-01 1.126578420764180744e-01 1.217238894973018126e-01 1.310469006009231663e-01 1.405769856082833003e-01 1.502582197361892191e-01 1.600290368341479030e-01 1.698227555914024189e-01 1.795682357204785584e-01 1.891906579819010448e-01 1.986124183240623453e-01 2.077541228908052207e-01 2.165356673159146705e-01 2.248773806992544755e-01 2.327012120614784241e-01 2.399319350071153767e-01 2.464983448810630362e-01 2.523344219552760004e-01 2.573804341788576977e-01 2.615839537908471457e-01 2.649007636293128076e-01 2.672956312408924506e-01 2.687429318442860482e-01 2.692271047464901979e-01 2.687429318442860482e-01 2.672956312408924506e-01 2.649007636293128076e-01 2.615839537908471457e-01 2.573804341788576977e-01 2.523344219552760004e-01 2.464983448810630362e-01 2.399319350071153767e-01 2.327012120614784241e-01 2.248773806992544755e-01 2.165356673159146705e-01 2.077541228908052207e-01 1.986124183240623453e-01 1.891906579819010448e-01 1.795682357204785584e-01 1.698227555914024189e-01 1.600290368341479030e-01 1.502582197361892191e-01 1.405769856082833003e-01 1.310469006009231663e-01 1.217238894973018126e-01 1.126578420764180744e-01 1.038923512546223310e-01 9.546457907821188915e-02 8.740524383568545885e-02 7.973871914894078983e-02 7.248323393021235961e-02 6.565116058624435869e-02 5.924937781703124018e-02 5.327969378738330736e-02 4.773931532121743898e-02 4.262134904285629078e-02 3.791532102117833175e-02 3.360770240632787037e-02 2.968242972450679112e-02 2.612140985391102690e-02 2.290500118288166936e-02 2.001246399071924045e-02 1.742237463948910145e-02 1.511299967346354731e-02 1.306262735028706004e-02 1.124985544215789668e-02 9.653835320994974892e-03 8.254473361087638975e-03 7.032591546868276720e-03 5.970049859123850895e-03 5.049833533001204036e-03 4.256108644054457969e-03 3.574249696383720049e-03 2.990842974630063787e-03
3.290222787276370162e-03 3.932027825670775072e-03 4.682140040308871258e-03 5.555315843449793421e-03 6.567644725679717792e-03 7.736545568386187129e-03 9.080736294079634618e-03 1.062017271624898437e-02 1.237595254693413249e-02 1.437018075980069955e-02 1.662579290572103324e-02 1.916633354995953692e-02 2.201568775437187653e-02 2.519776446766852640e-02 2.873613180837556944e-02 3.265360551848478510e-02 3.697179331154289844e-02 4.171059940925517240e-02 4.688769521997761258e-02 5.251796381529186264e-02 5.861292755432566393e-02 6.518016983143548604e-02 7.222276341629714491e-02 7.973871914896057955e-02 8.772046977977056292e-02 9.615440443885377164e-02 1.050204695215503914e-01 1.142918516355609926e-01 1.239347576283443553e-01 1.339083055771159991e-01 1.441645389666204591e-01 1.546485741105168288e-01 1.652988882215522259e-01 1.760477524510391523e-01 1.868218107685877538e-01 1.975428018288427068e-01 2.081284170757426999e-01 2.184932843847227912e-01 2.285500626693688642e-01 2.382106292120000912e-01 2.473873381504516633e-01 2.559943256954868018e-01 2.639488353792188713e-01 2.711725350455416739e-01 2.775927964704170137e-01 2.831439084959345154e-01 2.877681954048256774e-01 2.914170139500159573e-01 2.940516049516061492e-01 2.956437786182672389e-01 2.961764166501956175e-01 2.956437786182672389e-01 2.940516049516061492e-01 2.914170139500159573e-01 2.877681954048256774e-01 2.831439084959345154e-01 2.775927964704170137e-01 2.711725350455416739e-01 2.639488353792188713e-01 2.559943256954868018e-01 2.473873381504516633e-01 2.382106292120000912e-01 2.285500626693688642e-01 2.184932843847227912e-01 2.081284170757426999e-01 1.975428018288427068e-01 1.868218107685877538e-01 1.760477524510391523e-01 1.652988882215522259e-01 1.546485741105168288e-01 1.441645389666204591e-01 1.339083055771159991e-01 1.239347576283443553e-01 1.142918516355609926e-01 1.050204695215503914e-01 9.615440443883241373e-02 8.772046977977056292e-02 7.973871914896057955e-02 7.222276341629714491e-02 6.518016983143548604e-02 5.861292755432566393e-02 5.251796381529186264e-02 4.688769521997761258e-02 4.171059940925517240e-02 3.697179331154289844e-02 3.265360551848478510e-02 2.873613180837556944e-02 2.519776446766852640e-02 2.201568775437187653e-02 1.916633354995953692e-02 1.662579290572103324e-02 1.437018075980069955e-02 1.237595254693413249e-02 1.062017271624898437e-02 9.080736294079634618e-03 7.736545568386187129e-03 6.567644725679717792e-03 5.555315843449793421e-03 4.682140040308871258e-03 3.932027825670775072e-03 3.290222787276370162e-03
3.606563136015791208e-03 4.310074886324518663e-03 5.132307068184878765e-03 6.089434857539194508e-03 7.199094678233835046e-03 8.480380159954266014e-03 9.953808870559415975e-03 1.164125528662171560e-02 1.356584557175282563e-02 1.575180999493432099e-02 1.822428925867435046e-02 2.100909163390960940e-02 2.413239862540724617e-02 2.762041792140454768e-02 3.149898361064166347e-02 3.579310506765294442e-02 4.052646749194296905e-02 4.572088880797901822e-02 5.139573945176461461e-02 5.756733343629747562e-02 6.424830094450344198e-02 7.144695448051979758e-02 7.916666224721755074e-02 8.740524383572736977e-02 9.615440443885464594e-02 1.053992245618697726e-01 1.151177225348413713e-01 1.252805069765558776e-01 1.358505356725235869e-01 1.467829960841487147e-01 1.580253208896312822e-01 1.695173495792662022e-01 1.811916442222880896e-01 1.929739641411762907e-01 2.047839004481097902e-01 2.165356673159934964e-01 2.281390425856418547e-01 2.395004459808226238e-01 2.505241389564928922e-01 2.611135261859585110e-01 2.711725350455874706e-01 2.806070463230949108e-01 2.893263468827316776e-01 2.972445732785119477e-01 3.042821144043234560e-01 3.103669412654547211e-01 3.154358328798650968e-01 3.194354691677128155e-01 3.223233644256140451e-01 3.240686185386549290e-01 3.246524673583220388e-01 3.240686185386549290e-01 3.223233644256140451e-01 3.194354691677128155e-01 3.154358328798650968e-01 3.103669412654547211e-01 3.042821144043234560e-01 2.972445732785119477e-01 2.893263468827316776e-01 2.806070463230949108e-01 2.711725350455874706e-01 2.611135261859585110e-01 2.505241389564928922e-01 2.395004459808226238e-01 2.281390425856418547e-01 2.165356673159934964e-01 2.047839004481097902e-01 1.929739641411762907e-01 1.811916442222880896e-01 1.695173495792662022e-01 1.580253208896312822e-01 1.467829960841487147e-01 1.358505356725235869e-01 1.252805069765558776e-01 1.151177225348413713e-01 1.053992245618463469e-01 9.615440443885464594e-02 8.740524383572736977e-02 7.916666224721755074e-02 7.144695448051979758e-02 6.424830094450344198e-02 5.756733343629747562e-02 5.139573945176461461e-02 4.572088880797901822e-02 4.052646749194296905e-02 3.579310506765294442e-02 3.149898361064166347e-02 2.762041792140454768e-02 2.413239862540724617e-02 2.100909163390960940e-02 1.822428925867435046e-02 1.575180999493432099e-02 1.356584557175282563e-02 1.164125528662171560e-02 9.953808870559415975e-03 8.480380159954266014e-03 7.199094678233835046e-03 6.089434857539194508e-03 5.132307068184878765e-03 4.310074886324518663e-03 3.606563136015791208e-03
3.939111849467483682e-03 4.707491985172554058e-03 5.605539352827305227e-03 6.650920585405759727e-03 7.862898300401481577e-03 9.262326685057798228e-03 1.087161516120578250e-02 1.271465517524959614e-02 1.481670527436555404e-02 1.720422991683749625e-02 1.990468794240256994e-02 2.294626731340248735e-02 2.635756364061008980e-02 3.016720113255556140e-02 3.440339594995443784e-02 3.909346349527181158e-02 4.426327289834317003e-02 4.993665383899350413e-02 5.613476283413744439e-02 6.287541815548912394e-02 7.017241457146040917e-02 7.803483105344623250e-02 8.646634637465538953e-02 9.546457907825765810e-02 1.050204695215746775e-01 1.151177225348669481e-01 1.257323295944425268e-01 1.368321892414763041e-01 1.483768437269913365e-01 1.603173485031922640e-01 1.725962891973402968e-01 1.851479581071960312e-01 1.978986990836326676e-01 2.107674259730171473e-01 2.236663156620771475e-01 2.365016723092919215e-01 2.491749546822113748e-01 2.615839537909796508e-01 2.736241033704279180e-01 2.851899013728630972e-01 2.961764166502957596e-01 3.064808515833880032e-01 3.160041286918754411e-01 3.246524673583769394e-01 3.323389158120211295e-01 3.389848035136069915e-01 3.445210800929899841e-01 3.488895090101740148e-01 3.520436871020031222e-01 3.539498650608357000e-01 3.545875485609196187e-01 3.539498650608357000e-01 3.520436871020031222e-01 3.488895090101740148e-01 3.445210800929899841e-01 3.389848035136069915e-01 3.323389158120211295e-01 3.246524673583769394e-01 3.160041286918754411e-01 3.064808515833880032e-01 2.961764166502957596e-01 2.851899013728630972e-01 2.736241033704279180e-01 2.615839537909796508e-01 2.491749546822113748e-01 2.365016723092919215e-01 2.236663156620771475e-01 2.107674259730171473e-01 1.978986990836326676e-01 1.851479581071960312e-01 1.725962891973402968e-01 1.603173485031922640e-01 1.483768437269913365e-01 1.368321892414763041e-01 1.257323295944425268e-01 1.151177225348413713e-01 1.050204695215746775e-01 9.546457907825765810e-02 8.646634637465538953e-02 7.803483105344623250e-02 7.017241457146040917e-02 6.287541815548912394e-02 5.613476283413744439e-02 4.993665383899350413e-02 4.426327289834317003e-02 3.909346349527181158e-02 3.440339594995443784e-02 3.016720113255556140e-02 2.635756364061008980e-02 2.294626731340248735e-02 1.990468794240256994e-02 1.720422991683749625e-02 1.481670527436555404e-02 1.271465517524959614e-02 1.087161516120578250e-02 9.262326685057798228e-03 7.862898300401481577e-03 6.650920585405759727e-03 5.605539352827305227e-03 4.707491985172554058e-03 3.939111849467483682e-03
4.286863209870968826e-03 5.123077224813201228e-03 6.100405711091412900e-03 7.238074941488100746e-03 8.557048069479126703e-03 1.008002032472070722e-02 1.183137947015871355e-02 1.383712612891190193e-02 1.612474871480623975e-02 1.872304801261798560e-02 2.166190697422901504e-02 2.497200204228470360e-02 2.868445329574458025e-02 3.283041193598322527e-02 3.744058509341929158e-02 4.254469961978109283e-02 4.817090841480874824e-02 5.434514488218525341e-02 6.109043327140549484e-02 6.842616488091282645e-02 7.636735230426978938e-02 8.492387601960035837e-02 9.409973956834453979e-02 1.038923512546933436e-01 1.142918516356107445e-01 1.252805069766092516e-01 1.368321892415042262e-01 1.489119630011737361e-01 1.614757988291197488e-01 1.744704312712790362e-01 1.878333773183801791e-01 2.014931284826980418e-01 2.153695261274792550e-01 2.293743256782809214e-01 2.434119508509935137e-01 2.573804341790199568e-01 2.711725350456452577e-01 2.846770212810111889e-01 2.977800953357521707e-01 3.103669412655373772e-01 3.223233644257170738e-01 3.335374920517590325e-01 3.439014999382830617e-01 3.533133283586772921e-01 3.616783492947929779e-01 3.689109470410879554e-01 3.749359753456373290e-01 3.796900564496161201e-01 3.831226906412731337e-01 3.851971491678292669e-01 3.858911284302919964e-01 3.851971491678292669e-01 3.831226906412731337e-01 3.796900564496161201e-01 3.749359753456373290e-01 3.689109470410879554e-01 3.616783492947929779e-01 3.533133283586772921e-01 3.439014999382830617e-01 3.335374920517590325e-01 3.223233644257170738e-01 3.103669412655373772e-01 2.977800953357521707e-01 2.846770212810111889e-01 2.711725350456452577e-01 2.573804341790199568e-01 2.434119508509935137e-01 2.293743256782809214e-01 2.153695261274792550e-01 2.014931284826980418e-01 1.878333773183801791e-01 1.744704312712790362e-01 1.614757988291197488e-01 1.489119630011737361e-01 1.368321892415042262e-01 1.252805069765814128e-01 1.142918516356107445e-01 1.038923512546933436e-01 9.409973956834453979e-02 8.492387601960035837e-02 7.636735230426978938e-02 6.842616488091282645e-02 6.109043327140549484e-02 5.434514488218525341e-02 4.817090841480874824e-02 4.254469961978109283e-02 3.744058509341929158e-02 3.283041193598322527e-02 2.868445329574458025e-02 2.497200204228470360e-02 2.166190697422901504e-02 1.872304801261798560e-02 1.612474871480623975e-02 1.383712612891190193e-02 1.183137947015871355e-02 1.008002032472070722e-02 8.557048069479126703e-03 7.238074941488100746e-03 6.100405711091412900e-03 5.123077224813201228e-03 4.286863209870968826e-03
4.648549702347399941e-03 5.555315843452108410e-03 6.615102410357974472e-03 7.848757813719794280e-03 9.279013887067057847e-03 1.093048067692986916e-02 1.282960356367910532e-02 1.500457686631734462e-02 1.748520822079025275e-02 2.030272835990750563e-02 2.348954148699329211e-02 2.707891224366248267e-02 3.110458633783764332e-02 3.560034322568247228e-02 4.059948082574002526e-02 4.613423407087106215e-02 5.223513114620772363e-02 5.893029347995278749e-02 6.624468789817378189e-02 7.419934176054930608e-02 8.281053428662062121e-02 9.208897957930949063e-02 1.020390189624366672e-01 1.126578420764941246e-01 1.239347576283972296e-01 1.358505356725803470e-01 1.483768437270203411e-01 1.614757988291183610e-01 1.750996567501874046e-01 1.891906579820488710e-01 2.036810477679188991e-01 2.184932843848509110e-01 2.335404461400410192e-01 2.487268431851833994e-01 2.639488353793876807e-01 2.790958521694794081e-01 2.940516049517628572e-01 3.086954767984818049e-01 3.229040689590036428e-01 3.365528783648341626e-01 3.495180756667713995e-01 3.616783492948380530e-01 3.729167778187744142e-01 3.831226906413310318e-01 3.921934758936276300e-01 4.000362943962851858e-01 4.065696597407302271e-01 4.117248469298034341e-01 4.154470955457967296e-01 4.176965779981292592e-01 4.184491089131647801e-01 4.176965779981292592e-01 4.154470955457967296e-01 4.117248469298034341e-01 4.065696597407302271e-01 4.000362943962851858e-01 3.921934758936276300e-01 3.831226906413310318e-01 3.729167778187744142e-01 3.616783492948380530e-01 3.495180756667713995e-01 3.365528783648341626e-01 3.229040689590036428e-01 3.086954767984818049e-01 2.940516049517628572e-01 2.790958521694794081e-01 2.639488353793876807e-01 2.487268431851833994e-01 2.335404461400410192e-01 2.184932843848509110e-01 2.036810477679188991e-01 1.891906579820488710e-01 1.750996567501874046e-01 1.614757988291183610e-01 1.483768437270203411e-01 1.358505356725501767e-01 1.239347576283972296e-01 1.126578420764941246e-01 1.020390189624366672e-01 9.208897957930949063e-02 8.281053428662062121e-02 7.419934176054930608e-02 6.624468789817378189e-02 5.893029347995278749e-02 5.223513114620772363e-02 4.613423407087106215e-02 4.059948082574002526e-02 3.560034322568247228e-02 3.110458633783764332e-02 2.707891224366248267e-02 2.348954148699329211e-02 2.030272835990750563e-02 1.748520822079025275e-02 1.500457686631734462e-02 1.282960356367910532e-02 1.093048067692986916e-02 9.279013887067057847e-03 7.848757813719794280e-03 6.615102410357974472e-03 5.555315843452108410e-03 4.648549702347399941e-03
5.022637926147281197e-03 6.002375328580322571e-03 7.147447350048627586e-03 8.480380159951179941e-03 1.002573491747241370e-02 1.181010214244777000e-02 1.386205538553867897e-02 1.621205788043987919e-02 1.889231600814669787e-02 2.193657376907113751e-02 2.537984306821671615e-02 2.925806549194316999e-02 3.360770240633443456e-02 3.846525164157756776e-02 4.386669073889401527e-02 4.984684871092216057e-02 5.643871047344849179e-02 6.367266050354060403e-02 7.157567481211198068e-02 8.017047291836131018e-02 8.947464409866753843e-02 9.949976466459563296e-02 1.102505253044393507e-01 1.217238894973147745e-01 1.339083055770970421e-01 1.467829960841265935e-01 1.603173485031324508e-01 1.744704312711783667e-01 1.891906579819413181e-01 2.044156209782058420e-01 2.200721129947192933e-01 2.360763522019933003e-01 2.523344219553029233e-01 2.687429318443002590e-01 2.851899013727794419e-01 3.015558619130069840e-01 3.177151666313038358e-01 3.335374920516021024e-01 3.488895090100436747e-01 3.636366951558350213e-01 3.776452560744821274e-01 3.907841177469332239e-01 4.029269495867464079e-01 4.139541748711486058e-01 4.237549241252904220e-01 4.322288870129940008e-01 4.392880195738043669e-01 4.448580662227953342e-01 4.488798597425669445e-01 4.513103674498595286e-01 4.521234576729342702e-01 4.513103674498595286e-01 4.488798597425669445e-01 4.448580662227953342e-01 4.392880195738043669e-01 4.322288870129940008e-01 4.237549241252904220e-01 4.139541748711486058e-01 4.029269495867464079e-01 3.907841177469332239e-01 3.776452560744821274e-01 3.636366951558350213e-01 3.488895090100436747e-01 3.335374920516021024e-01 3.177151666313038358e-01 3.015558619130069840e-01 2.851899013727794419e-01 2.687429318443002590e-01 2.523344219553029233e-01 2.360763522019933003e-01 2.200721129947192933e-01 2.044156209782058420e-01 1.891906579819413181e-01 1.744704312711783667e-01 1.603173485031324508e-01 1.467829960840939807e-01 1.339083055770970421e-01 1.217238894973147745e-01 1.102505253044393507e-01 9.949976466459563296e-02 8.947464409866753843e-02 8.017047291836131018e-02 7.157567481211198068e-02 6.367266050354060403e-02 5.643871047344849179e-02 4.984684871092216057e-02 4.386669073889401527e-02 3.846525164157756776e-02 3.360770240633443456e-02 2.925806549194316999e-02 2.537984306821671615e-02 2.193657376907113751e-02 1.889231600814669787e-02 1.621205788043987919e-02 1.386205538553867897e-02 1.181010214244777000e-02 1.002573491747241370e-02 8.480380159951179941e-03 7.147447350048627586e-03 6.002375328580322571e-03 5.022637926147281197e-03
5.407329126440447303e-03 6.462106052497517197e-03 7.694880818387746756e-03 9.129904905840320606e-03 1.079362064922015363e-02 1.271465517524981992e-02 1.492377052471529665e-02 1.745376315502905271e-02 2.033930618111076671e-02 2.361672810582157028e-02 2.732372244728509258e-02 3.149898361063888097e-02 3.618176559143555099e-02 4.141136164216995680e-02 4.722650487667691410e-02 5.366469191272062178e-02 6.076143402913262298e-02 6.854944289461276097e-02 7.705776065228832350e-02 8.631084694263270463e-02 9.632763823048283436e-02 1.071205974740734451e-01 1.186947746283897598e-01 1.310469006009627735e-01 1.441645389666282306e-01 1.580253208896383599e-01 1.725962891973096824e-01 1.878333773183085420e-01 2.036810477678429598e-01 2.200721129947623145e-01 2.369277586820706383e-01 2.541577860271624356e-01 2.716610851718425645e-01 2.893263468826983154e-01 3.070330139131929315e-01 3.246524673582932841e-01 3.420494369091719999e-01 3.590836174237180267e-01 3.756114678619968394e-01 3.914881626092021061e-01 4.065696597405353274e-01 4.207148460857143557e-01 4.337877152135227177e-01 4.456595318447301723e-01 4.562109348489105098e-01 4.653339309742161589e-01 4.729337328442176913e-01 4.789303975299048499e-01 4.832602261099777641e-01 4.858768899648940320e-01 4.867522559598759235e-01 4.858768899648940320e-01 4.832602261099777641e-01 4.789303975299048499e-01 4.729337328442176913e-01 4.653339309742161589e-01 4.562109348489105098e-01 4.456595318447301723e-01 4.337877152135227177e-01 4.207148460857143557e-01 4.065696597405353274e-01 3.914881626092021061e-01 3.756114678619968394e-01 3.590836174237180267e-01 3.420494369091719999e-01 3.246524673582932841e-01 3.070330139131929315e-01 2.893263468826983154e-01 2.716610851718425645e-01 2.541577860271624356e-01 2.369277586820706383e-01 2.200721129947623145e-01 2.036810477678429598e-01 1.878333773183085420e-01 1.725962891973096824e-01 1.580253208896032213e-01 1.441645389666282306e-01 1.310469006009627735e-01 1.186947746283897598e-01 1.071205974740734451e-01 9.632763823048283436e-02 8.631084694263270463e-02 7.705776065228832350e-02 6.854944289461276097e-02 6.076143402913262298e-02 5.366469191272062178e-02 4.722650487667691410e-02 4.141136164216995680e-02 3.618176559143555099e-02 3.149898361063888097e-02 2.732372244728509258e-02 2.361672810582157028e-02 2.033930618111076671e-02 1.745376315502905271e-02 1.492377052471529665e-02 1.271465517524981992e-02 1.079362064922015363e-02 9.129904905840320606e-03 7.694880818387746756e-03 6.462106052497517197e-03 5.407329126440447303e-03
5.800564723783489113e-03 6.932047880381170951e-03 8.254473361091750269e-03 9.793856280980057019e-03 1.157856193247514855e-02 1.363929928437240986e-02 1.600906747625485335e-02 1.872304801261083854e-02 2.181843553104496555e-02 2.533420044139112273e-02 2.931077743634707272e-02 3.378967488283485948e-02 3.881300143311994244e-02 4.442290785128099467e-02 5.066094402793848428e-02 5.756733343630412308e-02 6.518016983144073184e-02 7.353454376305952611e-02 8.266160939747592418e-02 9.258760514636581174e-02 1.033328445854996697e-01 1.149106970131392319e-01 1.273265796306529973e-01 1.405769856083269598e-01 1.546485741105264600e-01 1.695173495792752227e-01 1.851479581071647507e-01 2.014931284826229074e-01 2.184932843847713080e-01 2.360763522020414840e-01 2.541577860271646006e-01 2.726408275566813422e-01 2.914170139500729673e-01 3.103669412654547211e-01 3.293612850072935583e-01 3.482620727559529450e-01 3.669241969799302838e-01 3.851971491677471660e-01 4.029269495868608164e-01 4.199582405120982909e-01 4.361365049003510519e-01 4.513103674499757689e-01 4.653339309742698382e-01 4.780690982163533498e-01 4.893878277816020028e-01 4.991742728568431819e-01 5.073267528712960273e-01 5.137595112299596645e-01 5.184042166537135010e-01 5.212111713805138713e-01 5.221501963579400218e-01 5.212111713805138713e-01 5.184042166537135010e-01 5.137595112299596645e-01 5.073267528712960273e-01 4.991742728568431819e-01 4.893878277816020028e-01 4.780690982163533498e-01 4.653339309742698382e-01 4.513103674499757689e-01 4.361365049003510519e-01 4.199582405120982909e-01 4.029269495868608164e-01 3.851971491677471660e-01 3.669241969799302838e-01 3.482620727559529450e-01 3.293612850072935583e-01 3.103669412654547211e-01 2.914170139500729673e-01 2.726408275566813422e-01 2.541577860271646006e-01 2.360763522020414840e-01 2.184932843847713080e-01 2.014931284826229074e-01 1.851479581071647507e-01 1.695173495792375862e-01 1.546485741105264600e-01 1.405769856083269598e-01 1.273265796306529973e-01 1.149106970131392319e-01 1.033328445854996697e-01 9.258760514636581174e-02 8.266160939747592418e-02 7.353454376305952611e-02 6.518016983144073184e-02 5.756733343630412308e-02 5.066094402793848428e-02 4.442290785128099467e-02 3.881300143311994244e-02 3.378967488283485948e-02 2.931077743634707272e-02 2.533420044139112273e-02 2.181843553104496555e-02 1.872304801261083854e-02 1.600906747625485335e-02 1.363929928437240986e-02 1.157856193247514855e-02 9.793856280980057019e-03 8.254473361091750269e-03 6.932047880381170951e-03 5.800564723783489113e-03
6.200037119084715435e-03 7.409443082914560566e-03 8.822941157336715648e-03 1.046833806234136882e-02 1.237595254693458525e-02 1.457860844043070044e-02 1.711157746205967806e-02 2.001246399072599200e-02 2.332102417859080110e-02 2.707891224365212637e-02 3.132934752877791079e-02 3.611669699269099559e-02 4.148596921981592689e-02 4.748221780654032775e-02 5.414985409493309337e-02 6.153187166214517390e-02 6.966898769807819414e-02 7.859870936299996613e-02 8.835433634353882792e-02 9.896391403425254529e-02 1.104491549631096692e-01 1.228243491431392775e-01 1.360952868466968335e-01 1.502582197362612448e-01 1.652988882215904731e-01 1.811916442223283352e-01 1.978986990836326676e-01 2.153695261274353179e-01 2.335404461399953613e-01 2.523344219553970147e-01 2.716610851718907482e-01 2.914170139501222057e-01 3.114862758474274407e-01 3.317412438296983290e-01 3.520436871020218295e-01 3.722461313814805495e-01 3.921934758935092802e-01 4.117248469297121183e-01 4.306756605051131337e-01 4.488798597427224868e-01 4.661722863435772135e-01 4.823911401151456668e-01 4.973804762458101658e-01 5.109926870181378256e-01 5.230909131025197611e-01 5.335513295653504517e-01 5.422652533140082109e-01 5.491410218815560018e-01 5.541055981608987713e-01 5.571058618121939032e-01 5.581095554167008199e-01 5.571058618121939032e-01 5.541055981608987713e-01 5.491410218815560018e-01 5.422652533140082109e-01 5.335513295653504517e-01 5.230909131025197611e-01 5.109926870181378256e-01 4.973804762458101658e-01 4.823911401151456668e-01 4.661722863435772135e-01 4.488798597427224868e-01 4.306756605051131337e-01 4.117248469297121183e-01 3.921934758935092802e-01 3.722461313814805495e-01 3.520436871020218295e-01 3.317412438296983290e-01 3.114862758474274407e-01 2.914170139501222057e-01 2.716610851718907482e-01 2.523344219553970147e-01 2.335404461399953613e-01 2.153695261274353179e-01 1.978986990836326676e-01 1.811916442222880896e-01 1.652988882215904731e-01 1.502582197362612448e-01 1.360952868466968335e-01 1.228243491431392775e-01 1.104491549631096692e-01 9.896391403425254529e-02 8.835433634353882792e-02 7.859870936299996613e-02 6.966898769807819414e-02 6.153187166214517390e-02 5.414985409493309337e-02 4.748221780654032775e-02 4.148596921981592689e-02 3.611669699269099559e-02 3.132934752877791079e-02 2.707891224365212637e-02 2.332102417859080110e-02 2.001246399072599200e-02 1.711157746205967806e-02 1.457860844043070044e-02 1.237595254693458525e-02 1.046833806234136882e-02 8.822941157336715648e-03 7.409443082914560566e-03 6.200037119084715435e-03
6.603205936056205649e-03 7.891255747061523551e-03 9.396669133523031028e-03 1.114906099854127974e-02 1.318072162353964814e-02 1.552660926770424964e-02 1.822428925868083485e-02 2.131381126927529152e-02 2.483751666856382628e-02 2.883976831668152996e-02 3.336659597375669917e-02 3.846525164160423393e-02 4.418367067063207893e-02 5.056983635019696860e-02 5.767104795156855618e-02 6.553309478832718138e-02 7.419934176053613606e-02 8.370973500054400274e-02 9.409973956834795372e-02 1.053992245618688706e-01 1.176313144061408023e-01 1.308112283485726446e-01 1.449451331846294821e-01 1.600290368342488501e-01 1.760477524511064595e-01 1.929739641412483442e-01 2.107674259730490385e-01 2.293743256782688200e-01 2.487268431851723804e-01 2.687429318444411463e-01 2.893263468827934060e-01 3.103669412655540305e-01 3.317412438297484556e-01 3.533133283586397666e-01 3.749359753456374400e-01 3.964521207213380638e-01 4.176965779980439941e-01 4.384980123585869305e-01 4.586811374416600029e-01 4.780690982164298997e-01 4.964859966617794496e-01 5.137595112300693545e-01 5.297235565114880584e-01 5.442209263252919538e-01 5.571058618122483042e-01 5.682464860947009644e-01 5.775270487620375315e-01 5.848499268268195772e-01 5.901373338097313237e-01 5.933326951231309154e-01 5.944016557502957987e-01 5.933326951231309154e-01 5.901373338097313237e-01 5.848499268268195772e-01 5.775270487620375315e-01 5.682464860947009644e-01 5.571058618122483042e-01 5.442209263252919538e-01 5.297235565114880584e-01 5.137595112300693545e-01 4.964859966617794496e-01 4.780690982164298997e-01 4.586811374416600029e-01 4.384980123585869305e-01 4.176965779980439941e-01 3.964521207213380638e-01 3.749359753456374400e-01 3.533133283586397666e-01 3.317412438297484556e-01 3.103669412655540305e-01 2.893263468827934060e-01 2.687429318444411463e-01 2.487268431851723804e-01 2.293743256782688200e-01 2.107674259730490385e-01 1.929739641412054896e-01 1.760477524511064595e-01 1.600290368342488501e-01 1.449451331846294821e-01 1.308112283485726446e-01 1.176313144061408023e-01 1.053992245618688706e-01 9.409973956834795372e-02 8.370973500054400274e-02 7.419934176053613606e-02 6.553309478832718138e-02 5.767104795156855618e-02 5.056983635019696860e-02 4.418367067063207893e-02 3.846525164160423393e-02 3.336659597375669917e-02 2.883976831668152996e-02 2.483751666856382628e-02 2.131381126927529152e-02 1.822428925868083485e-02 1.552660926770424964e-02 1.318072162353964814e-02 1.114906099854127974e-02 9.396669133523031028e-03 7.891255747061523551e-03 6.603205936056205649e-03
7.007319733860168515e-03 8.374197724075192056e-03 9.971741861380924166e-03 1.183137947015924958e-02 1.398737698529362548e-02 1.647683209869741164e-02 1.933960912238360044e-02 2.261820875454409463e-02 2.635756364061803136e-02 3.060475163161980455e-02 3.540861949222938454e-02 4.081931102955931034e-02 4.688769522000011541e-02 5.366469191273732370e-02 6.120049507721164045e-02 6.954369631631389381e-02 7.874031444619392084e-02 8.883274028794796440e-02 9.985860935032553343e-02 1.118496187091591876e-01 1.248303079958710815e-01 1.388168278702673342e-01 1.538157225334489397e-01 1.698227555915079734e-01 1.868218107686575036e-01 2.047839004481843972e-01 2.236663156621089277e-01 2.434119508509784424e-01 2.639488353793736364e-01 2.851899013729263799e-01 3.070330139132909641e-01 3.293612850073959764e-01 3.520436871020718450e-01 3.749359753456340538e-01 3.978819204513194263e-01 4.207148460858937122e-01 4.432594564087881661e-01 4.653339309744393693e-01 4.867522559600834242e-01 5.073267528714267005e-01 5.268707587925375302e-01 5.452014061598360328e-01 5.621424451969337932e-01 5.775270487620938198e-01 5.912005376069972007e-01 6.030229640371166377e-01 6.128714937588768397e-01 6.206425292935715543e-01 6.262535236576872721e-01 6.296444399194285335e-01 6.307788205475640675e-01 6.296444399194285335e-01 6.262535236576872721e-01 6.206425292935715543e-01 6.128714937588768397e-01 6.030229640371166377e-01 5.912005376069972007e-01 5.775270487620938198e-01 5.621424451969337932e-01 5.452014061598360328e-01 5.268707587925375302e-01 5.073267528714267005e-01 4.867522559600834242e-01 4.653339309744393693e-01 4.432594564087881661e-01 4.207148460858937122e-01 3.978819204513194263e-01 3.749359753456340538e-01 3.520436871020718450e-01 3.293612850073959764e-01 3.070330139132909641e-01 2.851899013729263799e-01 2.639488353793736364e-01 2.434119508509784424e-01 2.236663156621089277e-01 2.047839004481389058e-01 1.868218107686575036e-01 1.698227555915079734e-01 1.538157225334489397e-01 1.388168278702673342e-01 1.248303079958710815e-01 1.118496187091591876e-01 9.985860935032553343e-02 8.883274028794796440e-02 7.874031444619392084e-02 6.954369631631389381e-02 6.120049507721164045e-02 5.366469191273732370e-02 4.688769522000011541e-02 4.081931102955931034e-02 3.540861949222938454e-02 3.060475163161980455e-02 2.635756364061803136e-02 2.261820875454409463e-02 1.933960912238360044e-02 1.647683209869741164e-02 1.398737698529362548e-02 1.183137947015924958e-02 9.971741861380924166e-03 8.374197724075192056e-03 7.007319733860168515e-03
7.409443082913635091e-03 8.854760986825867264e-03 1.054398208809970670e-02 1.251033720537906950e-02 1.479005919353091822e-02 1.742237463949280682e-02 2.044943551607574656e-02 2.391618147441559178e-02 2.787012367307090122e-02 3.236104158134026770e-02 3.744058509339532465e-02 4.316177557815771559e-02 4.957840118852569616e-02 5.674430386958811967e-02 6.471255803121948869e-02 7.353454376304058293e-02 8.325892072551432932e-02 9.393051238725362573e-02 1.055891140152887681e-01 1.182682416597211073e-01 1.319938431878099894e-01 1.467829960841187109e-01 1.626426200964856406e-01 1.795682357205167778e-01 1.975428018288357401e-01 2.165356673159838929e-01 2.365016723092288609e-01 2.573804341788988315e-01 2.790958521693504002e-01 3.015558619130390694e-01 3.246524673582643072e-01 3.482620727559189167e-01 3.722461313813812955e-01 3.964521207211724185e-01 4.207148460857217387e-01 4.448580662228427407e-01 4.686964257323685268e-01 4.920376701869463854e-01 5.146851111401014034e-01 5.364402999446805653e-01 5.571058618120601214e-01 5.764884351067625090e-01 5.944016557500633180e-01 6.106691230269488679e-01 6.251272812370858301e-01 6.376281516216099066e-01 6.480418508954073342e-01 6.562588365156568626e-01 6.621918244423491418e-01 6.657773324531927051e-01 6.669768108583117305e-01 6.657773324531927051e-01 6.621918244423491418e-01 6.562588365156568626e-01 6.480418508954073342e-01 6.376281516216099066e-01 6.251272812370858301e-01 6.106691230269488679e-01 5.944016557500633180e-01 5.764884351067625090e-01 5.571058618120601214e-01 5.364402999446805653e-01 5.146851111401014034e-01 4.920376701869463854e-01 4.686964257323685268e-01 4.448580662228427407e-01 4.207148460857217387e-01 3.964521207211724185e-01 3.722461313813812955e-01 3.482620727559189167e-01 3.246524673582643072e-01 3.015558619130390694e-01 2.790958521693504002e-01 2.573804341788988315e-01 2.365016723092288609e-01 2.165356673159357648e-01 1.975428018288357401e-01 1.795682357205167778e-01 1.626426200964856406e-01 1.467829960841187109e-01 1.319938431878099894e-01 1.182682416597211073e-01 1.055891140152887681e-01 9.393051238725362573e-02 8.325892072551432932e-02 7.353454376304058293e-02 6.471255803121948869e-02 5.674430386958811967e-02 4.957840118852569616e-02 4.316177557815771559e-02 3.744058509339532465e-02 3.236104158134026770e-02 2.787012367307090122e-02 2.391618147441559178e-02 2.044943551607574656e-02 1.742237463949280682e-02 1.479005919353091822e-02 1.251033720537906950e-02 1.054398208809970670e-02 8.854760986825867264e-03 7.409443082913635091e-03
7.806488750706200644e-03 9.329256093923083901e-03 1.110899653824326018e-02 1.318072162353788566e-02 1.558260579433129803e-02 1.835597765065859546e-02 2.154524793943922434e-02 2.519776446767120481e-02 2.936358434770023479e-02 3.409515455330653505e-02 3.944689271255121671e-02 4.547466142069307715e-02 5.223513114619009884e-02 5.978502903222279730e-02 6.818027355727858396e-02 7.747499808700268609e-02 8.772046977977211724e-02 9.896391403425428002e-02 1.112472586041179795e-01 1.246058155452298144e-01 1.390669231786482440e-01 1.546485741105168010e-01 1.713580588933173443e-01 1.891906579819682410e-01 2.081284170757649599e-01 2.281390425856641979e-01 2.491749546821803440e-01 2.711725350455562178e-01 2.940516049516687658e-01 3.177151666313828282e-01 3.420494369091901521e-01 3.669241969799466596e-01 3.921934758934604304e-01 4.176965779979288640e-01 4.432594564086700384e-01 4.686964257324351957e-01 4.938121980332631500e-01 5.184042166537088381e-01 5.422652533139117326e-01 5.651862252104462581e-01 5.869591809426716322e-01 6.073803973136776557e-01 6.262535236574535702e-01 6.433927065728786143e-01 6.586256259921046130e-01 6.717963735015718418e-01 6.827681058334664765e-01 6.914254104502080001e-01 6.976763260709252235e-01 7.014539686871108515e-01 7.027177228682949250e-01 7.014539686871108515e-01 6.976763260709252235e-01 6.914254104502080001e-01 6.827681058334664765e-01 6.717963735015718418e-01 6.586256259921046130e-01 6.433927065728786143e-01 6.262535236574535702e-01 6.073803973136776557e-01 5.869591809426716322e-01 5.651862252104462581e-01 5.422652533139117326e-01 5.184042166537088381e-01 4.938121980332631500e-01 4.686964257324351957e-01 4.432594564086700384e-01 4.176965779979288640e-01 3.921934758934604304e-01 3.669241969799466596e-01 3.420494369091901521e-01 3.177151666313828282e-01 2.940516049516687658e-01 2.711725350455562178e-01 2.491749546821803440e-01 2.281390425856135162e-01 2.081284170757649599e-01 1.891906579819682410e-01 1.713580588933173443e-01 1.546485741105168010e-01 1.390669231786482440e-01 1.246058155452298144e-01 1.112472586041179795e-01 9.896391403425428002e-02 8.772046977977211724e-02 7.747499808700268609e-02 6.818027355727858396e-02 5.978502903222279730e-02 5.223513114619009884e-02 4.547466142069307715e-02 3.944689271255121671e-02 3.409515455330653505e-02 2.936358434770023479e-02 2.519776446767120481e-02 2.154524793943922434e-02 1.835597765065859546e-02 1.558260579433129803e-02 1.318072162353788566e-02 1.110899653824326018e-02 9.329256093923083901e-03 7.806488750706200644e-03
8.195254596269158087e-03 9.793856280978919041e-03 1.166222841629540111e-02 1.383712612891056098e-02 1.635862496391754864e-02 1.927011169995796261e-02 2.261820875454087845e-02 2.645262187186386491e-02 3.082590102581755226e-02 3.579310506765484567e-02 4.141136164217579935e-02 4.773931532124543742e-02 5.483645878229326948e-02 6.276234419989218383e-02 7.157567481213995830e-02 8.133327984505393793e-02 9.208897957926780176e-02 1.038923512546712363e-01 1.167874106415981300e-01 1.308112283485366456e-01 1.459925041544096191e-01 1.623501267033827800e-01 1.798917496199786692e-01 1.986124183241346486e-01 2.184932843847481043e-01 2.395004459808481867e-01 2.615839537909494528e-01 2.846770212809202616e-01 3.086954767983858261e-01 3.335374920516879782e-01 3.590836174237402867e-01 3.851971491677677051e-01 4.117248469296645452e-01 4.384980123584700240e-01 4.653339309743195207e-01 4.920376701870207703e-01 5.184042166537136120e-01 5.442209263252049123e-01 5.692702508814702078e-01 5.933326951230043500e-01 6.161899515973370267e-01 6.376281516217403578e-01 6.574411661989798539e-01 6.754338863641409230e-01 6.914254104502695064e-01 7.052520657507715951e-01 7.167701941556655632e-01 7.258586355429967885e-01 7.324208489282320045e-01 7.363866194560583223e-01 7.377133090334903054e-01 7.363866194560583223e-01 7.324208489282320045e-01 7.258586355429967885e-01 7.167701941556655632e-01 7.052520657507715951e-01 6.914254104502695064e-01 6.754338863641409230e-01 6.574411661989798539e-01 6.376281516217403578e-01 6.161899515973370267e-01 5.933326951230043500e-01 5.692702508814702078e-01 5.442209263252049123e-01 5.184042166537136120e-01 4.920376701870207703e-01 4.653339309743195207e-01 4.384980123584700240e-01 4.117248469296645452e-01 3.851971491677677051e-01 3.590836174237402867e-01 3.335374920516879782e-01 3.086954767983858261e-01 2.846770212809202616e-01 2.615839537909494528e-01 2.395004459807949515e-01 2.184932843847481043e-01 1.986124183241346486e-01 1.798917496199786692e-01 1.623501267033827800e-01 1.459925041544096191e-01 1.308112283485366456e-01 1.167874106415981300e-01 1.038923512546712363e-01 9.208897957926780176e-02 8.133327984505393793e-02 7.157567481213995830e-02 6.276234419989218383e-02 5.483645878229326948e-02 4.773931532124543742e-02 4.141136164217579935e-02 3.579310506765484567e-02 3.082590102581755226e-02 2.645262187186386491e-02 2.261820875454087845e-02 1.927011169995796261e-02 1.635862496391754864e-02 1.383712612891056098e-02 1.166222841629540111e-02 9.793856280978919041e-03 8.195254596269158087e-03
8.572464626743140151e-03 1.024464652584668525e-02 1.219901583206501119e-02 1.447401943191237855e-02 1.711157746205725638e-02 2.015707370171045468e-02 2.365927649848276193e-02 2.767017944560233589e-02 3.224475127979625072e-02 3.744058509340963264e-02 4.331743799447430876e-02 4.993665383899349719e-02 5.736046362501905777e-02 6.565116058627237794e-02 7.487014994527059486e-02 8.507687665568489099e-02 9.632763823048620666e-02 1.086742938438165218e-01 1.221628852177204932e-01 1.368321892414604557e-01 1.527122266833629005e-01 1.698227555914611497e-01 1.881717818702350331e-01 2.077541228909048354e-01 2.285500626694217385e-01 2.505241389565485144e-01 2.736241033704279180e-01 2.977800953356914415e-01 3.229040689589405266e-01 3.488895090101737928e-01 3.756114678620634528e-01 4.029269495869288731e-01 4.306756605051131337e-01 4.586811374415906140e-01 4.867522559600143128e-01 5.146851111402386270e-01 5.422652533139791231e-01 5.692702508815359330e-01 5.954725422392869172e-01 6.206425292934335536e-01 6.445518563666662315e-01 6.669768108584894772e-01 6.877017760950611125e-01 7.065226626633623885e-01 7.232502423798553570e-01 7.377133090335361576e-01 7.497615922390621357e-01 7.592683551333587744e-01 7.661326131569812237e-01 7.702809196150927074e-01 7.716686738745373031e-01 7.702809196150927074e-01 7.661326131569812237e-01 7.592683551333587744e-01 7.497615922390621357e-01 7.377133090335361576e-01 7.232502423798553570e-01 7.065226626633623885e-01 6.877017760950611125e-01 6.669768108584894772e-01 6.445518563666662315e-01 6.206425292934335536e-01 5.954725422392869172e-01 5.692702508815359330e-01 5.422652533139791231e-01 5.146851111402386270e-01 4.867522559600143128e-01 4.586811374415906140e-01 4.306756605051131337e-01 4.029269495869288731e-01 3.756114678620634528e-01 3.488895090101737928e-01 3.229040689589405266e-01 2.977800953356914415e-01 2.736241033704279180e-01 2.505241389564928922e-01 2.285500626694217385e-01 2.077541228909048354e-01 1.881717818702350331e-01 1.698227555914611497e-01 1.527122266833629005e-01 1.368321892414604557e-01 1.221628852177204932e-01 1.086742938438165218e-01 9.632763823048620666e-02 8.507687665568489099e-02 7.487014994527059486e-02 6.565116058627237794e-02 5.736046362501905777e-02 4.993665383899349719e-02 4.331743799447430876e-02 3.744058509340963264e-02 3.224475127979625072e-02 2.767017944560233589e-02 2.365927649848276193e-02 2.015707370171045468e-02 1.711157746205725638e-02 1.447401943191237855e-02 1.219901583206501119e-02 1.024464652584668525e-02 8.572464626743140151e-03
8.934813531809982987e-03 1.067767677013101851e-02 1.271465517525366754e-02 1.508582074243725903e-02 1.783486552766209293e-02 2.100909163391408152e-02 2.465932879466306571e-02 2.883976831667665885e-02 3.360770240635293366e-02 3.902315855441126913e-02 4.514841973788476931e-02 5.204742275191646950e-02 5.978502903224297560e-02 6.842616488090555449e-02 7.803483105345802862e-02 8.867298517814213576e-02 1.003993044035494803e-01 1.132678399356106397e-01 1.273265796306847497e-01 1.426159394356422416e-01 1.591672090645569471e-01 1.770009817170064004e-01 1.961256016984844475e-01 2.165356673160396539e-01 2.382106292120784730e-01 2.611135261860420553e-01 2.851899013728909638e-01 3.103669412655044035e-01 3.365528783648013000e-01 3.636366951560062177e-01 3.914881626093098532e-01 4.199582405122102569e-01 4.488798597427663961e-01 4.780690982164043645e-01 5.073267528714041630e-01 5.364402999448759646e-01 5.651862252105719353e-01 5.933326951231308044e-01 6.206425292934942828e-01 6.468764247621665575e-01 6.717963735017569160e-01 6.951692068195758356e-01 7.167701941557420575e-01 7.363866194561760059e-01 7.538212560645435323e-01 7.688956610665356184e-01 7.814532123084483306e-01 7.913618158956458037e-01 7.985162187594344596e-01 8.028398696917929955e-01 8.042862828385362040e-01 8.028398696917929955e-01 7.985162187594344596e-01 7.913618158956458037e-01 7.814532123084483306e-01 7.688956610665356184e-01 7.538212560645435323e-01 7.363866194561760059e-01 7.167701941557420575e-01 6.951692068195758356e-01 6.717963735017569160e-01 6.468764247621665575e-01 6.206425292934942828e-01 5.933326951231308044e-01 5.651862252105719353e-01 5.364402999448759646e-01 5.073267528714041630e-01 4.780690982164043645e-01 4.488798597427663961e-01 4.199582405122102569e-01 3.914881626093098532e-01 3.636366951560062177e-01 3.365528783648013000e-01 3.103669412655044035e-01 2.851899013728909638e-01 2.611135261859840462e-01 2.382106292120784730e-01 2.165356673160396539e-01 1.961256016984844475e-01 1.770009817170064004e-01 1.591672090645569471e-01 1.426159394356422416e-01 1.273265796306847497e-01 1.132678399356106397e-01 1.003993044035494803e-01 8.867298517814213576e-02 7.803483105345802862e-02 6.842616488090555449e-02 5.978502903224297560e-02 5.204742275191646950e-02 4.514841973788476931e-02 3.902315855441126913e-02 3.360770240635293366e-02 2.883976831667665885e-02 2.465932879466306571e-02 2.100909163391408152e-02 1.783486552766209293e-02 1.508582074243725903e-02 1.271465517525366754e-02 1.067767677013101851e-02 8.934813531809982987e-03
9.279013887066879171e-03 1.108901833025565005e-02 1.320446828805230642e-02 1.566697946952228665e-02 1.852192710188799163e-02 2.181843553105000666e-02 2.560929263009189757e-02 2.995077734498883051e-02 3.490238897887632669e-02 4.052646749195699949e-02 4.688769521999091444e-02 5.405247202772227311e-02 6.208815804088758245e-02 7.106218075040558746e-02 8.104100644541060994e-02 9.208897957929479405e-02 1.042670377502180473e-01 1.176313144061428284e-01 1.322316460639681168e-01 1.481100056345928950e-01 1.652988882216227806e-01 1.838196803469118179e-01 2.036810477678682452e-01 2.248773806993822899e-01 2.473873381505308777e-01 2.711725350456717920e-01 2.961764166503220164e-01 3.223233644256799368e-01 3.495180756667340960e-01 3.776452560746564324e-01 4.065696597406435187e-01 4.361365049004634065e-01 4.661722863436185693e-01 4.964859966617484188e-01 5.268707587925093305e-01 5.571058618122580741e-01 5.869591809427967544e-01 6.161899515974628150e-01 6.445518563667234080e-01 6.717963735017508098e-01 6.976763260711482673e-01 7.219495629063670261e-01 7.443826960381380031e-01 7.647548148438970683e-01 7.828610948047542983e-01 7.985162187594697647e-01 8.115575309196418896e-01 8.218478486705059760e-01 8.292778642259976962e-01 8.337680773570664838e-01 8.352702114113793597e-01 8.337680773570664838e-01 8.292778642259976962e-01 8.218478486705059760e-01 8.115575309196418896e-01 7.985162187594697647e-01 7.828610948047542983e-01 7.647548148438970683e-01 7.443826960381380031e-01 7.219495629063670261e-01 6.976763260711482673e-01 6.717963735017508098e-01 6.445518563667234080e-01 6.161899515974628150e-01 5.869591809427967544e-01 5.571058618122580741e-01 5.268707587925093305e-01 4.964859966617484188e-01 4.661722863436185693e-01 4.361365049004634065e-01 4.065696597406435187e-01 3.776452560746564324e-01 3.495180756667340960e-01 3.223233644256799368e-01 2.961764166503220164e-01 2.711725350456115624e-01 2.473873381505308777e-01 2.248773806993822899e-01 2.036810477678682452e-01 1.838196803469118179e-01 1.652988882216227806e-01 1.481100056345928950e-01 1.322316460639681168e-01 1.176313144061428284e-01 1.042670377502180473e-01 9.208897957929479405e-02 8.104100644541060994e-02 7.106218075040558746e-02 6.208815804088758245e-02 5.405247202772227311e-02 4.688769521999091444e-02 4.052646749195699949e-02 3.490238897887632669e-02 2.995077734498883051e-02 2.560929263009189757e-02 2.181843553105000666e-02 1.852192710188799163e-02 1.566697946952228665e-02 1.320446828805230642e-02 1.108901833025565005e-02 9.279013887066879171e-03
9.601845110171074865e-03 1.147482240320471004e-02 1.366387213201184989e-02 1.621205788044521520e-02 1.916633354995716382e-02 2.257753259830695344e-02 2.650027947020527214e-02 3.099281114307172319e-02 3.611669699268519468e-02 4.193644588273798268e-02 4.851899054734291200e-02 5.593304100508274257e-02 6.424830094449544837e-02 7.353454376303995843e-02 8.386054821469629550e-02 9.529289739575994012e-02 1.078946490175393125e-01 1.217238894973407259e-01 1.368321892414507412e-01 1.532629814631590037e-01 1.710498918209092112e-01 1.902150509066787287e-01 2.107674259729589994e-01 2.327012120615528090e-01 2.559943256955050650e-01 2.806070463231123413e-01 3.064808515833389868e-01 3.335374920516376851e-01 3.616783492947094891e-01 3.907841177470164351e-01 4.207148460857216832e-01 4.513103674499797657e-01 4.823911401150685063e-01 5.137595112299094824e-01 5.452014061596713868e-01 5.764884351068240154e-01 6.073803973136560064e-01 6.376281516217118250e-01 6.669768108583827848e-01 6.951692068193966456e-01 7.219495629061873920e-01 7.470673031370884676e-01 7.702809196149489335e-01 7.913618158954840442e-01 8.100980412984726264e-01 8.262978311924419339e-01 8.397928707429156425e-01 8.504412045401047449e-01 8.581297218112587943e-01 8.627761563915834486e-01 8.643305520094548555e-01 8.627761563915834486e-01 8.581297218112587943e-01 8.504412045401047449e-01 8.397928707429156425e-01 8.262978311924419339e-01 8.100980412984726264e-01 7.913618158954840442e-01 7.702809196149489335e-01 7.470673031370884676e-01 7.219495629061873920e-01 6.951692068193966456e-01 6.669768108583827848e-01 6.376281516217118250e-01 6.073803973136560064e-01 5.764884351068240154e-01 5.452014061596713868e-01 5.137595112299094824e-01 4.823911401150685063e-01 4.513103674499797657e-01 4.207148460857216832e-01 3.907841177470164351e-01 3.616783492947094891e-01 3.335374920516376851e-01 3.064808515833389868e-01 2.806070463230500023e-01 2.559943256955050650e-01 2.327012120615528090e-01 2.107674259729589994e-01 1.902150509066787287e-01 1.710498918209092112e-01 1.532629814631590037e-01 1.368321892414507412e-01 1.217238894973407259e-01 1.078946490175393125e-01 9.529289739575994012e-02 8.386054821469629550e-02 7.353454376303995843e-02 6.424830094449544837e-02 5.593304100508274257e-02 4.851899054734291200e-02 4.193644588273798268e-02 3.611669699268519468e-02 3.099281114307172319e-02 2.650027947020527214e-02 2.257753259830695344e-02 1.916633354995716382e-02 1.621205788044521520e-02 1.366387213201184989e-02 1.147482240320471004e-02 9.601845110171074865e-03
9.900203168316593083e-03 1.183137947015409051e-02 1.408844952409426220e-02 1.671581502839468783e-02 1.976188888272097099e-02 2.327908409246847235e-02 2.732372244729189964e-02 3.195585052175556329e-02 3.723895083637124293e-02 4.323953673824911664e-02 5.002662076182655404e-02 5.767104795155729435e-02 6.624468789814907943e-02 7.581948206729534345e-02 8.646634637466156514e-02 9.825393285257459641e-02 1.112472586041140243e-01 1.255062149653776715e-01 1.410839747894839791e-01 1.580253208896201245e-01 1.763649237740519959e-01 1.961256016984687933e-01 2.173166005547285951e-01 2.399319350072133539e-01 2.639488353792611708e-01 2.893263468827754203e-01 3.160041286918530146e-01 3.439014999381884707e-01 3.729167778186750493e-01 4.029269495868680884e-01 4.337877152135688474e-01 4.653339309743154129e-01 4.973804762457748607e-01 5.297235565113704858e-01 5.621424451968138891e-01 5.944016557501796694e-01 6.262535236574869879e-01 6.574411661990090527e-01 6.877017760950123737e-01 7.167701941556210432e-01 7.443826960380190982e-01 7.702809196150175453e-01 7.942158526164629917e-01 8.159517954225418146e-01 8.352702114112012799e-01 8.519733772500721614e-01 8.658877480591401499e-01 8.768669574492765628e-01 8.847943799575719304e-01 8.895851931633356191e-01 8.911878885041059073e-01 8.895851931633356191e-01 8.847943799575719304e-01 8.768669574492765628e-01 8.658877480591401499e-01 8.519733772500721614e-01 8.352702114112012799e-01 8.159517954225418146e-01 7.942158526164629917e-01 7.702809196150175453e-01 7.443826960380190982e-01 7.167701941556210432e-01 6.877017760950123737e-01 6.574411661990090527e-01 6.262535236574869879e-01 5.944016557501796694e-01 5.621424451968138891e-01 5.297235565113704858e-01 4.973804762457748607e-01 4.653339309743154129e-01 4.337877152135688474e-01 4.029269495868680884e-01 3.729167778186750493e-01 3.439014999381884707e-01 3.160041286918530146e-01 2.893263468827111384e-01 2.639488353792611708e-01 2.399319350072133539e-01 2.173166005547285951e-01 1.961256016984687933e-01 1.763649237740519959e-01 1.580253208896201245e-01 1.410839747894839791e-01 1.255062149653776715e-01 1.112472586041140243e-01 9.825393285257459641e-02 8.646634637466156514e-02 7.581948206729534345e-02 6.624468789814907943e-02 5.767104795155729435e-02 5.002662076182655404e-02 4.323953673824911664e-02 3.723895083637124293e-02 3.195585052175556329e-02 2.732372244729189964e-02 2.327908409246847235e-02 1.976188888272097099e-02 1.671581502839468783e-02 1.408844952409426220e-02 1.183137947015409051e-02 9.900203168316593083e-03
1.017114997594608002e-02 1.215517832991389220e-02 1.447401943191379929e-02 1.717329015712365514e-02 2.030272835989832200e-02 2.391618147442706871e-02 2.807151269399516674e-02 3.283041193597621699e-02 3.825809909798231351e-02 4.442290785128847480e-02 5.139573945176276193e-02 5.924937781706231948e-02 6.805765945067805689e-02 7.789449469814703486e-02 8.883274028792745303e-02 1.009429271076262014e-01 1.142918516355762443e-01 1.289410443021488939e-01 1.449451331846191848e-01 1.623501267033727602e-01 1.811916442223074630e-01 2.014931284826335933e-01 2.232640784159539704e-01 2.464983448811658984e-01 2.711725350455875816e-01 2.972445732785595207e-01 3.246524673583567888e-01 3.533133283585832563e-01 3.831226906412323330e-01 4.139541748712772806e-01 4.456595318447815757e-01 4.780690982164043645e-01 5.109926870181060732e-01 5.442209263251759355e-01 5.775270487619759141e-01 6.106691230270736570e-01 6.433927065729186934e-01 6.754338863641768942e-01 7.065226626633185347e-01 7.363866194560582112e-01 7.647548148437817161e-01 7.913618158955615378e-01 8.159517954225490310e-01 8.382826032242243208e-01 8.581297218113655978e-01 8.752900165984413006e-01 8.895851931633907972e-01 9.008648793906159913e-01 9.090092580345416895e-01 9.139311852711977657e-01 9.155777428619441549e-01 9.139311852711977657e-01 9.090092580345416895e-01 9.008648793906159913e-01 8.895851931633907972e-01 8.752900165984413006e-01 8.581297218113655978e-01 8.382826032242243208e-01 8.159517954225490310e-01 7.913618158955615378e-01 7.647548148437817161e-01 7.363866194560582112e-01 7.065226626633185347e-01 6.754338863641768942e-01 6.433927065729186934e-01 6.106691230270736570e-01 5.775270487619759141e-01 5.442209263251759355e-01 5.109926870181060732e-01 4.780690982164043645e-01 4.456595318447815757e-01 4.139541748712772806e-01 3.831226906412323330e-01 3.533133283585832563e-01 3.246524673583567888e-01 2.972445732784935180e-01 2.711725350455875816e-01 2.464983448811658984e-01 2.232640784159539704e-01 2.014931284826335933e-01 1.811916442223074630e-01 1.623501267033727602e-01 1.449451331846191848e-01 1.289410443021488939e-01 1.142918516355762443e-01 1.009429271076262014e-01 8.883274028792745303e-02 7.789449469814703486e-02 6.805765945067805689e-02 5.924937781706231948e-02 5.139573945176276193e-02 4.442290785128847480e-02 3.825809909798231351e-02 3.283041193597621699e-02 2.807151269399516674e-02 2.391618147442706871e-02 2.030272835989832200e-02 1.717329015712365514e-02 1.447401943191379929e-02 1.215517832991389220e-02 1.017114997594608002e-02
1.041196139081299044e-02 1.244296345730937225e-02 1.481670527436555924e-02 1.757988373901332030e-02 2.078341429546785510e-02 2.448241926589517226e-02 2.873613180838066605e-02 3.360770240634219225e-02 3.916389509899414340e-02 4.547466142069507555e-02 5.261258128034457249e-02 6.065216182239636933e-02 6.966898769808436975e-02 7.973871914896771274e-02 9.093593785416437258e-02 1.033328445855005578e-01 1.169978172899232144e-01 1.319938431878451557e-01 1.483768437269676055e-01 1.661939166197263229e-01 1.854815245515155087e-01 2.062636652921991942e-01 2.285500626694013382e-01 2.523344219553970147e-01 2.775927964704812401e-01 3.042821144043910686e-01 3.323389158120211295e-01 3.616783492947192591e-01 3.921934758935509691e-01 4.237549241254484622e-01 4.562109348489914451e-01 4.893878277816846034e-01 5.230909131025197611e-01 5.571058618121640382e-01 5.912005376069131568e-01 6.251272812372524745e-01 6.586256259921866585e-01 6.914254104503493314e-01 7.232502423798553570e-01 7.538212560644698135e-01 7.828610948046847984e-01 8.100980412986021895e-01 8.352702114112606768e-01 8.581297218114188885e-01 8.784467393499375554e-01 8.960133200414569510e-01 9.106469481780102848e-01 9.221936914446122735e-01 9.305308958112038509e-01 9.355693542429099896e-01 9.372548956126809383e-01 9.355693542429099896e-01 9.305308958112038509e-01 9.221936914446122735e-01 9.106469481780102848e-01 8.960133200414569510e-01 8.784467393499375554e-01 8.581297218114188885e-01 8.352702114112606768e-01 8.100980412986021895e-01 7.828610948046847984e-01 7.538212560644698135e-01 7.232502423798553570e-01 6.914254104503493314e-01 6.586256259921866585e-01 6.251272812372524745e-01 5.912005376069131568e-01 5.571058618121640382e-01 5.230909131025197611e-01 4.893878277816846034e-01 4.562109348489914451e-01 4.237549241254484622e-01 3.921934758935509691e-01 3.616783492947192591e-01 3.323389158120211295e-01 3.042821144043234560e-01 2.775927964704812401e-01 2.523344219553970147e-01 2.285500626694013382e-01 2.062636652921991942e-01 1.854815245515155087e-01 1.661939166197263229e-01 1.483768437269676055e-01 1.319938431878451557e-01 1.169978172899232144e-01 1.033328445855005578e-01 9.093593785416437258e-02 7.973871914896771274e-02 6.966898769808436975e-02 6.065216182239636933e-02 5.261258128034457249e-02 4.547466142069507555e-02 3.916389509899414340e-02 3.360770240634219225e-02 2.873613180838066605e-02 2.448241926589517226e-02 2.078341429546785510e-02 1.757988373901332030e-02 1.481670527436555924e-02 1.244296345730937225e-02 1.041196139081299044e-02
1.062017271625369415e-02 1.269178938132236277e-02 1.511299967347483689e-02 1.793143430254337534e-02 2.119902688518230174e-02 2.497200204228203560e-02 2.931077743635436897e-02 3.427976639125242253e-02 3.994706804805802508e-02 4.638403278435807714e-02 5.366469191272773415e-02 6.186504252084266270e-02 7.106218075040683646e-02 8.133327984505324404e-02 9.275441291761547802e-02 1.053992245618697726e-01 1.193374601004601743e-01 1.346333663294121963e-01 1.513439829755206245e-01 1.695173495792556828e-01 1.891906579820052947e-01 2.103883858447206934e-01 2.331204514455199328e-01 2.573804341789925343e-01 2.831439084960126196e-01 3.103669412655374327e-01 3.389848035136220350e-01 3.689109470410291136e-01 4.000362943962247342e-01 4.322288870131744121e-01 4.653339309743194652e-01 4.991742728569496523e-01 5.335513295653740995e-01 5.682464860946402352e-01 6.030229640370576849e-01 6.376281516218081924e-01 6.717963735016851956e-01 7.052520657508842827e-01 7.377133090335689092e-01 7.688956610664945401e-01 7.985162187594343486e-01 8.262978311926107988e-01 8.519733772501704161e-01 8.752900165985344483e-01 8.960133200414966970e-01 9.139311852712462825e-01 9.288574467547698887e-01 9.406350939432961411e-01 9.491390200548578404e-01 9.542782341529428836e-01 9.559974818331306023e-01 9.542782341529428836e-01 9.491390200548578404e-01 9.406350939432961411e-01 9.288574467547698887e-01 9.139311852712462825e-01 8.960133200414966970e-01 8.752900165985344483e-01 8.519733772501704161e-01 8.262978311926107988e-01 7.985162187594343486e-01 7.688956610664945401e-01 7.377133090335689092e-01 7.052520657508842827e-01 6.717963735016851956e-01 6.376281516218081924e-01 6.030229640370576849e-01 5.682464860946402352e-01 5.335513295653740995e-01 4.991742728569496523e-01 4.653339309743194652e-01 4.322288870131744121e-01 4.000362943962247342e-01 3.689109470410291136e-01 3.389848035136220350e-01 3.103669412654684878e-01 2.831439084960126196e-01 2.573804341789925343e-01 2.331204514455199328e-01 2.103883858447206934e-01 1.891906579820052947e-01 1.695173495792556828e-01 1.513439829755206245e-01 1.346333663294121963e-01 1.193374601004601743e-01 1.053992245618697726e-01 9.275441291761547802e-02 8.133327984505324404e-02 7.106218075040683646e-02 6.186504252084266270e-02 5.366469191272773415e-02 4.638403278435807714e-02 3.994706804805802508e-02 3.427976639125242253e-02 2.931077743635436897e-02 2.497200204228203560e-02 2.119902688518230174e-02 1.793143430254337534e-02 1.511299967347483689e-02 1.269178938132236277e-02 1.062017271625369415e-02
1.079362064922454595e-02 1.289907081569326500e-02 1.535982414840466118e-02 1.822428925867971075e-02 2.154524793944077171e-02 2.537984306823341113e-02 2.978947904469297567e-02 3.483962118666329710e-02 4.059948082573135858e-02 4.714157362896094494e-02 5.454113998325060830e-02 6.287541815550365398e-02 7.222276341632669072e-02 8.266160939747889402e-02 9.426927163265909348e-02 1.071205974741020056e-01 1.212864713202812805e-01 1.368321892414920693e-01 1.538157225334380873e-01 1.722858953150722128e-01 1.922805068423870667e-01 2.138244345438150285e-01 2.369277586821126602e-01 2.615839537909819268e-01 2.877681954049025048e-01 3.154358328799464206e-01 3.445210800930022521e-01 3.749359753455742128e-01 4.065696597406652235e-01 4.392880195739838900e-01 4.729337328443183885e-01 5.073267528713997221e-01 5.422652533140275288e-01 5.775270487619706961e-01 6.128714937588115585e-01 6.480418508956031776e-01 6.827681058335757225e-01 7.167701941557738099e-01 7.497615922390887810e-01 7.814532123083998139e-01 8.115575309195985909e-01 8.397928707430798445e-01 8.658877480592324094e-01 8.895851931634777277e-01 9.106469481780427033e-01 9.288574467547616731e-01 9.440274829178944005e-01 9.559974818331476998e-01 9.646402934831649345e-01 9.698634408736949153e-01 9.716107671891703879e-01 9.698634408736949153e-01 9.646402934831649345e-01 9.559974818331476998e-01 9.440274829178944005e-01 9.288574467547616731e-01 9.106469481780427033e-01 8.895851931634777277e-01 8.658877480592324094e-01 8.397928707430798445e-01 8.115575309195985909e-01 7.814532123083998139e-01 7.497615922390887810e-01 7.167701941557738099e-01 6.827681058335757225e-01 6.480418508956031776e-01 6.128714937588115585e-01 5.775270487619706961e-01 5.422652533140275288e-01 5.073267528713997221e-01 4.729337328443183885e-01 4.392880195739838900e-01 4.065696597406652235e-01 3.749359753455742128e-01 3.445210800930022521e-01 3.154358328798763655e-01 2.877681954049025048e-01 2.615839537909819268e-01 2.369277586821126602e-01 2.138244345438150285e-01 1.922805068423870667e-01 1.722858953150722128e-01 1.538157225334380873e-01 1.368321892414920693e-01 1.212864713202812805e-01 1.071205974741020056e-01 9.426927163265909348e-02 8.266160939747889402e-02 7.222276341632669072e-02 6.287541815550365398e-02 5.454113998325060830e-02 4.714157362896094494e-02 4.059948082573135858e-02 3.483962118666329710e-02 2.978947904469297567e-02 2.537984306823341113e-02 2.154524793944077171e-02 1.822428925867971075e-02 1.535982414840466118e-02 1.289907081569326500e-02 1.079362064922454595e-02
1.093048067692481244e-02 1.306262735029042020e-02 1.555458233258939955e-02 1.845536804251113328e-02 2.181843553104033384e-02 2.570165223109262265e-02 3.016720113255660918e-02 3.528137763481269812e-02 4.111427064936900438e-02 4.773931532124074673e-02 5.523270606394736076e-02 6.367266050356099050e-02 7.313852743314512572e-02 8.370973500051279159e-02 9.546457907825256495e-02 1.084788560616527925e-01 1.228243491431185719e-01 1.385671823284710669e-01 1.557660619728897800e-01 1.744704312712140326e-01 1.947185687632088658e-01 2.165356673159953838e-01 2.399319350071834889e-01 2.649007636294257728e-01 2.914170139500678602e-01 3.194354691677667724e-01 3.488895090101554186e-01 3.796900564495184760e-01 4.117248469297010716e-01 4.448580662229375537e-01 4.789303975299643024e-01 5.137595112300190614e-01 5.491410218815268030e-01 5.848499268267001172e-01 6.206425292934502069e-01 6.562588365157968617e-01 6.914254104502572940e-01 7.258586355430419745e-01 7.592683551333183622e-01 7.913618158955263437e-01 8.218478486703892916e-01 8.504412045401955611e-01 8.768669574492921059e-01 9.008648793906239849e-01 9.221936914445632016e-01 9.406350939432042146e-01 9.559974818330626567e-01 9.681192569165131268e-01 9.768716569502869929e-01 9.821610323582524726e-01 9.839305142724569242e-01 9.821610323582524726e-01 9.768716569502869929e-01 9.681192569165131268e-01 9.559974818330626567e-01 9.406350939432042146e-01 9.221936914445632016e-01 9.008648793906239849e-01 8.768669574492921059e-01 8.504412045401955611e-01 8.218478486703892916e-01 7.913618158955263437e-01 7.592683551333183622e-01 7.258586355430419745e-01 6.914254104502572940e-01 6.562588365157968617e-01 6.206425292934502069e-01 5.848499268267001172e-01 5.491410218815268030e-01 5.137595112300190614e-01 4.789303975299643024e-01 4.448580662229375537e-01 4.117248469297010716e-01 3.796900564495184760e-01 3.488895090101554186e-01 3.194354691676958291e-01 2.914170139500678602e-01 2.649007636294257728e-01 2.399319350071834889e-01 2.165356673159953838e-01 1.947185687632088658e-01 1.744704312712140326e-01 1.557660619728897800e-01 1.385671823284710669e-01 1.228243491431185719e-01 1.084788560616527925e-01 9.546457907825256495e-02 8.370973500051279159e-02 7.313852743314512572e-02 6.367266050356099050e-02 5.523270606394736076e-02 4.773931532124074673e-02 4.111427064936900438e-02 3.528137763481269812e-02 3.016720113255660918e-02 2.570165223109262265e-02 2.181843553104033384e-02 1.845536804251113328e-02 1.555458233258939955e-02 1.306262735029042020e-02 1.093048067692481244e-02
1.102929901853177790e-02 1.318072162353775729e-02 1.569520542830928067e-02 1.862221604468154365e-02 2.201568775437462433e-02 2.593401114787816444e-02 3.043993138797312925e-02 3.560034322567107168e-02 4.148596921981958369e-02 4.817090841480489022e-02 5.573204406902033253e-02 6.424830094451143558e-02 7.379974519676797684e-02 8.446652305344555522e-02 9.632763823050331797e-02 1.094595723697712047e-01 1.239347576283465896e-01 1.398199158141774090e-01 1.571742840243960382e-01 1.760477524510657699e-01 1.964789456957515834e-01 2.184932843847576800e-01 2.421010688830626534e-01 2.672956312410158519e-01 2.940516049516688768e-01 3.223233644256799368e-01 3.520436871019968494e-01 3.831226906411881461e-01 4.154470955457081338e-01 4.488798597427263171e-01 4.832602261100548136e-01 5.184042166537917717e-01 5.541055981608888903e-01 5.901373338096315146e-01 6.262535236575871300e-01 6.621918244425138989e-01 6.976763260709996084e-01 7.324208489283035028e-01 7.661326131569674569e-01 7.985162187593420891e-01 8.292778642259092114e-01 8.581297218113808078e-01 8.847943799576188928e-01 9.090092580345819906e-01 9.305308958111874196e-01 9.491390200547987765e-01 9.646402934831133091e-01 9.768716569503214098e-01 9.857031841224144220e-01 9.910403787728635505e-01 9.928258579037901876e-01 9.910403787728635505e-01 9.857031841224144220e-01 9.768716569503214098e-01 9.646402934831133091e-01 9.491390200547987765e-01 9.305308958111874196e-01 9.090092580345819906e-01 8.847943799576188928e-01 8.581297218113808078e-01 8.292778642259092114e-01 7.985162187593420891e-01 7.661326131569674569e-01 7.324208489283035028e-01 6.976763260709996084e-01 6.621918244425138989e-01 6.262535236575871300e-01 5.901373338096315146e-01 5.541055981608888903e-01 5.184042166537917717e-01 4.832602261100548136e-01 4.488798597427263171e-01 4.154470955457081338e-01 3.831226906411881461e-01 3.520436871019968494e-01 3.223233644256082719e-01 2.940516049516688768e-01 2.672956312410158519e-01 2.421010688830626534e-01 2.184932843847576800e-01 1.964789456957515834e-01 1.760477524510657699e-01 1.571742840243960382e-01 1.398199158141774090e-01 1.239347576283465896e-01 1.094595723697712047e-01 9.632763823050331797e-02 8.446652305344555522e-02 7.379974519676797684e-02 6.424830094451143558e-02 5.573204406902033253e-02 4.817090841480489022e-02 4.148596921981958369e-02 3.560034322567107168e-02 3.043993138797312925e-02 2.593401114787816444e-02 2.201568775437462433e-02 1.862221604468154365e-02 1.569520542830928067e-02 1.318072162353775729e-02 1.102929901853177790e-02
1.108901833025584260e-02 1.325209004160871409e-02 1.578018878617921950e-02 1.872304801261500881e-02 2.213489403553664872e-02 2.607443360749170727e-02 3.060475163161354914e-02 3.579310506765261829e-02 4.171059940926775955e-02 4.843173491799620395e-02 5.603381114480500413e-02 6.459618019825183466e-02 7.419934176053481767e-02 8.492387601957704368e-02 9.684921446535420253e-02 1.100522528576743375e-01 1.246058155452475086e-01 1.405769856083419755e-01 1.580253208896481854e-01 1.770009817169765631e-01 1.975428018289024645e-01 2.196763394944127867e-01 2.434119508509070273e-01 2.687429318444125026e-01 2.956437786183329086e-01 3.240686185387239848e-01 3.539498650608324803e-01 3.851971491677472770e-01 4.176965779980438276e-01 4.513103674500238416e-01 4.858768899649758000e-01 5.212111713805971380e-01 5.571058618121889072e-01 5.933326951230358803e-01 6.296444399193333874e-01 6.657773324533641235e-01 7.014539686871918978e-01 7.363866194561367040e-01 7.702809196150857129e-01 8.028398696917072863e-01 8.337680773569849935e-01 8.627761563917136778e-01 8.895851931633907972e-01 9.139311852712461715e-01 9.355693542429015519e-01 9.542782341528921464e-01 9.698634408736515056e-01 9.821610323582958824e-01 9.910403787728724323e-01 9.964064722309905475e-01 9.982016190284314083e-01 9.964064722309905475e-01 9.910403787728724323e-01 9.821610323582958824e-01 9.698634408736515056e-01 9.542782341528921464e-01 9.355693542429015519e-01 9.139311852712461715e-01 8.895851931633907972e-01 8.627761563917136778e-01 8.337680773569849935e-01 8.028398696917072863e-01 7.702809196150857129e-01 7.363866194561367040e-01 7.014539686871918978e-01 6.657773324533641235e-01 6.296444399193333874e-01 5.933326951230358803e-01 5.571058618121889072e-01 5.212111713805971380e-01 4.858768899649758000e-01 4.513103674500238416e-01 4.176965779980438276e-01 3.851971491677472770e-01 3.539498650608324803e-01 3.240686185386519869e-01 2.956437786183329086e-01 2.687429318444125026e-01 2.434119508509070273e-01 2.196763394944127867e-01 1.975428018289024645e-01 1.770009817169765631e-01 1.580253208896481854e-01 1.405769856083419755e-01 1.246058155452475086e-01 1.100522528576743375e-01 9.684921446535420253e-02 8.492387601957704368e-02 7.419934176053481767e-02 6.459618019825183466e-02 5.603381114480500413e-02 4.843173491799620395e-02 4.171059940926775955e-02 3.579310506765261829e-02 3.060475163161354914e-02 2.607443360749170727e-02 2.213489403553664872e-02 1.872304801261500881e-02 1.578018878617921950e-02 1.325209004160871409e-02 1.108901833025584260e-02
1.110899653824344059e-02 1.327596528495638382e-02 1.580861870524551474e-02 1.875677984858259775e-02 2.217477272485388409e-02 2.612140985392354814e-02 3.065988979400949277e-02 3.585759067641137998e-02 4.178574609993668254e-02 4.851899054735628325e-02 5.613476283412941609e-02 6.471255803123675265e-02 7.433302085079208921e-02 8.507687665567510715e-02 9.702370004129964864e-02 1.102505253044873818e-01 1.248303079958222456e-01 1.408302520538568248e-01 1.583100226219400775e-01 1.773198703977809654e-01 1.978986990836326676e-01 2.200721129947954824e-01 2.438504869265033237e-01 2.692271047466192613e-01 2.961764166502641182e-01 3.246524673583942033e-01 3.545875485609196187e-01 3.858911284302132816e-01 4.184491089130829566e-01 4.521234576731029131e-01 4.867522559599623544e-01 5.221501963580282846e-01 5.581095554167008199e-01 5.944016557502059817e-01 6.307788205474743615e-01 6.669768108584895883e-01 7.027177228683822996e-01 7.377133090335754595e-01 7.716686738745373031e-01 8.042862828384576002e-01 8.352702114113051968e-01 8.643305520095931893e-01 8.911878885041691900e-01 9.155777428620009983e-01 9.372548956126809383e-01 9.559974818330881918e-01 9.716107671891356379e-01 9.839305142725094377e-01 9.928258579038078402e-01 9.982016190284404011e-01 1.000000000000000000e+00 9.982016190284404011e-01 9.928258579038078402e-01 9.839305142725094377e-01 9.716107671891356379e-01 9.559974818330881918e-01 9.372548956126809383e-01 9.155777428620009983e-01 8.911878885041691900e-01 8.643305520095931893e-01 8.352702114113051968e-01 8.042862828384576002e-01 7.716686738745373031e-01 7.377133090335754595e-01 7.027177228683822996e-01 6.669768108584895883e-01 6.307788205474743615e-01 5.944016557502059817e-01 5.581095554167008199e-01 5.221501963580282846e-01 4.867522559599623544e-01 4.521234576731029131e-01 4.184491089130829566e-01 3.858911284302132816e-01 3.545875485609196187e-01 3.246524673583220388e-01 2.961764166502641182e-01 2.692271047466192613e-01 2.438504869265033237e-01 2.200721129947954824e-01 1.978986990836326676e-01 1.773198703977809654e-01 1.583100226219400775e-01 1.408302520538568248e-01 1.248303079958222456e-01 1.102505253044873818e-01 9.702370004129964864e-02 8.507687665567510715e-02 7.433302085079208921e-02 6.471255803123675265e-02 5.613476283412941609e-02 4.851899054735628325e-02 4.178574609993668254e-02 3.585759067641137998e-02 3.065988979400949277e-02 2.612140985392354814e-02 2.217477272485388409e-02 1.875677984858259775e-02 1.580861870524551474e-02 1.327596528495638382e-02 1.110899653824344059e-02
1.108901833025584260e-02 1.325209004160871409e-02 1.578018878617921950e-02 1.872304801261500881e-02 2.213489403553664872e-02 2.607443360749170727e-02 3.060475163161354914e-02 3.579310506765261829e-02 4.171059940926775955e-02 4.843173491799620395e-02 5.603381114480500413e-02 6.459618019825183466e-02 7.419934176053481767e-02 8.492387601957704368e-02 9.684921446535420253e-02 1.100522528576743375e-01 1.246058155452475086e-01 1.405769856083419755e-01 1.580253208896481854e-01 1.770009817169765631e-01 1.975428018289024645e-01 2.196763394944127867e-01 2.434119508509070273e-01 2.687429318444125026e-01 2.956437786183329086e-01 3.240686185387239848e-01 3.539498650608324803e-01 3.851971491677472770e-01 4.176965779980438276e-01 4.513103674500238416e-01 4.858768899649758000e-01 5.212111713805971380e-01 5.571058618121889072e-01 5.933326951230358803e-01 6.296444399193333874e-01 6.657773324533641235e-01 7.014539686871918978e-01 7.363866194561367040e-01 7.702809196150857129e-01 8.028398696917072863e-01 8.337680773569849935e-01 8.627761563917136778e-01 8.895851931633907972e-01 9.139311852712461715e-01 9.355693542429015519e-01 9.542782341528921464e-01 9.698634408736515056e-01 9.821610323582958824e-01 9.910403787728724323e-01 9.964064722309905475e-01 9.982016190284314083e-01 9.964064722309905475e-01 9.910403787728724323e-01 9.821610323582958824e-01 9.698634408736515056e-01 9.542782341528921464e-01 9.355693542429015519e-01 9.139311852712461715e-01 8.895851931633907972e-01 8.627761563917136778e-01 8.337680773569849935e-01 8.028398696917072863e-01 7.702809196150857129e-01 7.363866194561367040e-01 7.014539686871918978e-01 6.657773324533641235e-01 6.296444399193333874e-01 5.933326951230358803e-01 5.571058618121889072e-01 5.212111713805971380e-01 4.858768899649758000e-01 4.513103674500238416e-01 4.176965779980438276e-01 3.851971491677472770e-01 3.539498650608324803e-01 3.240686185386519869e-01 2.956437786183329086e-01 2.687429318444125026e-01 2.434119508509070273e-01 2.196763394944127867e-01 1.975428018289024645e-01 1.770009817169765631e-01 1.580253208896481854e-01 1.405769856083419755e-01 1.246058155452475086e-01 1.100522528576743375e-01 9.684921446535420253e-02 8.492387601957704368e-02 7.419934176053481767e-02 6.459618019825183466e-02 5.603381114480500413e-02 4.843173491799620395e-02 4.171059940926775955e-02 3.579310506765261829e-02 3.060475163161354914e-02 2.607443360749170727e-02 2.213489403553664872e-02 1.872304801261500881e-02 1.578018878617921950e-02 1.325209004160871409e-02 1.108901833025584260e-02
1.102929901853177790e-02 1.318072162353775729e-02 1.569520542830928067e-02 1.862221604468154365e-02 2.201568775437462433e-02 2.593401114787816444e-02 3.043993138797312925e-02 3.560034322567107168e-02 4.148596921981958369e-02 4.817090841480489022e-02 5.573204406902033253e-02 6.424830094451143558e-02 7.379974519676797684e-02 8.446652305344555522e-02 9.632763823050331797e-02 1.094595723697712047e-01 1.239347576283465896e-01 1.398199158141774090e-01 1.571742840243960382e-01 1.760477524510657699e-01 1.964789456957515834e-01 2.184932843847576800e-01 2.421010688830626534e-01 2.672956312410158519e-01 2.940516049516688768e-01 3.223233644256799368e-01 3.520436871019968494e-01 3.831226906411881461e-01 4.154470955457081338e-01 4.488798597427263171e-01 4.832602261100548136e-01 5.184042166537917717e-01 5.541055981608888903e-01 5.901373338096315146e-01 6.262535236575871300e-01 6.621918244425138989e-01 6.976763260709996084e-01 7.324208489283035028e-01 7.661326131569674569e-01 7.985162187593420891e-01 8.292778642259092114e-01 8.581297218113808078e-01 8.847943799576188928e-01 9.090092580345819906e-01 9.305308958111874196e-01 9.491390200547987765e-01 9.646402934831133091e-01 9.768716569503214098e-01 9.857031841224144220e-01 9.910403787728635505e-01 9.928258579037901876e-01 9.910403787728635505e-01 9.857031841224144220e-01 9.768716569503214098e-01 9.646402934831133091e-01 9.491390200547987765e-01 9.305308958111874196e-01 9.090092580345819906e-01 8.847943799576188928e-01 8.581297218113808078e-01 8.292778642259092114e-01 7.985162187593420891e-01 7.661326131569674569e-01 7.324208489283035028e-01 6.976763260709996084e-01 6.621918244425138989e-01 6.262535236575871300e-01 5.901373338096315146e-01 5.541055981608888903e-01 5.184042166537917717e-01 4.832602261100548136e-01 4.488798597427263171e-01 4.154470955457081338e-01 3.831226906411881461e-01 3.520436871019968494e-01 3.223233644256082719e-01 2.940516049516688768e-01 2.672956312410158519e-01 2.421010688830626534e-01 2.184932843847576800e-01 1.964789456957515834e-01 1.760477524510657699e-01 1.571742840243960382e-01 1.398199158141774090e-01 1.239347576283465896e-01 1.094595723697712047e-01 9.632763823050331797e-02 8.446652305344555522e-02 7.379974519676797684e-02 6.424830094451143558e-02 5.573204406902033253e-02 4.817090841480489022e-02 4.148596921981958369e-02 3.560034322567107168e-02 3.043993138797312925e-02 2.593401114787816444e-02 2.201568775437462433e-02 1.862221604468154365e-02 1.569520542830928067e-02 1.318072162353775729e-02 1.102929901853177790e-02
1.093048067692481244e-02 1.306262735029042020e-02 1.555458233258939955e-02 1.845536804251113328e-02 2.181843553104033384e-02 2.570165223109262265e-02 3.016720113255660918e-02 3.528137763481269812e-02 4.111427064936900438e-02 4.773931532124074673e-02 5.523270606394736076e-02 6.367266050356099050e-02 7.313852743314512572e-02 8.370973500051279159e-02 9.546457907825256495e-02 1.084788560616527925e-01 1.228243491431185719e-01 1.385671823284710669e-01 1.557660619728897800e-01 1.744704312712140326e-01 1.947185687632088658e-01 2.165356673159953838e-01 2.399319350071834889e-01 2.649007636294257728e-01 2.914170139500678602e-01 3.194354691677667724e-01 3.488895090101554186e-01 3.796900564495184760e-01 4.117248469297010716e-01 4.448580662229375537e-01 4.789303975299643024e-01 5.137595112300190614e-01 5.491410218815268030e-01 5.848499268267001172e-01 6.206425292934502069e-01 6.562588365157968617e-01 6.914254104502572940e-01 7.258586355430419745e-01 7.592683551333183622e-01 7.913618158955263437e-01 8.218478486703892916e-01 8.504412045401955611e-01 8.768669574492921059e-01 9.008648793906239849e-01 9.221936914445632016e-01 9.406350939432042146e-01 9.559974818330626567e-01 9.681192569165131268e-01 9.768716569502869929e-01 9.821610323582524726e-01 9.839305142724569242e-01 9.821610323582524726e-01 9.768716569502869929e-01 9.681192569165131268e-01 9.559974818330626567e-01 9.406350939432042146e-01 9.221936914445632016e-01 9.008648793906239849e-01 8.768669574492921059e-01 8.504412045401955611e-01 8.218478486703892916e-01 7.913618158955263437e-01 7.592683551333183622e-01 7.258586355430419745e-01 6.914254104502572940e-01 6.562588365157968617e-01 6.206425292934502069e-01 5.848499268267001172e-01 5.491410218815268030e-01 5.137595112300190614e-01 4.789303975299643024e-01 4.448580662229375537e-01 4.117248469297010716e-01 3.796900564495184760e-01 3.488895090101554186e-01 3.194354691676958291e-01 2.914170139500678602e-01 2.649007636294257728e-01 2.399319350071834889e-01 2.165356673159953838e-01 1.947185687632088658e-01 1.744704312712140326e-01 1.557660619728897800e-01 1.385671823284710669e-01 1.228243491431185719e-01 1.084788560616527925e-01 9.546457907825256495e-02 8.370973500051279159e-02 7.313852743314512572e-02 6.367266050356099050e-02 5.523270606394736076e-02 4.773931532124074673e-02 4.111427064936900438e-02 3.528137763481269812e-02 3.016720113255660918e-02 2.570165223109262265e-02 2.181843553104033384e-02 1.845536804251113328e-02 1.555458233258939955e-02 1.306262735029042020e-02 1.093048067692481244e-02
1.079362064922454595e-02 1.289907081569326500e-02 1.535982414840466118e-02 1.822428925867971075e-02 2.154524793944077171e-02 2.537984306823341113e-02 2.978947904469297567e-02 3.483962118666329710e-02 4.059948082573135858e-02 4.714157362896094494e-02 5.454113998325060830e-02 6.287541815550365398e-02 7.222276341632669072e-02 8.266160939747889402e-02 9.426927163265909348e-02 1.071205974741020056e-01 1.212864713202812805e-01 1.368321892414920693e-01 1.538157225334380873e-01 1.722858953150722128e-01 1.922805068423870667e-01 2.138244345438150285e-01 2.369277586821126602e-01 2.615839537909819268e-01 2.877681954049025048e-01 3.154358328799464206e-01 3.445210800930022521e-01 3.749359753455742128e-01 4.065696597406652235e-01 4.392880195739838900e-01 4.729337328443183885e-01 5.073267528713997221e-01 5.422652533140275288e-01 5.775270487619706961e-01 6.128714937588115585e-01 6.480418508956031776e-01 6.827681058335757225e-01 7.167701941557738099e-01 7.497615922390887810e-01 7.814532123083998139e-01 8.115575309195985909e-01 8.397928707430798445e-01 8.658877480592324094e-01 8.895851931634777277e-01 9.106469481780427033e-01 9.288574467547616731e-01 9.440274829178944005e-01 9.559974818331476998e-01 9.646402934831649345e-01 9.698634408736949153e-01 9.716107671891703879e-01 9.698634408736949153e-01 9.646402934831649345e-01 9.559974818331476998e-01 9.440274829178944005e-01 9.288574467547616731e-01 9.106469481780427033e-01 8.895851931634777277e-01 8.658877480592324094e-01 8.397928707430798445e-01 8.115575309195985909e-01 7.814532123083998139e-01 7.497615922390887810e-01 7.167701941557738099e-01 6.827681058335757225e-01 6.480418508956031776e-01 6.128714937588115585e-01 5.775270487619706961e-01 5.422652533140275288e-01 5.073267528713997221e-01 4.729337328443183885e-01 4.392880195739838900e-01 4.065696597406652235e-01 3.749359753455742128e-01 3.445210800930022521e-01 3.154358328798763655e-01 2.877681954049025048e-01 2.615839537909819268e-01 2.369277586821126602e-01 2.138244345438150285e-01 1.922805068423870667e-01 1.722858953150722128e-01 1.538157225334380873e-01 1.368321892414920693e-01 1.212864713202812805e-01 1.071205974741020056e-01 9.426927163265909348e-02 8.266160939747889402e-02 7.222276341632669072e-02 6.287541815550365398e-02 5.454113998325060830e-02 4.714157362896094494e-02 4.059948082573135858e-02 3.483962118666329710e-02 2.978947904469297567e-02 2.537984306823341113e-02 2.154524793944077171e-02 1.822428925867971075e-02 1.535982414840466118e-02 1.289907081569326500e-02 1.079362064922454595e-02
1.062017271625369415e-02 1.269178938132236277e-02 1.511299967347483689e-02 1.793143430254337534e-02 2.119902688518230174e-02 2.497200204228203560e-02 2.931077743635436897e-02 3.427976639125242253e-02 3.994706804805802508e-02 4.638403278435807714e-02 5.366469191272773415e-02 6.186504252084266270e-02 7.106218075040683646e-02 8.133327984505324404e-02 9.275441291761547802e-02 1.053992245618697726e-01 1.193374601004601743e-01 1.346333663294121963e-01 1.513439829755206245e-01 1.695173495792556828e-01 1.891906579820052947e-01 2.103883858447206934e-01 2.331204514455199328e-01 2.573804341789925343e-01 2.831439084960126196e-01 3.103669412655374327e-01 3.389848035136220350e-01 3.689109470410291136e-01 4.000362943962247342e-01 4.322288870131744121e-01 4.653339309743194652e-01 4.991742728569496523e-01 5.335513295653740995e-01 5.682464860946402352e-01 6.030229640370576849e-01 6.376281516218081924e-01 6.717963735016851956e-01 7.052520657508842827e-01 7.377133090335689092e-01 7.688956610664945401e-01 7.985162187594343486e-01 8.262978311926107988e-01 8.519733772501704161e-01 8.752900165985344483e-01 8.960133200414966970e-01 9.139311852712462825e-01 9.288574467547698887e-01 9.406350939432961411e-01 9.491390200548578404e-01 9.542782341529428836e-01 9.559974818331306023e-01 9.542782341529428836e-01 9.491390200548578404e-01 9.406350939432961411e-01 9.288574467547698887e-01 9.139311852712462825e-01 8.960133200414966970e-01 8.752900165985344483e-01 8.519733772501704161e-01 8.262978311926107988e-01 7.985162187594343486e-01 7.688956610664945401e-01 7.377133090335689092e-01 7.052520657508842827e-01 6.717963735016851956e-01 6.376281516218081924e-01 6.030229640370576849e-01 5.682464860946402352e-01 5.335513295653740995e-01 4.991742728569496523e-01 4.653339309743194652e-01 4.322288870131744121e-01 4.000362943962247342e-01 3.689109470410291136e-01 3.389848035136220350e-01 3.103669412654684878e-01 2.831439084960126196e-01 2.573804341789925343e-01 2.331204514455199328e-01 2.103883858447206934e-01 1.891906579820052947e-01 1.695173495792556828e-01 1.513439829755206245e-01 1.346333663294121963e-01 1.193374601004601743e-01 1.053992245618697726e-01 9.275441291761547802e-02 8.133327984505324404e-02 7.106218075040683646e-02 6.186504252084266270e-02 5.366469191272773415e-02 4.638403278435807714e-02 3.994706804805802508e-02 3.427976639125242253e-02 2.931077743635436897e-02 2.497200204228203560e-02 2.119902688518230174e-02 1.793143430254337534e-02 1.511299967347483689e-02 1.269178938132236277e-02 1.062017271625369415e-02
1.041196139081299044e-02 1.244296345730937225e-02 1.481670527436555924e-02 1.757988373901332030e-02 2.078341429546785510e-02 2.448241926589517226e-02 2.873613180838066605e-02 3.360770240634219225e-02 3.916389509899414340e-02 4.547466142069507555e-02 5.261258128034457249e-02 6.065216182239636933e-02 6.966898769808436975e-02 7.973871914896771274e-02 9.093593785416437258e-02 1.033328445855005578e-01 1.169978172899232144e-01 1.319938431878451557e-01 1.483768437269676055e-01 1.661939166197263229e-01 1.854815245515155087e-01 2.062636652921991942e-01 2.285500626694013382e-01 2.523344219553970147e-01 2.775927964704812401e-01 3.042821144043910686e-01 3.323389158120211295e-01 3.616783492947192591e-01 3.921934758935509691e-01 4.237549241254484622e-01 4.562109348489914451e-01 4.893878277816846034e-01 5.230909131025197611e-01 5.571058618121640382e-01 5.912005376069131568e-01 6.251272812372524745e-01 6.586256259921866585e-01 6.914254104503493314e-01 7.232502423798553570e-01 7.538212560644698135e-01 7.828610948046847984e-01 8.100980412986021895e-01 8.352702114112606768e-01 8.581297218114188885e-01 8.784467393499375554e-01 8.960133200414569510e-01 9.106469481780102848e-01 9.221936914446122735e-01 9.305308958112038509e-01 9.355693542429099896e-01 9.372548956126809383e-01 9.355693542429099896e-01 9.305308958112038509e-01 9.221936914446122735e-01 9.106469481780102848e-01 8.960133200414569510e-01 8.784467393499375554e-01 8.581297218114188885e-01 8.352702114112606768e-01 8.100980412986021895e-01 7.828610948046847984e-01 7.538212560644698135e-01 7.232502423798553570e-01 6.914254104503493314e-01 6.586256259921866585e-01 6.251272812372524745e-01 5.912005376069131568e-01 5.571058618121640382e-01 5.230909131025197611e-01 4.893878277816846034e-01 4.562109348489914451e-01 4.237549241254484622e-01 3.921934758935509691e-01 3.616783492947192591e-01 3.323389158120211295e-01 3.042821144043234560e-01 2.775927964704812401e-01 2.523344219553970147e-01 2.285500626694013382e-01 2.062636652921991942e-01 1.854815245515155087e-01 1.661939166197263229e-01 1.483768437269676055e-01 1.319938431878451557e-01 1.169978172899232144e-01 1.033328445855005578e-01 9.093593785416437258e-02 7.973871914896771274e-02 6.966898769808436975e-02 6.065216182239636933e-02 5.261258128034457249e-02 4.547466142069507555e-02 3.916389509899414340e-02 3.360770240634219225e-02 2.873613180838066605e-02 2.448241926589517226e-02 2.078341429546785510e-02 1.757988373901332030e-02 1.481670527436555924e-02 1.244296345730937225e-02 1.041196139081299044e-02
1.017114997594608002e-02 1.215517832991389220e-02 1.447401943191379929e-02 1.717329015712365514e-02 2.030272835989832200e-02 2.391618147442706871e-02 2.807151269399516674e-02 3.283041193597621699e-02 3.825809909798231351e-02 4.442290785128847480e-02 5.139573945176276193e-02 5.924937781706231948e-02 6.805765945067805689e-02 7.789449469814703486e-02 8.883274028792745303e-02 1.009429271076262014e-01 1.142918516355762443e-01 1.289410443021488939e-01 1.449451331846191848e-01 1.623501267033727602e-01 1.811916442223074630e-01 2.014931284826335933e-01 2.232640784159539704e-01 2.464983448811658984e-01 2.711725350455875816e-01 2.972445732785595207e-01 3.246524673583567888e-01 3.533133283585832563e-01 3.831226906412323330e-01 4.139541748712772806e-01 4.456595318447815757e-01 4.780690982164043645e-01 5.109926870181060732e-01 5.442209263251759355e-01 5.775270487619759141e-01 6.106691230270736570e-01 6.433927065729186934e-01 6.754338863641768942e-01 7.065226626633185347e-01 7.363866194560582112e-01 7.647548148437817161e-01 7.913618158955615378e-01 8.159517954225490310e-01 8.382826032242243208e-01 8.581297218113655978e-01 8.752900165984413006e-01 8.895851931633907972e-01 9.008648793906159913e-01 9.090092580345416895e-01 9.139311852711977657e-01 9.155777428619441549e-01 9.139311852711977657e-01 9.090092580345416895e-01 9.008648793906159913e-01 8.895851931633907972e-01 8.752900165984413006e-01 8.581297218113655978e-01 8.382826032242243208e-01 8.159517954225490310e-01 7.913618158955615378e-01 7.647548148437817161e-01 7.363866194560582112e-01 7.065226626633185347e-01 6.754338863641768942e-01 6.433927065729186934e-01 6.106691230270736570e-01 5.775270487619759141e-01 5.442209263251759355e-01 5.109926870181060732e-01 4.780690982164043645e-01 4.456595318447815757e-01 4.139541748712772806e-01 3.831226906412323330e-01 3.533133283585832563e-01 3.246524673583567888e-01 2.972445732784935180e-01 2.711725350455875816e-01 2.464983448811658984e-01 2.232640784159539704e-01 2.014931284826335933e-01 1.811916442223074630e-01 1.623501267033727602e-01 1.449451331846191848e-01 1.289410443021488939e-01 1.142918516355762443e-01 1.009429271076262014e-01 8.883274028792745303e-02 7.789449469814703486e-02 6.805765945067805689e-02 5.924937781706231948e-02 5.139573945176276193e-02 4.442290785128847480e-02 3.825809909798231351e-02 3.283041193597621699e-02 2.807151269399516674e-02 2.391618147442706871e-02 2.030272835989832200e-02 1.717329015712365514e-02 1.447401943191379929e-02 1.215517832991389220e-02 1.017114997594608002e-02
9.900203168316593083e-03 1.183137947015409051e-02 1.408844952409426220e-02 1.671581502839468783e-02 1.976188888272097099e-02 2.327908409246847235e-02 2.732372244729189964e-02 3.195585052175556329e-02 3.723895083637124293e-02 4.323953673824911664e-02 5.002662076182655404e-02 5.767104795155729435e-02 6.624468789814907943e-02 7.581948206729534345e-02 8.646634637466156514e-02 9.825393285257459641e-02 1.112472586041140243e-01 1.255062149653776715e-01 1.410839747894839791e-01 1.580253208896201245e-01 1.763649237740519959e-01 1.961256016984687933e-01 2.173166005547285951e-01 2.399319350072133539e-01 2.639488353792611708e-01 2.893263468827754203e-01 3.160041286918530146e-01 3.439014999381884707e-01 3.729167778186750493e-01 4.029269495868680884e-01 4.337877152135688474e-01 4.653339309743154129e-01 4.973804762457748607e-01 5.297235565113704858e-01 5.621424451968138891e-01 5.944016557501796694e-01 6.262535236574869879e-01 6.574411661990090527e-01 6.877017760950123737e-01 7.167701941556210432e-01 7.443826960380190982e-01 7.702809196150175453e-01 7.942158526164629917e-01 8.159517954225418146e-01 8.352702114112012799e-01 8.519733772500721614e-01 8.658877480591401499e-01 8.768669574492765628e-01 8.847943799575719304e-01 8.895851931633356191e-01 8.911878885041059073e-01 8.895851931633356191e-01 8.847943799575719304e-01 8.768669574492765628e-01 8.658877480591401499e-01 8.519733772500721614e-01 8.352702114112012799e-01 8.159517954225418146e-01 7.942158526164629917e-01 7.702809196150175453e-01 7.443826960380190982e-01 7.167701941556210432e-01 6.877017760950123737e-01 6.574411661990090527e-01 6.262535236574869879e-01 5.944016557501796694e-01 5.621424451968138891e-01 5.297235565113704858e-01 4.973804762457748607e-01 4.653339309743154129e-01 4.337877152135688474e-01 4.029269495868680884e-01 3.729167778186750493e-01 3.439014999381884707e-01 3.160041286918530146e-01 2.893263468827111384e-01 2.639488353792611708e-01 2.399319350072133539e-01 2.173166005547285951e-01 1.961256016984687933e-01 1.763649237740519959e-01 1.580253208896201245e-01 1.410839747894839791e-01 1.255062149653776715e-01 1.112472586041140243e-01 9.825393285257459641e-02 8.646634637466156514e-02 7.581948206729534345e-02 6.624468789814907943e-02 5.767104795155729435e-02 5.002662076182655404e-02 4.323953673824911664e-02 3.723895083637124293e-02 3.195585052175556329e-02 2.732372244729189964e-02 2.327908409246847235e-02 1.976188888272097099e-02 1.671581502839468783e-02 1.408844952409426220e-02 1.183137947015409051e-02 9.900203168316593083e-03
9.601845110171074865e-03 1.147482240320471004e-02 1.366387213201184989e-02 1.621205788044521520e-02 1.916633354995716382e-02 2.257753259830695344e-02 2.650027947020527214e-02 3.099281114307172319e-02 3.611669699268519468e-02 4.193644588273798268e-02 4.851899054734291200e-02 5.593304100508274257e-02 6.424830094449544837e-02 7.353454376303995843e-02 8.386054821469629550e-02 9.529289739575994012e-02 1.078946490175393125e-01 1.217238894973407259e-01 1.368321892414507412e-01 1.532629814631590037e-01 1.710498918209092112e-01 1.902150509066787287e-01 2.107674259729589994e-01 2.327012120615528090e-01 2.559943256955050650e-01 2.806070463231123413e-01 3.064808515833389868e-01 3.335374920516376851e-01 3.616783492947094891e-01 3.907841177470164351e-01 4.207148460857216832e-01 4.513103674499797657e-01 4.823911401150685063e-01 5.137595112299094824e-01 5.452014061596713868e-01 5.764884351068240154e-01 6.073803973136560064e-01 6.376281516217118250e-01 6.669768108583827848e-01 6.951692068193966456e-01 7.219495629061873920e-01 7.470673031370884676e-01 7.702809196149489335e-01 7.913618158954840442e-01 8.100980412984726264e-01 8.262978311924419339e-01 8.397928707429156425e-01 8.504412045401047449e-01 8.581297218112587943e-01 8.627761563915834486e-01 8.643305520094548555e-01 8.627761563915834486e-01 8.581297218112587943e-01 8.504412045401047449e-01 8.397928707429156425e-01 8.262978311924419339e-01 8.100980412984726264e-01 7.913618158954840442e-01 7.702809196149489335e-01 7.470673031370884676e-01 7.219495629061873920e-01 6.951692068193966456e-01 6.669768108583827848e-01 6.376281516217118250e-01 6.073803973136560064e-01 5.764884351068240154e-01 5.452014061596713868e-01 5.137595112299094824e-01 4.823911401150685063e-01 4.513103674499797657e-01 4.207148460857216832e-01 3.907841177470164351e-01 3.616783492947094891e-01 3.335374920516376851e-01 3.064808515833389868e-01 2.806070463230500023e-01 2.559943256955050650e-01 2.327012120615528090e-01 2.107674259729589994e-01 1.902150509066787287e-01 1.710498918209092112e-01 1.532629814631590037e-01 1.368321892414507412e-01 1.217238894973407259e-01 1.078946490175393125e-01 9.529289739575994012e-02 8.386054821469629550e-02 7.353454376303995843e-02 6.424830094449544837e-02 5.593304100508274257e-02 4.851899054734291200e-02 4.193644588273798268e-02 3.611669699268519468e-02 3.099281114307172319e-02 2.650027947020527214e-02 2.257753259830695344e-02 1.916633354995716382e-02 1.621205788044521520e-02 1.366387213201184989e-02 1.147482240320471004e-02 9.601845110171074865e-03
9.279013887066879171e-03 1.108901833025565005e-02 1.320446828805230642e-02 1.566697946952228665e-02 1.852192710188799163e-02 2.181843553105000666e-02 2.560929263009189757e-02 2.995077734498883051e-02 3.490238897887632669e-02 4.052646749195699949e-02 4.688769521999091444e-02 5.405247202772227311e-02 6.208815804088758245e-02 7.106218075040558746e-02 8.104100644541060994e-02 9.208897957929479405e-02 1.042670377502180473e-01 1.176313144061428284e-01 1.322316460639681168e-01 1.481100056345928950e-01 1.652988882216227806e-01 1.838196803469118179e-01 2.036810477678682452e-01 2.248773806993822899e-01 2.473873381505308777e-01 2.711725350456717920e-01 2.961764166503220164e-01 3.223233644256799368e-01 3.495180756667340960e-01 3.776452560746564324e-01 4.065696597406435187e-01 4.361365049004634065e-01 4.661722863436185693e-01 4.964859966617484188e-01 5.268707587925093305e-01 5.571058618122580741e-01 5.869591809427967544e-01 6.161899515974628150e-01 6.445518563667234080e-01 6.717963735017508098e-01 6.976763260711482673e-01 7.219495629063670261e-01 7.443826960381380031e-01 7.647548148438970683e-01 7.828610948047542983e-01 7.985162187594697647e-01 8.115575309196418896e-01 8.218478486705059760e-01 8.292778642259976962e-01 8.337680773570664838e-01 8.352702114113793597e-01 8.337680773570664838e-01 8.292778642259976962e-01 8.218478486705059760e-01 8.115575309196418896e-01 7.985162187594697647e-01 7.828610948047542983e-01 7.647548148438970683e-01 7.443826960381380031e-01 7.219495629063670261e-01 6.976763260711482673e-01 6.717963735017508098e-01 6.445518563667234080e-01 6.161899515974628150e-01 5.869591809427967544e-01 5.571058618122580741e-01 5.268707587925093305e-01 4.964859966617484188e-01 4.661722863436185693e-01 4.361365049004634065e-01 4.065696597406435187e-01 3.776452560746564324e-01 3.495180756667340960e-01 3.223233644256799368e-01 2.961764166503220164e-01 2.711725350456115624e-01 2.473873381505308777e-01 2.248773806993822899e-01 2.036810477678682452e-01 1.838196803469118179e-01 1.652988882216227806e-01 1.481100056345928950e-01 1.322316460639681168e-01 1.176313144061428284e-01 1.042670377502180473e-01 9.208897957929479405e-02 8.104100644541060994e-02 7.106218075040558746e-02 6.208815804088758245e-02 5.405247202772227311e-02 4.688769521999091444e-02 4.052646749195699949e-02 3.490238897887632669e-02 2.995077734498883051e-02 2.560929263009189757e-02 2.181843553105000666e-02 1.852192710188799163e-02 1.566697946952228665e-02 1.320446828805230642e-02 1.108901833025565005e-02 9.279013887066879171e-03
8.934813531809982987e-03 1.067767677013101851e-02 1.271465517525366754e-02 1.508582074243725903e-02 1.783486552766209293e-02 2.100909163391408152e-02 2.465932879466306571e-02 2.883976831667665885e-02 3.360770240635293366e-02 3.902315855441126913e-02 4.514841973788476931e-02 5.204742275191646950e-02 5.978502903224297560e-02 6.842616488090555449e-02 7.803483105345802862e-02 8.867298517814213576e-02 1.003993044035494803e-01 1.132678399356106397e-01 1.273265796306847497e-01 1.426159394356422416e-01 1.591672090645569471e-01 1.770009817170064004e-01 1.961256016984844475e-01 2.165356673160396539e-01 2.382106292120784730e-01 2.611135261860420553e-01 2.851899013728909638e-01 3.103669412655044035e-01 3.365528783648013000e-01 3.636366951560062177e-01 3.914881626093098532e-01 4.199582405122102569e-01 4.488798597427663961e-01 4.780690982164043645e-01 5.073267528714041630e-01 5.364402999448759646e-01 5.651862252105719353e-01 5.933326951231308044e-01 6.206425292934942828e-01 6.468764247621665575e-01 6.717963735017569160e-01 6.951692068195758356e-01 7.167701941557420575e-01 7.363866194561760059e-01 7.538212560645435323e-01 7.688956610665356184e-01 7.814532123084483306e-01 7.913618158956458037e-01 7.985162187594344596e-01 8.028398696917929955e-01 8.042862828385362040e-01 8.028398696917929955e-01 7.985162187594344596e-01 7.913618158956458037e-01 7.814532123084483306e-01 7.688956610665356184e-01 7.538212560645435323e-01 7.363866194561760059e-01 7.167701941557420575e-01 6.951692068195758356e-01 6.717963735017569160e-01 6.468764247621665575e-01 6.206425292934942828e-01 5.933326951231308044e-01 5.651862252105719353e-01 5.364402999448759646e-01 5.073267528714041630e-01 4.780690982164043645e-01 4.488798597427663961e-01 4.199582405122102569e-01 3.914881626093098532e-01 3.636366951560062177e-01 3.365528783648013000e-01 3.103669412655044035e-01 2.851899013728909638e-01 2.611135261859840462e-01 2.382106292120784730e-01 2.165356673160396539e-01 1.961256016984844475e-01 1.770009817170064004e-01 1.591672090645569471e-01 1.426159394356422416e-01 1.273265796306847497e-01 1.132678399356106397e-01 1.003993044035494803e-01 8.867298517814213576e-02 7.803483105345802862e-02 6.842616488090555449e-02 5.978502903224297560e-02 5.204742275191646950e-02 4.514841973788476931e-02 3.902315855441126913e-02 3.360770240635293366e-02 2.883976831667665885e-02 2.465932879466306571e-02 2.100909163391408152e-02 1.783486552766209293e-02 1.508582074243725903e-02 1.271465517525366754e-02 1.067767677013101851e-02 8.934813531809982987e-03
8.572464626743140151e-03 1.024464652584668525e-02 1.219901583206501119e-02 1.447401943191237855e-02 1.711157746205725638e-02 2.015707370171045468e-02 2.365927649848276193e-02 2.767017944560233589e-02 3.224475127979625072e-02 3.744058509340963264e-02 4.331743799447430876e-02 4.993665383899349719e-02 5.736046362501905777e-02 6.565116058627237794e-02 7.487014994527059486e-02 8.507687665568489099e-02 9.632763823048620666e-02 1.086742938438165218e-01 1.221628852177204932e-01 1.368321892414604557e-01 1.527122266833629005e-01 1.698227555914611497e-01 1.881717818702350331e-01 2.077541228909048354e-01 2.285500626694217385e-01 2.505241389565485144e-01 2.736241033704279180e-01 2.977800953356914415e-01 3.229040689589405266e-01 3.488895090101737928e-01 3.756114678620634528e-01 4.029269495869288731e-01 4.306756605051131337e-01 4.586811374415906140e-01 4.867522559600143128e-01 5.146851111402386270e-01 5.422652533139791231e-01 5.692702508815359330e-01 5.954725422392869172e-01 6.206425292934335536e-01 6.445518563666662315e-01 6.669768108584894772e-01 6.877017760950611125e-01 7.065226626633623885e-01 7.232502423798553570e-01 7.377133090335361576e-01 7.497615922390621357e-01 7.592683551333587744e-01 7.661326131569812237e-01 7.702809196150927074e-01 7.716686738745373031e-01 7.702809196150927074e-01 7.661326131569812237e-01 7.592683551333587744e-01 7.497615922390621357e-01 7.377133090335361576e-01 7.232502423798553570e-01 7.065226626633623885e-01 6.877017760950611125e-01 6.669768108584894772e-01 6.445518563666662315e-01 6.206425292934335536e-01 5.954725422392869172e-01 5.692702508815359330e-01 5.422652533139791231e-01 5.146851111402386270e-01 4.867522559600143128e-01 4.586811374415906140e-01 4.306756605051131337e-01 4.029269495869288731e-01 3.756114678620634528e-01 3.488895090101737928e-01 3.229040689589405266e-01 2.977800953356914415e-01 2.736241033704279180e-01 2.505241389564928922e-01 2.285500626694217385e-01 2.077541228909048354e-01 1.881717818702350331e-01 1.698227555914611497e-01 1.527122266833629005e-01 1.368321892414604557e-01 1.221628852177204932e-01 1.086742938438165218e-01 9.632763823048620666e-02 8.507687665568489099e-02 7.487014994527059486e-02 6.565116058627237794e-02 5.736046362501905777e-02 4.993665383899349719e-02 4.331743799447430876e-02 3.744058509340963264e-02 3.224475127979625072e-02 2.767017944560233589e-02 2.365927649848276193e-02 2.015707370171045468e-02 1.711157746205725638e-02 1.447401943191237855e-02 1.219901583206501119e-02 1.024464652584668525e-02 8.572464626743140151e-03
8.195254596269158087e-03 9.793856280978919041e-03 1.166222841629540111e-02 1.383712612891056098e-02 1.635862496391754864e-02 1.927011169995796261e-02 2.261820875454087845e-02 2.645262187186386491e-02 3.082590102581755226e-02 3.579310506765484567e-02 4.141136164217579935e-02 4.773931532124543742e-02 5.483645878229326948e-02 6.276234419989218383e-02 7.157567481213995830e-02 8.133327984505393793e-02 9.208897957926780176e-02 1.038923512546712363e-01 1.167874106415981300e-01 1.308112283485366456e-01 1.459925041544096191e-01 1.623501267033827800e-01 1.798917496199786692e-01 1.986124183241346486e-01 2.184932843847481043e-01 2.395004459808481867e-01 2.615839537909494528e-01 2.846770212809202616e-01 3.086954767983858261e-01 3.335374920516879782e-01 3.590836174237402867e-01 3.851971491677677051e-01 4.117248469296645452e-01 4.384980123584700240e-01 4.653339309743195207e-01 4.920376701870207703e-01 5.184042166537136120e-01 5.442209263252049123e-01 5.692702508814702078e-01 5.933326951230043500e-01 6.161899515973370267e-01 6.376281516217403578e-01 6.574411661989798539e-01 6.754338863641409230e-01 6.914254104502695064e-01 7.052520657507715951e-01 7.167701941556655632e-01 7.258586355429967885e-01 7.324208489282320045e-01 7.363866194560583223e-01 7.377133090334903054e-01 7.363866194560583223e-01 7.324208489282320045e-01 7.258586355429967885e-01 7.167701941556655632e-01 7.052520657507715951e-01 6.914254104502695064e-01 6.754338863641409230e-01 6.574411661989798539e-01 6.376281516217403578e-01 6.161899515973370267e-01 5.933326951230043500e-01 5.692702508814702078e-01 5.442209263252049123e-01 5.184042166537136120e-01 4.920376701870207703e-01 4.653339309743195207e-01 4.384980123584700240e-01 4.117248469296645452e-01 3.851971491677677051e-01 3.590836174237402867e-01 3.335374920516879782e-01 3.086954767983858261e-01 2.846770212809202616e-01 2.615839537909494528e-01 2.395004459807949515e-01 2.184932843847481043e-01 1.986124183241346486e-01 1.798917496199786692e-01 1.623501267033827800e-01 1.459925041544096191e-01 1.308112283485366456e-01 1.167874106415981300e-01 1.038923512546712363e-01 9.208897957926780176e-02 8.133327984505393793e-02 7.157567481213995830e-02 6.276234419989218383e-02 5.483645878229326948e-02 4.773931532124543742e-02 4.141136164217579935e-02 3.579310506765484567e-02 3.082590102581755226e-02 2.645262187186386491e-02 2.261820875454087845e-02 1.927011169995796261e-02 1.635862496391754864e-02 1.383712612891056098e-02 1.166222841629540111e-02 9.793856280978919041e-03 8.195254596269158087e-03
7.806488750706200644e-03 9.329256093923083901e-03 1.110899653824326018e-02 1.318072162353788566e-02 1.558260579433129803e-02 1.835597765065859546e-02 2.154524793943922434e-02 2.519776446767120481e-02 2.936358434770023479e-02 3.409515455330653505e-02 3.944689271255121671e-02 4.547466142069307715e-02 5.223513114619009884e-02 5.978502903222279730e-02 6.818027355727858396e-02 7.747499808700268609e-02 8.772046977977211724e-02 9.896391403425428002e-02 1.112472586041179795e-01 1.246058155452298144e-01 1.390669231786482440e-01 1.546485741105168010e-01 1.713580588933173443e-01 1.891906579819682410e-01 2.081284170757649599e-01 2.281390425856641979e-01 2.491749546821803440e-01 2.711725350455562178e-01 2.940516049516687658e-01 3.177151666313828282e-01 3.420494369091901521e-01 3.669241969799466596e-01 3.921934758934604304e-01 4.176965779979288640e-01 4.432594564086700384e-01 4.686964257324351957e-01 4.938121980332631500e-01 5.184042166537088381e-01 5.422652533139117326e-01 5.651862252104462581e-01 5.869591809426716322e-01 6.073803973136776557e-01 6.262535236574535702e-01 6.433927065728786143e-01 6.586256259921046130e-01 6.717963735015718418e-01 6.827681058334664765e-01 6.914254104502080001e-01 6.976763260709252235e-01 7.014539686871108515e-01 7.027177228682949250e-01 7.014539686871108515e-01 6.976763260709252235e-01 6.914254104502080001e-01 6.827681058334664765e-01 6.717963735015718418e-01 6.586256259921046130e-01 6.433927065728786143e-01 6.262535236574535702e-01 6.073803973136776557e-01 5.869591809426716322e-01 5.651862252104462581e-01 5.422652533139117326e-01 5.184042166537088381e-01 4.938121980332631500e-01 4.686964257324351957e-01 4.432594564086700384e-01 4.176965779979288640e-01 3.921934758934604304e-01 3.669241969799466596e-01 3.420494369091901521e-01 3.177151666313828282e-01 2.940516049516687658e-01 2.711725350455562178e-01 2.491749546821803440e-01 2.281390425856135162e-01 2.081284170757649599e-01 1.891906579819682410e-01 1.713580588933173443e-01 1.546485741105168010e-01 1.390669231786482440e-01 1.246058155452298144e-01 1.112472586041179795e-01 9.896391403425428002e-02 8.772046977977211724e-02 7.747499808700268609e-02 6.818027355727858396e-02 5.978502903222279730e-02 5.223513114619009884e-02 4.547466142069307715e-02 3.944689271255121671e-02 3.409515455330653505e-02 2.936358434770023479e-02 2.519776446767120481e-02 2.154524793943922434e-02 1.835597765065859546e-02 1.558260579433129803e-02 1.318072162353788566e-02 1.110899653824326018e-02 9.329256093923083901e-03 7.806488750706200644e-03
7.409443082913635091e-03 8.854760986825867264e-03 1.054398208809970670e-02 1.251033720537906950e-02 1.479005919353091822e-02 1.742237463949280682e-02 2.044943551607574656e-02 2.391618147441559178e-02 2.787012367307090122e-02 3.236104158134026770e-02 3.744058509339532465e-02 4.316177557815771559e-02 4.957840118852569616e-02 5.674430386958811967e-02 6.471255803121948869e-02 7.353454376304058293e-02 8.325892072551432932e-02 9.393051238725362573e-02 1.055891140152887681e-01 1.182682416597211073e-01 1.319938431878099894e-01 1.467829960841187109e-01 1.626426200964856406e-01 1.795682357205167778e-01 1.975428018288357401e-01 2.165356673159838929e-01 2.365016723092288609e-01 2.573804341788988315e-01 2.790958521693504002e-01 3.015558619130390694e-01 3.246524673582643072e-01 3.482620727559189167e-01 3.722461313813812955e-01 3.964521207211724185e-01 4.207148460857217387e-01 4.448580662228427407e-01 4.686964257323685268e-01 4.920376701869463854e-01 5.146851111401014034e-01 5.364402999446805653e-01 5.571058618120601214e-01 5.764884351067625090e-01 5.944016557500633180e-01 6.106691230269488679e-01 6.251272812370858301e-01 6.376281516216099066e-01 6.480418508954073342e-01 6.562588365156568626e-01 6.621918244423491418e-01 6.657773324531927051e-01 6.669768108583117305e-01 6.657773324531927051e-01 6.621918244423491418e-01 6.562588365156568626e-01 6.480418508954073342e-01 6.376281516216099066e-01 6.251272812370858301e-01 6.106691230269488679e-01 5.944016557500633180e-01 5.764884351067625090e-01 5.571058618120601214e-01 5.364402999446805653e-01 5.146851111401014034e-01 4.920376701869463854e-01 4.686964257323685268e-01 4.448580662228427407e-01 4.207148460857217387e-01 3.964521207211724185e-01 3.722461313813812955e-01 3.482620727559189167e-01 3.246524673582643072e-01 3.015558619130390694e-01 2.790958521693504002e-01 2.573804341788988315e-01 2.365016723092288609e-01 2.165356673159357648e-01 1.975428018288357401e-01 1.795682357205167778e-01 1.626426200964856406e-01 1.467829960841187109e-01 1.319938431878099894e-01 1.182682416597211073e-01 1.055891140152887681e-01 9.393051238725362573e-02 8.325892072551432932e-02 7.353454376304058293e-02 6.471255803121948869e-02 5.674430386958811967e-02 4.957840118852569616e-02 4.316177557815771559e-02 3.744058509339532465e-02 3.236104158134026770e-02 2.787012367307090122e-02 2.391618147441559178e-02 2.044943551607574656e-02 1.742237463949280682e-02 1.479005919353091822e-02 1.251033720537906950e-02 1.054398208809970670e-02 8.854760986825867264e-03 7.409443082913635091e-03
7.007319733860168515e-03 8.374197724075192056e-03 9.971741861380924166e-03 1.183137947015924958e-02 1.398737698529362548e-02 1.647683209869741164e-02 1.933960912238360044e-02 2.261820875454409463e-02 2.635756364061803136e-02 3.060475163161980455e-02 3.540861949222938454e-02 4.081931102955931034e-02 4.688769522000011541e-02 5.366469191273732370e-02 6.120049507721164045e-02 6.954369631631389381e-02 7.874031444619392084e-02 8.883274028794796440e-02 9.985860935032553343e-02 1.118496187091591876e-01 1.248303079958710815e-01 1.388168278702673342e-01 1.538157225334489397e-01 1.698227555915079734e-01 1.868218107686575036e-01 2.047839004481843972e-01 2.236663156621089277e-01 2.434119508509784424e-01 2.639488353793736364e-01 2.851899013729263799e-01 3.070330139132909641e-01 3.293612850073959764e-01 3.520436871020718450e-01 3.749359753456340538e-01 3.978819204513194263e-01 4.207148460858937122e-01 4.432594564087881661e-01 4.653339309744393693e-01 4.867522559600834242e-01 5.073267528714267005e-01 5.268707587925375302e-01 5.452014061598360328e-01 5.621424451969337932e-01 5.775270487620938198e-01 5.912005376069972007e-01 6.030229640371166377e-01 6.128714937588768397e-01 6.206425292935715543e-01 6.262535236576872721e-01 6.296444399194285335e-01 6.307788205475640675e-01 6.296444399194285335e-01 6.262535236576872721e-01 6.206425292935715543e-01 6.128714937588768397e-01 6.030229640371166377e-01 5.912005376069972007e-01 5.775270487620938198e-01 5.621424451969337932e-01 5.452014061598360328e-01 5.268707587925375302e-01 5.073267528714267005e-01 4.867522559600834242e-01 4.653339309744393693e-01 4.432594564087881661e-01 4.207148460858937122e-01 3.978819204513194263e-01 3.749359753456340538e-01 3.520436871020718450e-01 3.293612850073959764e-01 3.070330139132909641e-01 2.851899013729263799e-01 2.639488353793736364e-01 2.434119508509784424e-01 2.236663156621089277e-01 2.047839004481389058e-01 1.868218107686575036e-01 1.698227555915079734e-01 1.538157225334489397e-01 1.388168278702673342e-01 1.248303079958710815e-01 1.118496187091591876e-01 9.985860935032553343e-02 8.883274028794796440e-02 7.874031444619392084e-02 6.954369631631389381e-02 6.120049507721164045e-02 5.366469191273732370e-02 4.688769522000011541e-02 4.081931102955931034e-02 3.540861949222938454e-02 3.060475163161980455e-02 2.635756364061803136e-02 2.261820875454409463e-02 1.933960912238360044e-02 1.647683209869741164e-02 1.398737698529362548e-02 1.183137947015924958e-02 9.971741861380924166e-03 8.374197724075192056e-03 7.007319733860168515e-03
6.603205936056205649e-03 7.891255747061523551e-03 9.396669133523031028e-03 1.114906099854127974e-02 1.318072162353964814e-02 1.552660926770424964e-02 1.822428925868083485e-02 2.131381126927529152e-02 2.483751666856382628e-02 2.883976831668152996e-02 3.336659597375669917e-02 3.846525164160423393e-02 4.418367067063207893e-02 5.056983635019696860e-02 5.767104795156855618e-02 6.553309478832718138e-02 7.419934176053613606e-02 8.370973500054400274e-02 9.409973956834795372e-02 1.053992245618688706e-01 1.176313144061408023e-01 1.308112283485726446e-01 1.449451331846294821e-01 1.600290368342488501e-01 1.760477524511064595e-01 1.929739641412483442e-01 2.107674259730490385e-01 2.293743256782688200e-01 2.487268431851723804e-01 2.687429318444411463e-01 2.893263468827934060e-01 3.103669412655540305e-01 3.317412438297484556e-01 3.533133283586397666e-01 3.749359753456374400e-01 3.964521207213380638e-01 4.176965779980439941e-01 4.384980123585869305e-01 4.586811374416600029e-01 4.780690982164298997e-01 4.964859966617794496e-01 5.137595112300693545e-01 5.297235565114880584e-01 5.442209263252919538e-01 5.571058618122483042e-01 5.682464860947009644e-01 5.775270487620375315e-01 5.848499268268195772e-01 5.901373338097313237e-01 5.933326951231309154e-01 5.944016557502957987e-01 5.933326951231309154e-01 5.901373338097313237e-01 5.848499268268195772e-01 5.775270487620375315e-01 5.682464860947009644e-01 5.571058618122483042e-01 5.442209263252919538e-01 5.297235565114880584e-01 5.137595112300693545e-01 4.964859966617794496e-01 4.780690982164298997e-01 4.586811374416600029e-01 4.384980123585869305e-01 4.176965779980439941e-01 3.964521207213380638e-01 3.749359753456374400e-01 3.533133283586397666e-01 3.317412438297484556e-01 3.103669412655540305e-01 2.893263468827934060e-01 2.687429318444411463e-01 2.487268431851723804e-01 2.293743256782688200e-01 2.107674259730490385e-01 1.929739641412054896e-01 1.760477524511064595e-01 1.600290368342488501e-01 1.449451331846294821e-01 1.308112283485726446e-01 1.176313144061408023e-01 1.053992245618688706e-01 9.409973956834795372e-02 8.370973500054400274e-02 7.419934176053613606e-02 6.553309478832718138e-02 5.767104795156855618e-02 5.056983635019696860e-02 4.418367067063207893e-02 3.846525164160423393e-02 3.336659597375669917e-02 2.883976831668152996e-02 2.483751666856382628e-02 2.131381126927529152e-02 1.822428925868083485e-02 1.552660926770424964e-02 1.318072162353964814e-02 1.114906099854127974e-02 9.396669133523031028e-03 7.891255747061523551e-03 6.603205936056205649e-03
6.200037119084715435e-03 7.409443082914560566e-03 8.822941157336715648e-03 1.046833806234136882e-02 1.237595254693458525e-02 1.457860844043070044e-02 1.711157746205967806e-02 2.001246399072599200e-02 2.332102417859080110e-02 2.707891224365212637e-02 3.132934752877791079e-02 3.611669699269099559e-02 4.148596921981592689e-02 4.748221780654032775e-02 5.414985409493309337e-02 6.153187166214517390e-02 6.966898769807819414e-02 7.859870936299996613e-02 8.835433634353882792e-02 9.896391403425254529e-02 1.104491549631096692e-01 1.228243491431392775e-01 1.360952868466968335e-01 1.502582197362612448e-01 1.652988882215904731e-01 1.811916442223283352e-01 1.978986990836326676e-01 2.153695261274353179e-01 2.335404461399953613e-01 2.523344219553970147e-01 2.716610851718907482e-01 2.914170139501222057e-01 3.114862758474274407e-01 3.317412438296983290e-01 3.520436871020218295e-01 3.722461313814805495e-01 3.921934758935092802e-01 4.117248469297121183e-01 4.306756605051131337e-01 4.488798597427224868e-01 4.661722863435772135e-01 4.823911401151456668e-01 4.973804762458101658e-01 5.109926870181378256e-01 5.230909131025197611e-01 5.335513295653504517e-01 5.422652533140082109e-01 5.491410218815560018e-01 5.541055981608987713e-01 5.571058618121939032e-01 5.581095554167008199e-01 5.571058618121939032e-01 5.541055981608987713e-01 5.491410218815560018e-01 5.422652533140082109e-01 5.335513295653504517e-01 5.230909131025197611e-01 5.109926870181378256e-01 4.973804762458101658e-01 4.823911401151456668e-01 4.661722863435772135e-01 4.488798597427224868e-01 4.306756605051131337e-01 4.117248469297121183e-01 3.921934758935092802e-01 3.722461313814805495e-01 3.520436871020218295e-01 3.317412438296983290e-01 3.114862758474274407e-01 2.914170139501222057e-01 2.716610851718907482e-01 2.523344219553970147e-01 2.335404461399953613e-01 2.153695261274353179e-01 1.978986990836326676e-01 1.811916442222880896e-01 1.652988882215904731e-01 1.502582197362612448e-01 1.360952868466968335e-01 1.228243491431392775e-01 1.104491549631096692e-01 9.896391403425254529e-02 8.835433634353882792e-02 7.859870936299996613e-02 6.966898769807819414e-02 6.153187166214517390e-02 5.414985409493309337e-02 4.748221780654032775e-02 4.148596921981592689e-02 3.611669699269099559e-02 3.132934752877791079e-02 2.707891224365212637e-02 2.332102417859080110e-02 2.001246399072599200e-02 1.711157746205967806e-02 1.457860844043070044e-02 1.237595254693458525e-02 1.046833806234136882e-02 8.822941157336715648e-03 7.409443082914560566e-03 6.200037119084715435e-03
5.800564723783489113e-03 6.932047880381170951e-03 8.254473361091750269e-03 9.793856280980057019e-03 1.157856193247514855e-02 1.363929928437240986e-02 1.600906747625485335e-02 1.872304801261083854e-02 2.181843553104496555e-02 2.533420044139112273e-02 2.931077743634707272e-02 3.378967488283485948e-02 3.881300143311994244e-02 4.442290785128099467e-02 5.066094402793848428e-02 5.756733343630412308e-02 6.518016983144073184e-02 7.353454376305952611e-02 8.266160939747592418e-02 9.258760514636581174e-02 1.033328445854996697e-01 1.149106970131392319e-01 1.273265796306529973e-01 1.405769856083269598e-01 1.546485741105264600e-01 1.695173495792752227e-01 1.851479581071647507e-01 2.014931284826229074e-01 2.184932843847713080e-01 2.360763522020414840e-01 2.541577860271646006e-01 2.726408275566813422e-01 2.914170139500729673e-01 3.103669412654547211e-01 3.293612850072935583e-01 3.482620727559529450e-01 3.669241969799302838e-01 3.851971491677471660e-01 4.029269495868608164e-01 4.199582405120982909e-01 4.361365049003510519e-01 4.513103674499757689e-01 4.653339309742698382e-01 4.780690982163533498e-01 4.893878277816020028e-01 4.991742728568431819e-01 5.073267528712960273e-01 5.137595112299596645e-01 5.184042166537135010e-01 5.212111713805138713e-01 5.221501963579400218e-01 5.212111713805138713e-01 5.184042166537135010e-01 5.137595112299596645e-01 5.073267528712960273e-01 4.991742728568431819e-01 4.893878277816020028e-01 4.780690982163533498e-01 4.653339309742698382e-01 4.513103674499757689e-01 4.361365049003510519e-01 4.199582405120982909e-01 4.029269495868608164e-01 3.851971491677471660e-01 3.669241969799302838e-01 3.482620727559529450e-01 3.293612850072935583e-01 3.103669412654547211e-01 2.914170139500729673e-01 2.726408275566813422e-01 2.541577860271646006e-01 2.360763522020414840e-01 2.184932843847713080e-01 2.014931284826229074e-01 1.851479581071647507e-01 1.695173495792375862e-01 1.546485741105264600e-01 1.405769856083269598e-01 1.273265796306529973e-01 1.149106970131392319e-01 1.033328445854996697e-01 9.258760514636581174e-02 8.266160939747592418e-02 7.353454376305952611e-02 6.518016983144073184e-02 5.756733343630412308e-02 5.066094402793848428e-02 4.442290785128099467e-02 3.881300143311994244e-02 3.378967488283485948e-02 2.931077743634707272e-02 2.533420044139112273e-02 2.181843553104496555e-02 1.872304801261083854e-02 1.600906747625485335e-02 1.363929928437240986e-02 1.157856193247514855e-02 9.793856280980057019e-03 8.254473361091750269e-03 6.932047880381170951e-03 5.800564723783489113e-03
5.407329126440447303e-03 6.462106052497517197e-03 7.694880818387746756e-03 9.129904905840320606e-03 1.079362064922015363e-02 1.271465517524981992e-02 1.492377052471529665e-02 1.745376315502905271e-02 2.033930618111076671e-02 2.361672810582157028e-02 2.732372244728509258e-02 3.149898361063888097e-02 3.618176559143555099e-02 4.141136164216995680e-02 4.722650487667691410e-02 5.366469191272062178e-02 6.076143402913262298e-02 6.854944289461276097e-02 7.705776065228832350e-02 8.631084694263270463e-02 9.632763823048283436e-02 1.071205974740734451e-01 1.186947746283897598e-01 1.310469006009627735e-01 1.441645389666282306e-01 1.580253208896383599e-01 1.725962891973096824e-01 1.878333773183085420e-01 2.036810477678429598e-01 2.200721129947623145e-01 2.369277586820706383e-01 2.541577860271624356e-01 2.716610851718425645e-01 2.893263468826983154e-01 3.070330139131929315e-01 3.246524673582932841e-01 3.420494369091719999e-01 3.590836174237180267e-01 3.756114678619968394e-01 3.914881626092021061e-01 4.065696597405353274e-01 4.207148460857143557e-01 4.337877152135227177e-01 4.456595318447301723e-01 4.562109348489105098e-01 4.653339309742161589e-01 4.729337328442176913e-01 4.789303975299048499e-01 4.832602261099777641e-01 4.858768899648940320e-01 4.867522559598759235e-01 4.858768899648940320e-01 4.832602261099777641e-01 4.789303975299048499e-01 4.729337328442176913e-01 4.653339309742161589e-01 4.562109348489105098e-01 4.456595318447301723e-01 4.337877152135227177e-01 4.207148460857143557e-01 4.065696597405353274e-01 3.914881626092021061e-01 3.756114678619968394e-01 3.590836174237180267e-01 3.420494369091719999e-01 3.246524673582932841e-01 3.070330139131929315e-01 2.893263468826983154e-01 2.716610851718425645e-01 2.541577860271624356e-01 2.369277586820706383e-01 2.200721129947623145e-01 2.036810477678429598e-01 1.878333773183085420e-01 1.725962891973096824e-01 1.580253208896032213e-01 1.441645389666282306e-01 1.310469006009627735e-01 1.186947746283897598e-01 1.071205974740734451e-01 9.632763823048283436e-02 8.631084694263270463e-02 7.705776065228832350e-02 6.854944289461276097e-02 6.076143402913262298e-02 5.366469191272062178e-02 4.722650487667691410e-02 4.141136164216995680e-02 3.618176559143555099e-02 3.149898361063888097e-02 2.732372244728509258e-02 2.361672810582157028e-02 2.033930618111076671e-02 1.745376315502905271e-02 1.492377052471529665e-02 1.271465517524981992e-02 1.079362064922015363e-02 9.129904905840320606e-03 7.694880818387746756e-03 6.462106052497517197e-03 5.407329126440447303e-03
5.022637926147281197e-03 6.002375328580322571e-03 7.147447350048627586e-03 8.480380159951179941e-03 1.002573491747241370e-02 1.181010214244777000e-02 1.386205538553867897e-02 1.621205788043987919e-02 1.889231600814669787e-02 2.193657376907113751e-02 2.537984306821671615e-02 2.925806549194316999e-02 3.360770240633443456e-02 3.846525164157756776e-02 4.386669073889401527e-02 4.984684871092216057e-02 5.643871047344849179e-02 6.367266050354060403e-02 7.157567481211198068e-02 8.017047291836131018e-02 8.947464409866753843e-02 9.949976466459563296e-02 1.102505253044393507e-01 1.217238894973147745e-01 1.339083055770970421e-01 1.467829960841265935e-01 1.603173485031324508e-01 1.744704312711783667e-01 1.891906579819413181e-01 2.044156209782058420e-01 2.200721129947192933e-01 2.360763522019933003e-01 2.523344219553029233e-01 2.687429318443002590e-01 2.851899013727794419e-01 3.015558619130069840e-01 3.177151666313038358e-01 3.335374920516021024e-01 3.488895090100436747e-01 3.636366951558350213e-01 3.776452560744821274e-01 3.907841177469332239e-01 4.029269495867464079e-01 4.139541748711486058e-01 4.237549241252904220e-01 4.322288870129940008e-01 4.392880195738043669e-01 4.448580662227953342e-01 4.488798597425669445e-01 4.513103674498595286e-01 4.521234576729342702e-01 4.513103674498595286e-01 4.488798597425669445e-01 4.448580662227953342e-01 4.392880195738043669e-01 4.322288870129940008e-01 4.237549241252904220e-01 4.139541748711486058e-01 4.029269495867464079e-01 3.907841177469332239e-01 3.776452560744821274e-01 3.636366951558350213e-01 3.488895090100436747e-01 3.335374920516021024e-01 3.177151666313038358e-01 3.015558619130069840e-01 2.851899013727794419e-01 2.687429318443002590e-01 2.523344219553029233e-01 2.360763522019933003e-01 2.200721129947192933e-01 2.044156209782058420e-01 1.891906579819413181e-01 1.744704312711783667e-01 1.603173485031324508e-01 1.467829960840939807e-01 1.339083055770970421e-01 1.217238894973147745e-01 1.102505253044393507e-01 9.949976466459563296e-02 8.947464409866753843e-02 8.017047291836131018e-02 7.157567481211198068e-02 6.367266050354060403e-02 5.643871047344849179e-02 4.984684871092216057e-02 4.386669073889401527e-02 3.846525164157756776e-02 3.360770240633443456e-02 2.925806549194316999e-02 2.537984306821671615e-02 2.193657376907113751e-02 1.889231600814669787e-02 1.621205788043987919e-02 1.386205538553867897e-02 1.181010214244777000e-02 1.002573491747241370e-02 8.480380159951179941e-03 7.147447350048627586e-03 6.002375328580322571e-03 5.022637926147281197e-03
4.648549702347399941e-03 5.555315843452108410e-03 6.615102410357974472e-03 7.848757813719794280e-03 9.279013887067057847e-03 1.093048067692986916e-02 1.282960356367910532e-02 1.500457686631734462e-02 1.748520822079025275e-02 2.030272835990750563e-02 2.348954148699329211e-02 2.707891224366248267e-02 3.110458633783764332e-02 3.560034322568247228e-02 4.059948082574002526e-02 4.613423407087106215e-02 5.223513114620772363e-02 5.893029347995278749e-02 6.624468789817378189e-02 7.419934176054930608e-02 8.281053428662062121e-02 9.208897957930949063e-02 1.020390189624366672e-01 1.126578420764941246e-01 1.239347576283972296e-01 1.358505356725803470e-01 1.483768437270203411e-01 1.614757988291183610e-01 1.750996567501874046e-01 1.891906579820488710e-01 2.036810477679188991e-01 2.184932843848509110e-01 2.335404461400410192e-01 2.487268431851833994e-01 2.639488353793876807e-01 2.790958521694794081e-01 2.940516049517628572e-01 3.086954767984818049e-01 3.229040689590036428e-01 3.365528783648341626e-01 3.495180756667713995e-01 3.616783492948380530e-01 3.729167778187744142e-01 3.831226906413310318e-01 3.921934758936276300e-01 4.000362943962851858e-01 4.065696597407302271e-01 4.117248469298034341e-01 4.154470955457967296e-01 4.176965779981292592e-01 4.184491089131647801e-01 4.176965779981292592e-01 4.154470955457967296e-01 4.117248469298034341e-01 4.065696597407302271e-01 4.000362943962851858e-01 3.921934758936276300e-01 3.831226906413310318e-01 3.729167778187744142e-01 3.616783492948380530e-01 3.495180756667713995e-01 3.365528783648341626e-01 3.229040689590036428e-01 3.086954767984818049e-01 2.940516049517628572e-01 2.790958521694794081e-01 2.639488353793876807e-01 2.487268431851833994e-01 2.335404461400410192e-01 2.184932843848509110e-01 2.036810477679188991e-01 1.891906579820488710e-01 1.750996567501874046e-01 1.614757988291183610e-01 1.483768437270203411e-01 1.358505356725501767e-01 1.239347576283972296e-01 1.126578420764941246e-01 1.020390189624366672e-01 9.208897957930949063e-02 8.281053428662062121e-02 7.419934176054930608e-02 6.624468789817378189e-02 5.893029347995278749e-02 5.223513114620772363e-02 4.613423407087106215e-02 4.059948082574002526e-02 3.560034322568247228e-02 3.110458633783764332e-02 2.707891224366248267e-02 2.348954148699329211e-02 2.030272835990750563e-02 1.748520822079025275e-02 1.500457686631734462e-02 1.282960356367910532e-02 1.093048067692986916e-02 9.279013887067057847e-03 7.848757813719794280e-03 6.615102410357974472e-03 5.555315843452108410e-03 4.648549702347399941e-03
4.286863209870968826e-03 5.123077224813201228e-03 6.100405711091412900e-03 7.238074941488100746e-03 8.557048069479126703e-03 1.008002032472070722e-02 1.183137947015871355e-02 1.383712612891190193e-02 1.612474871480623975e-02 1.872304801261798560e-02 2.166190697422901504e-02 2.497200204228470360e-02 2.868445329574458025e-02 3.283041193598322527e-02 3.744058509341929158e-02 4.254469961978109283e-02 4.817090841480874824e-02 5.434514488218525341e-02 6.109043327140549484e-02 6.842616488091282645e-02 7.636735230426978938e-02 8.492387601960035837e-02 9.409973956834453979e-02 1.038923512546933436e-01 1.142918516356107445e-01 1.252805069766092516e-01 1.368321892415042262e-01 1.489119630011737361e-01 1.614757988291197488e-01 1.744704312712790362e-01 1.878333773183801791e-01 2.014931284826980418e-01 2.153695261274792550e-01 2.293743256782809214e-01 2.434119508509935137e-01 2.573804341790199568e-01 2.711725350456452577e-01 2.846770212810111889e-01 2.977800953357521707e-01 3.103669412655373772e-01 3.223233644257170738e-01 3.335374920517590325e-01 3.439014999382830617e-01 3.533133283586772921e-01 3.616783492947929779e-01 3.689109470410879554e-01 3.749359753456373290e-01 3.796900564496161201e-01 3.831226906412731337e-01 3.851971491678292669e-01 3.858911284302919964e-01 3.851971491678292669e-01 3.831226906412731337e-01 3.796900564496161201e-01 3.749359753456373290e-01 3.689109470410879554e-01 3.616783492947929779e-01 3.533133283586772921e-01 3.439014999382830617e-01 3.335374920517590325e-01 3.223233644257170738e-01 3.103669412655373772e-01 2.977800953357521707e-01 2.846770212810111889e-01 2.711725350456452577e-01 2.573804341790199568e-01 2.434119508509935137e-01 2.293743256782809214e-01 2.153695261274792550e-01 2.014931284826980418e-01 1.878333773183801791e-01 1.744704312712790362e-01 1.614757988291197488e-01 1.489119630011737361e-01 1.368321892415042262e-01 1.252805069765814128e-01 1.142918516356107445e-01 1.038923512546933436e-01 9.409973956834453979e-02 8.492387601960035837e-02 7.636735230426978938e-02 6.842616488091282645e-02 6.109043327140549484e-02 5.434514488218525341e-02 4.817090841480874824e-02 4.254469961978109283e-02 3.744058509341929158e-02 3.283041193598322527e-02 2.868445329574458025e-02 2.497200204228470360e-02 2.166190697422901504e-02 1.872304801261798560e-02 1.612474871480623975e-02 1.383712612891190193e-02 1.183137947015871355e-02 1.008002032472070722e-02 8.557048069479126703e-03 7.238074941488100746e-03 6.100405711091412900e-03 5.123077224813201228e-03 4.286863209870968826e-03
3.939111849467483682e-03 4.707491985172554058e-03 5.605539352827305227e-03 6.650920585405759727e-03 7.862898300401481577e-03 9.262326685057798228e-03 1.087161516120578250e-02 1.271465517524959614e-02 1.481670527436555404e-02 1.720422991683749625e-02 1.990468794240256994e-02 2.294626731340248735e-02 2.635756364061008980e-02 3.016720113255556140e-02 3.440339594995443784e-02 3.909346349527181158e-02 4.426327289834317003e-02 4.993665383899350413e-02 5.613476283413744439e-02 6.287541815548912394e-02 7.017241457146040917e-02 7.803483105344623250e-02 8.646634637465538953e-02 9.546457907825765810e-02 1.050204695215746775e-01 1.151177225348669481e-01 1.257323295944425268e-01 1.368321892414763041e-01 1.483768437269913365e-01 1.603173485031922640e-01 1.725962891973402968e-01 1.851479581071960312e-01 1.978986990836326676e-01 2.107674259730171473e-01 2.236663156620771475e-01 2.365016723092919215e-01 2.491749546822113748e-01 2.615839537909796508e-01 2.736241033704279180e-01 2.851899013728630972e-01 2.961764166502957596e-01 3.064808515833880032e-01 3.160041286918754411e-01 3.246524673583769394e-01 3.323389158120211295e-01 3.389848035136069915e-01 3.445210800929899841e-01 3.488895090101740148e-01 3.520436871020031222e-01 3.539498650608357000e-01 3.545875485609196187e-01 3.539498650608357000e-01 3.520436871020031222e-01 3.488895090101740148e-01 3.445210800929899841e-01 3.389848035136069915e-01 3.323389158120211295e-01 3.246524673583769394e-01 3.160041286918754411e-01 3.064808515833880032e-01 2.961764166502957596e-01 2.851899013728630972e-01 2.736241033704279180e-01 2.615839537909796508e-01 2.491749546822113748e-01 2.365016723092919215e-01 2.236663156620771475e-01 2.107674259730171473e-01 1.978986990836326676e-01 1.851479581071960312e-01 1.725962891973402968e-01 1.603173485031922640e-01 1.483768437269913365e-01 1.368321892414763041e-01 1.257323295944425268e-01 1.151177225348413713e-01 1.050204695215746775e-01 9.546457907825765810e-02 8.646634637465538953e-02 7.803483105344623250e-02 7.017241457146040917e-02 6.287541815548912394e-02 5.613476283413744439e-02 4.993665383899350413e-02 4.426327289834317003e-02 3.909346349527181158e-02 3.440339594995443784e-02 3.016720113255556140e-02 2.635756364061008980e-02 2.294626731340248735e-02 1.990468794240256994e-02 1.720422991683749625e-02 1.481670527436555404e-02 1.271465517524959614e-02 1.087161516120578250e-02 9.262326685057798228e-03 7.862898300401481577e-03 6.650920585405759727e-03 5.605539352827305227e-03 4.707491985172554058e-03 3.939111849467483682e-03
3.606563136015791208e-03 4.310074886324518663e-03 5.132307068184878765e-03 6.089434857539194508e-03 7.199094678233835046e-03 8.480380159954266014e-03 9.953808870559415975e-03 1.164125528662171560e-02 1.356584557175282563e-02 1.575180999493432099e-02 1.822428925867435046e-02 2.100909163390960940e-02 2.413239862540724617e-02 2.762041792140454768e-02 3.149898361064166347e-02 3.579310506765294442e-02 4.052646749194296905e-02 4.572088880797901822e-02 5.139573945176461461e-02 5.756733343629747562e-02 6.424830094450344198e-02 7.144695448051979758e-02 7.916666224721755074e-02 8.740524383572736977e-02 9.615440443885464594e-02 1.053992245618697726e-01 1.151177225348413713e-01 1.252805069765558776e-01 1.358505356725235869e-01 1.467829960841487147e-01 1.580253208896312822e-01 1.695173495792662022e-01 1.811916442222880896e-01 1.929739641411762907e-01 2.047839004481097902e-01 2.165356673159934964e-01 2.281390425856418547e-01 2.395004459808226238e-01 2.505241389564928922e-01 2.611135261859585110e-01 2.711725350455874706e-01 2.806070463230949108e-01 2.893263468827316776e-01 2.972445732785119477e-01 3.042821144043234560e-01 3.103669412654547211e-01 3.154358328798650968e-01 3.194354691677128155e-01 3.223233644256140451e-01 3.240686185386549290e-01 3.246524673583220388e-01 3.240686185386549290e-01 3.223233644256140451e-01 3.194354691677128155e-01 3.154358328798650968e-01 3.103669412654547211e-01 3.042821144043234560e-01 2.972445732785119477e-01 2.893263468827316776e-01 2.806070463230949108e-01 2.711725350455874706e-01 2.611135261859585110e-01 2.505241389564928922e-01 2.395004459808226238e-01 2.281390425856418547e-01 2.165356673159934964e-01 2.047839004481097902e-01 1.929739641411762907e-01 1.811916442222880896e-01 1.695173495792662022e-01 1.580253208896312822e-01 1.467829960841487147e-01 1.358505356725235869e-01 1.252805069765558776e-01 1.151177225348413713e-01 1.053992245618463469e-01 9.615440443885464594e-02 8.740524383572736977e-02 7.916666224721755074e-02 7.144695448051979758e-02 6.424830094450344198e-02 5.756733343629747562e-02 5.139573945176461461e-02 4.572088880797901822e-02 4.052646749194296905e-02 3.579310506765294442e-02 3.149898361064166347e-02 2.762041792140454768e-02 2.413239862540724617e-02 2.100909163390960940e-02 1.822428925867435046e-02 1.575180999493432099e-02 1.356584557175282563e-02 1.164125528662171560e-02 9.953808870559415975e-03 8.480380159954266014e-03 7.199094678233835046e-03 6.089434857539194508e-03 5.132307068184878765e-03 4.310074886324518663e-03 3.606563136015791208e-03
3.290222787276370162e-03 3.932027825670775072e-03 4.682140040308871258e-03 5.555315843449793421e-03 6.567644725679717792e-03 7.736545568386187129e-03 9.080736294079634618e-03 1.062017271624898437e-02 1.237595254693413249e-02 1.437018075980069955e-02 1.662579290572103324e-02 1.916633354995953692e-02 2.201568775437187653e-02 2.519776446766852640e-02 2.873613180837556944e-02 3.265360551848478510e-02 3.697179331154289844e-02 4.171059940925517240e-02 4.688769521997761258e-02 5.251796381529186264e-02 5.861292755432566393e-02 6.518016983143548604e-02 7.222276341629714491e-02 7.973871914896057955e-02 8.772046977977056292e-02 9.615440443885377164e-02 1.050204695215503914e-01 1.142918516355609926e-01 1.239347576283443553e-01 1.339083055771159991e-01 1.441645389666204591e-01 1.546485741105168288e-01 1.652988882215522259e-01 1.760477524510391523e-01 1.868218107685877538e-01 1.975428018288427068e-01 2.081284170757426999e-01 2.184932843847227912e-01 2.285500626693688642e-01 2.382106292120000912e-01 2.473873381504516633e-01 2.559943256954868018e-01 2.639488353792188713e-01 2.711725350455416739e-01 2.775927964704170137e-01 2.831439084959345154e-01 2.877681954048256774e-01 2.914170139500159573e-01 2.940516049516061492e-01 2.956437786182672389e-01 2.961764166501956175e-01 2.956437786182672389e-01 2.940516049516061492e-01 2.914170139500159573e-01 2.877681954048256774e-01 2.831439084959345154e-01 2.775927964704170137e-01 2.711725350455416739e-01 2.639488353792188713e-01 2.559943256954868018e-01 2.473873381504516633e-01 2.382106292120000912e-01 2.285500626693688642e-01 2.184932843847227912e-01 2.081284170757426999e-01 1.975428018288427068e-01 1.868218107685877538e-01 1.760477524510391523e-01 1.652988882215522259e-01 1.546485741105168288e-01 1.441645389666204591e-01 1.339083055771159991e-01 1.239347576283443553e-01 1.142918516355609926e-01 1.050204695215503914e-01 9.615440443883241373e-02 8.772046977977056292e-02 7.973871914896057955e-02 7.222276341629714491e-02 6.518016983143548604e-02 5.861292755432566393e-02 5.251796381529186264e-02 4.688769521997761258e-02 4.171059940925517240e-02 3.697179331154289844e-02 3.265360551848478510e-02 2.873613180837556944e-02 2.519776446766852640e-02 2.201568775437187653e-02 1.916633354995953692e-02 1.662579290572103324e-02 1.437018075980069955e-02 1.237595254693413249e-02 1.062017271624898437e-02 9.080736294079634618e-03 7.736545568386187129e-03 6.567644725679717792e-03 5.555315843449793421e-03 4.682140040308871258e-03 3.932027825670775072e-03 3.290222787276370162e-03
2.990842974630063787e-03 3.574249696383720049e-03 4.256108644054457969e-03 5.049833533001204036e-03 5.970049859123850895e-03 7.032591546868276720e-03 8.254473361087638975e-03 9.653835320994974892e-03 1.124985544215789668e-02 1.306262735028706004e-02 1.511299967346354731e-02 1.742237463948910145e-02 2.001246399071924045e-02 2.290500118288166936e-02 2.612140985391102690e-02 2.968242972450679112e-02 3.360770240632787037e-02 3.791532102117833175e-02 4.262134904285629078e-02 4.773931532121743898e-02 5.327969378738330736e-02 5.924937781703124018e-02 6.565116058624435869e-02 7.248323393021235961e-02 7.973871914894078983e-02 8.740524383570488776e-02 9.546457907821188915e-02 1.038923512546223310e-01 1.126578420764180744e-01 1.217238894973018126e-01 1.310469006009231663e-01 1.405769856082833003e-01 1.502582197361892191e-01 1.600290368341479030e-01 1.698227555914024189e-01 1.795682357204785584e-01 1.891906579819010448e-01 1.986124183240623453e-01 2.077541228908052207e-01 2.165356673159146705e-01 2.248773806992544755e-01 2.327012120614784241e-01 2.399319350071153767e-01 2.464983448810630362e-01 2.523344219552760004e-01 2.573804341788576977e-01 2.615839537908471457e-01 2.649007636293128076e-01 2.672956312408924506e-01 2.687429318442860482e-01 2.692271047464901979e-01 2.687429318442860482e-01 2.672956312408924506e-01 2.649007636293128076e-01 2.615839537908471457e-01 2.573804341788576977e-01 2.523344219552760004e-01 2.464983448810630362e-01 2.399319350071153767e-01 2.327012120614784241e-01 2.248773806992544755e-01 2.165356673159146705e-01 2.077541228908052207e-01 1.986124183240623453e-01 1.891906579819010448e-01 1.795682357204785584e-01 1.698227555914024189e-01 1.600290368341479030e-01 1.502582197361892191e-01 1.405769856082833003e-01 1.310469006009231663e-01 1.217238894973018126e-01 1.126578420764180744e-01 1.038923512546223310e-01 9.546457907821188915e-02 8.740524383568545885e-02 7.973871914894078983e-02 7.248323393021235961e-02 6.565116058624435869e-02 5.924937781703124018e-02 5.327969378738330736e-02 4.773931532121743898e-02 4.262134904285629078e-02 3.791532102117833175e-02 3.360770240632787037e-02 2.968242972450679112e-02 2.612140985391102690e-02 2.290500118288166936e-02 2.001246399071924045e-02 1.742237463948910145e-02 1.511299967346354731e-02 1.306262735028706004e-02 1.124985544215789668e-02 9.653835320994974892e-03 8.254473361087638975e-03 7.032591546868276720e-03 5.970049859123850895e-03 5.049833533001204036e-03 4.256108644054457969e-03 3.574249696383720049e-03 2.990842974630063787e-03
2.708934215114157038e-03 3.237350599154360190e-03 3.854939368907631808e-03 4.573849899247819928e-03 5.407329126437478324e-03 6.369718512082855194e-03 7.476429055378429854e-03 8.743890946449815044e-03 1.018947453305173514e-02 1.183137947014936513e-02 1.368848925059944037e-02 1.578018878616884585e-02 1.812614332917457036e-02 2.074603779866212791e-02 2.365927649847016437e-02 2.688464427938866419e-02 3.043993138795151460e-02 3.434152553729812041e-02 3.860397610168665727e-02 4.323953673822186761e-02 4.825769413364140031e-02 5.366469191269868100e-02 5.946305997426323819e-02 6.565116058624322071e-02 7.222276341627795193e-02 7.916666224719581813e-02 8.646634637461242390e-02 9.409973956827859254e-02 1.020390189623660154e-01 1.102505253044256811e-01 1.186947746283518179e-01 1.273265796306112529e-01 1.360952868466291932e-01 1.449451331845355018e-01 1.538157225333506573e-01 1.626426200964481983e-01 1.713580588932535065e-01 1.798917496199100297e-01 1.881717818701415246e-01 1.961256016983678185e-01 2.036810477677489239e-01 2.107674259728879729e-01 2.173166005546360025e-01 2.232640784158568814e-01 2.285500626692877624e-01 2.331204514453937282e-01 2.369277586819864834e-01 2.399319350070770185e-01 2.421010688829466628e-01 2.434119508507882057e-01 2.438504869263821706e-01 2.434119508507882057e-01 2.421010688829466628e-01 2.399319350070770185e-01 2.369277586819864834e-01 2.331204514453937282e-01 2.285500626692877624e-01 2.232640784158568814e-01 2.173166005546360025e-01 2.107674259728879729e-01 2.036810477677489239e-01 1.961256016983678185e-01 1.881717818701415246e-01 1.798917496199100297e-01 1.713580588932535065e-01 1.626426200964481983e-01 1.538157225333506573e-01 1.449451331845355018e-01 1.360952868466291932e-01 1.273265796306112529e-01 1.186947746283518179e-01 1.102505253044256811e-01 1.020390189623660154e-01 9.409973956827859254e-02 8.646634637461242390e-02 7.916666224717822109e-02 7.222276341627795193e-02 6.565116058624322071e-02 5.946305997426323819e-02 5.366469191269868100e-02 4.825769413364140031e-02 4.323953673822186761e-02 3.860397610168665727e-02 3.434152553729812041e-02 3.043993138795151460e-02 2.688464427938866419e-02 2.365927649847016437e-02 2.074603779866212791e-02 1.812614332917457036e-02 1.578018878616884585e-02 1.368848925059944037e-02 1.183137947014936513e-02 1.018947453305173514e-02 8.743890946449815044e-03 7.476429055378429854e-03 6.369718512082855194e-03 5.407329126437478324e-03 4.573849899247819928e-03 3.854939368907631808e-03 3.237350599154360190e-03 2.708934215114157038e-03
2.444780341423732732e-03 2.921669732306657156e-03 3.479036121993325618e-03 4.127844174256837563e-03 4.880049088739212178e-03 5.748593860957509905e-03 6.747386731156972822e-03 7.891255747062364892e-03 9.195877437279471184e-03 1.067767677013396234e-02 1.235369586937176169e-02 1.424142938323626727e-02 1.635862496392422386e-02 1.872304801261683721e-02 2.135221067866754918e-02 2.426306606255096074e-02 2.747166964643880244e-02 3.099281114308990309e-02 3.483962118667320584e-02 3.902315855441301079e-02 4.355198486626746940e-02 4.843173491800652902e-02 5.366469191273918332e-02 5.924937781707492052e-02 6.518016983146736332e-02 7.144695448055410347e-02 7.803483105346635529e-02 8.492387601960493804e-02 9.208897957931523603e-02 9.949976466465840219e-02 1.071205974741200606e-01 1.149106970131882760e-01 1.228243491431709467e-01 1.308112283485865779e-01 1.388168278702834046e-01 1.467829960841957049e-01 1.546485741105758926e-01 1.623501267034433981e-01 1.698227555915049480e-01 1.770009817170347388e-01 1.838196803469428764e-01 1.902150509067582207e-01 1.961256016985332973e-01 2.014931284826980695e-01 2.062636652922523739e-01 2.103883858447655741e-01 2.138244345438625460e-01 2.165356673160627465e-01 2.184932843848179096e-01 2.196763394944713788e-01 2.200721129948522425e-01 2.196763394944713788e-01 2.184932843848179096e-01 2.165356673160627465e-01 2.138244345438625460e-01 2.103883858447655741e-01 2.062636652922523739e-01 2.014931284826980695e-01 1.961256016985332973e-01 1.902150509067582207e-01 1.838196803469428764e-01 1.770009817170347388e-01 1.698227555915049480e-01 1.623501267034433981e-01 1.546485741105758926e-01 1.467829960841957049e-01 1.388168278702834046e-01 1.308112283485865779e-01 1.228243491431709467e-01 1.149106970131882760e-01 1.071205974741200606e-01 9.949976466465840219e-02 9.208897957931523603e-02 8.492387601960493804e-02 7.803483105346635529e-02 7.144695448053822728e-02 6.518016983146736332e-02 5.924937781707492052e-02 5.366469191273918332e-02 4.843173491800652902e-02 4.355198486626746940e-02 3.902315855441301079e-02 3.483962118667320584e-02 3.099281114308990309e-02 2.747166964643880244e-02 2.426306606255096074e-02 2.135221067866754918e-02 1.872304801261683721e-02 1.635862496392422386e-02 1.424142938323626727e-02 1.235369586937176169e-02 1.067767677013396234e-02 9.195877437279471184e-03 7.891255747062364892e-03 6.747386731156972822e-03 5.748593860957509905e-03 4.880049088739212178e-03 4.127844174256837563e-03 3.479036121993325618e-03 2.921669732306657156e-03 2.444780341423732732e-03
2.198455963042955045e-03 2.627296258972336516e-03 3.128505076077268358e-03 3.711942331032592156e-03 4.388358674723803060e-03 5.169393028321853101e-03 6.067552304282023551e-03 7.096170547135205800e-03 8.269344793416445044e-03 9.601845110172878978e-03 1.110899653824246394e-02 1.280653104875583564e-02 1.471040812532829235e-02 1.683660321225677672e-02 1.920086401845379556e-02 2.181843553104517372e-02 2.470375555858241035e-02 2.787012367307835012e-02 3.132934752878238638e-02 3.509137167339919372e-02 3.916389509899418503e-02 4.355198486625623533e-02 4.825769413366538807e-02 5.327969378740885636e-02 5.861292755433922946e-02 6.424830094451770834e-02 7.017241457146040917e-02 7.636735230425420462e-02 8.281053428660442584e-02 8.947464409870090063e-02 9.632763823049991792e-02 1.033328445855171140e-01 1.104491549631096692e-01 1.176313144061230109e-01 1.248303079958533457e-01 1.319938431878451834e-01 1.390669231786655635e-01 1.459925041544264390e-01 1.527122266833629005e-01 1.591672090645413762e-01 1.652988882216080979e-01 1.710498918209365504e-01 1.763649237740645137e-01 1.811916442223187318e-01 1.854815245515155087e-01 1.891906579819968848e-01 1.922805068423802111e-01 1.947185687632192463e-01 1.964789456957551084e-01 1.975428018289042131e-01 1.978986990836326676e-01 1.975428018289042131e-01 1.964789456957551084e-01 1.947185687632192463e-01 1.922805068423802111e-01 1.891906579819968848e-01 1.854815245515155087e-01 1.811916442223187318e-01 1.763649237740645137e-01 1.710498918209365504e-01 1.652988882216080979e-01 1.591672090645413762e-01 1.527122266833629005e-01 1.459925041544264390e-01 1.390669231786655635e-01 1.319938431878451834e-01 1.248303079958533457e-01 1.176313144061230109e-01 1.104491549631096692e-01 1.033328445855171140e-01 9.632763823049991792e-02 8.947464409870090063e-02 8.281053428660442584e-02 7.636735230425420462e-02 7.017241457146040917e-02 6.424830094450344198e-02 5.861292755433922946e-02 5.327969378740885636e-02 4.825769413366538807e-02 4.355198486625623533e-02 3.916389509899418503e-02 3.509137167339919372e-02 3.132934752878238638e-02 2.787012367307835012e-02 2.470375555858241035e-02 2.181843553104517372e-02 1.920086401845379556e-02 1.683660321225677672e-02 1.471040812532829235e-02 1.280653104875583564e-02 1.110899653824246394e-02 9.601845110172878978e-03 8.269344793416445044e-03 7.096170547135205800e-03 6.067552304282023551e-03 5.169393028321853101e-03 4.388358674723803060e-03 3.711942331032592156e-03 3.128505076077268358e-03 2.627296258972336516e-03 2.198455963042955045e-03
1.969845826410724157e-03 2.354092443733904992e-03 2.803182219982070303e-03 3.325949771830376007e-03 3.932027825671338857e-03 4.631845009905041950e-03 5.436607684684009560e-03 6.358263331517944456e-03 7.409443082915353335e-03 8.603381115688375769e-03 9.953808870558000441e-03 1.147482240320778051e-02 1.318072162353800363e-02 1.508582074243230292e-02 1.720422991683643113e-02 1.954960885827896830e-02 2.213489403553428256e-02 2.497200204227671694e-02 2.807151269399218302e-02 3.144233643788583304e-02 3.509137167339919372e-02 3.902315855440294939e-02 4.323953673824335736e-02 4.773931532124033039e-02 5.251796381530400570e-02 5.756733343631026401e-02 6.287541815548912394e-02 6.842616488089886539e-02 7.419934176053480379e-02 8.017047291839120293e-02 8.631084694264802570e-02 9.258760514638143813e-02 9.896391403425254529e-02 1.053992245618529250e-01 1.118496187091432836e-01 1.182682416597526237e-01 1.246058155452453020e-01 1.308112283485517446e-01 1.368321892414604557e-01 1.426159394356282806e-01 1.481100056345797111e-01 1.532629814631835397e-01 1.580253208896313377e-01 1.623501267033828355e-01 1.661939166197263229e-01 1.695173495792481333e-01 1.722858953150660788e-01 1.744704312712233030e-01 1.760477524510689062e-01 1.770009817169781730e-01 1.773198703977809654e-01 1.770009817169781730e-01 1.760477524510689062e-01 1.744704312712233030e-01 1.722858953150660788e-01 1.695173495792481333e-01 1.661939166197263229e-01 1.623501267033828355e-01 1.580253208896313377e-01 1.532629814631835397e-01 1.481100056345797111e-01 1.426159394356282806e-01 1.368321892414604557e-01 1.308112283485517446e-01 1.246058155452453020e-01 1.182682416597526237e-01 1.118496187091432836e-01 1.053992245618529250e-01 9.896391403425254529e-02 9.258760514638143813e-02 8.631084694264802570e-02 8.017047291839120293e-02 7.419934176053480379e-02 6.842616488089886539e-02 6.287541815548912394e-02 5.756733343629747562e-02 5.251796381530400570e-02 4.773931532124033039e-02 4.323953673824335736e-02 3.902315855440294939e-02 3.509137167339919372e-02 3.144233643788583304e-02 2.807151269399218302e-02 2.497200204227671694e-02 2.213489403553428256e-02 1.954960885827896830e-02 1.720422991683643113e-02 1.508582074243230292e-02 1.318072162353800363e-02 1.147482240320778051e-02 9.953808870558000441e-03 8.603381115688375769e-03 7.409443082915353335e-03 6.358263331517944456e-03 5.436607684684009560e-03 4.631845009905041950e-03 3.932027825671338857e-03 3.325949771830376007e-03 2.803182219982070303e-03 2.354092443733904992e-03 1.969845826410724157e-03
1.758665493275872590e-03 2.101718364588938282e-03 2.502662784848330539e-03 2.969386242143016216e-03 3.510488771706999928e-03 4.135280984890428620e-03 4.853767846874450925e-03 5.676615991149337390e-03 6.615102410353738277e-03 7.681042491143486028e-03 8.886695574145741378e-03 1.024464652584578493e-02 1.176766221244269182e-02 1.346852226796009869e-02 1.535982414839810739e-02 1.745376315502920536e-02 1.976188888271674521e-02 2.229484038849325472e-02 2.506206326255204855e-02 2.807151269398420329e-02 3.132934752877348378e-02 3.483962118665431817e-02 3.860397610169486599e-02 4.262134904286460357e-02 4.688769521997512846e-02 5.139573945176142272e-02 5.613476283412149187e-02 6.109043327137567148e-02 6.624468789814198788e-02 7.157567481211833671e-02 7.705776065228008009e-02 8.266160939746639014e-02 8.835433634351369525e-02 9.409973956830697261e-02 9.985860935028292862e-02 1.055891140152868807e-01 1.112472586041001743e-01 1.167874106415783958e-01 1.221628852176857433e-01 1.273265796306360942e-01 1.322316460639187674e-01 1.368321892414336993e-01 1.410839747894538920e-01 1.449451331845869884e-01 1.483768437269254170e-01 1.513439829754708865e-01 1.538157225333888767e-01 1.557660619728537810e-01 1.571742840243541828e-01 1.580253208896046369e-01 1.583100226218950302e-01 1.580253208896046369e-01 1.571742840243541828e-01 1.557660619728537810e-01 1.538157225333888767e-01 1.513439829754708865e-01 1.483768437269254170e-01 1.449451331845869884e-01 1.410839747894538920e-01 1.368321892414336993e-01 1.322316460639187674e-01 1.273265796306360942e-01 1.221628852176857433e-01 1.167874106415783958e-01 1.112472586041001743e-01 1.055891140152868807e-01 9.985860935028292862e-02 9.409973956830697261e-02 8.835433634351369525e-02 8.266160939746639014e-02 7.705776065228008009e-02 7.157567481211833671e-02 6.624468789814198788e-02 6.109043327137567148e-02 5.613476283412149187e-02 5.139573945175000130e-02 4.688769521997512846e-02 4.262134904286460357e-02 3.860397610169486599e-02 3.483962118665431817e-02 3.132934752877348378e-02 2.807151269398420329e-02 2.506206326255204855e-02 2.229484038849325472e-02 1.976188888271674521e-02 1.745376315502920536e-02 1.535982414839810739e-02 1.346852226796009869e-02 1.176766221244269182e-02 1.024464652584578493e-02 8.886695574145741378e-03 7.681042491143486028e-03 6.615102410353738277e-03 5.676615991149337390e-03 4.853767846874450925e-03 4.135280984890428620e-03 3.510488771706999928e-03 2.969386242143016216e-03 2.502662784848330539e-03 2.101718364588938282e-03 1.758665493275872590e-03
1.564482782545329820e-03 1.869657537337565114e-03 2.226331756881736769e-03 2.641522033793042030e-03 3.122878832076332253e-03 3.678684733727997404e-03 4.317840007631298244e-03 5.049833533000080803e-03 5.884697155509099019e-03 6.832941668178878908e-03 7.905472798909287876e-03 9.113485858583568119e-03 1.046833806233551066e-02 1.198139798336659081e-02 1.366387213200602121e-02 1.552660926769197994e-02 1.757988373900192663e-02 1.983315989354122316e-02 2.229484038848653094e-02 2.497200204226208628e-02 2.787012367306201943e-02 3.099281114306375040e-02 3.434152553729506729e-02 3.791532102117429331e-02 4.171059940924037174e-02 4.572088880796237875e-02 4.993665383896424281e-02 5.434514488214232247e-02 5.893029347990672712e-02 6.367266050352704543e-02 6.854944289458476947e-02 7.353454376302885620e-02 7.859870936295390575e-02 8.370973500048228821e-02 8.883274028788329391e-02 9.393051238722363583e-02 9.896391403420859434e-02 1.038923512546223310e-01 1.086742938437528505e-01 1.132678399355331877e-01 1.176313144060634475e-01 1.217238894972888785e-01 1.255062149653130565e-01 1.289410443020813646e-01 1.319938431877678009e-01 1.346333663293273197e-01 1.368321892414069985e-01 1.385671823283972370e-01 1.398199158140979725e-01 1.405769856082608460e-01 1.408302520537743074e-01 1.405769856082608460e-01 1.398199158140979725e-01 1.385671823283972370e-01 1.368321892414069985e-01 1.346333663293273197e-01 1.319938431877678009e-01 1.289410443020813646e-01 1.255062149653130565e-01 1.217238894972888785e-01 1.176313144060634475e-01 1.132678399355331877e-01 1.086742938437528505e-01 1.038923512546223310e-01 9.896391403420859434e-02 9.393051238722363583e-02 8.883274028788329391e-02 8.370973500048228821e-02 7.859870936295390575e-02 7.353454376302885620e-02 6.854944289458476947e-02 6.367266050352704543e-02 5.893029347990672712e-02 5.434514488214232247e-02 4.993665383896424281e-02 4.572088880795222715e-02 4.171059940924037174e-02 3.791532102117429331e-02 3.434152553729506729e-02 3.099281114306375040e-02 2.787012367306201943e-02 2.497200204226208628e-02 2.229484038848653094e-02 1.983315989354122316e-02 1.757988373900192663e-02 1.552660926769197994e-02 1.366387213200602121e-02 1.198139798336659081e-02 1.046833806233551066e-02 9.113485858583568119e-03 7.905472798909287876e-03 6.832941668178878908e-03 5.884697155509099019e-03 5.049833533000080803e-03 4.317840007631298244e-03 3.678684733727997404e-03 3.122878832076332253e-03 2.641522033793042030e-03 2.226331756881736769e-03 1.869657537337565114e-03 1.564482782545329820e-03
1.386739459392613691e-03 1.657242835461947847e-03 1.973394741963121861e-03 2.341414605506983090e-03 2.768083708979196273e-03 3.260743637348411869e-03 3.827283486101858753e-03 4.476114088121850750e-03 5.216127555487171975e-03 6.056640533669213275e-03 7.007319733852576497e-03 8.078088550231921419e-03 9.279013887058646173e-03 1.062017271624408378e-02 1.211149835904238789e-02 1.376260703045203634e-02 1.558260579432242665e-02 1.757988373900160051e-02 1.976188888271042388e-02 2.213489403552090437e-02 2.470375555856747785e-02 2.747166964641511652e-02 3.043993138794824291e-02 3.360770240632367234e-02 3.697179331152909698e-02 4.052646749192748143e-02 4.426327289831642059e-02 4.817090841476980717e-02 5.223513114616594455e-02 5.643871047343543279e-02 6.076143402910667846e-02 6.518016983141233789e-02 6.966898769803608893e-02 7.419934176048008367e-02 7.874031444613513453e-02 8.325892072548621292e-02 8.772046977973001203e-02 9.208897957922276833e-02 9.632763823042798934e-02 1.003993044034789811e-01 1.042670377501457718e-01 1.078946490174913647e-01 1.112472586040546829e-01 1.142918516355142522e-01 1.169978172898524932e-01 1.193374601003827501e-01 1.212864713202036482e-01 1.228243491430508899e-01 1.239347576282738977e-01 1.246058155451733179e-01 1.248303079957468059e-01 1.246058155451733179e-01 1.239347576282738977e-01 1.228243491430508899e-01 1.212864713202036482e-01 1.193374601003827501e-01 1.169978172898524932e-01 1.142918516355142522e-01 1.112472586040546829e-01 1.078946490174913647e-01 1.042670377501457718e-01 1.003993044034789811e-01 9.632763823042798934e-02 9.208897957922276833e-02 8.772046977973001203e-02 8.325892072548621292e-02 7.874031444613513453e-02 7.419934176048008367e-02 6.966898769803608893e-02 6.518016983141233789e-02 6.076143402910667846e-02 5.643871047343543279e-02 5.223513114616594455e-02 4.817090841476980717e-02 4.426327289831642059e-02 4.052646749191847475e-02 3.697179331152909698e-02 3.360770240632367234e-02 3.043993138794824291e-02 2.747166964641511652e-02 2.470375555856747785e-02 2.213489403552090437e-02 1.976188888271042388e-02 1.757988373900160051e-02 1.558260579432242665e-02 1.376260703045203634e-02 1.211149835904238789e-02 1.062017271624408378e-02 9.279013887058646173e-03 8.078088550231921419e-03 7.007319733852576497e-03 6.056640533669213275e-03 5.216127555487171975e-03 4.476114088121850750e-03 3.827283486101858753e-03 3.260743637348411869e-03 2.768083708979196273e-03 2.341414605506983090e-03 1.973394741963121861e-03 1.657242835461947847e-03 1.386739459392613691e-03
1.224772703947451169e-03 1.463682146591034020e-03 1.742908516592203954e-03 2.067944831327496371e-03 2.444780341423518494e-03 2.879899158089778248e-03 3.380268955568286465e-03 3.953318208228869847e-03 4.606900457759383928e-03 5.349244195091148492e-03 6.188887090307504217e-03 7.134593516743189742e-03 8.195254596271784459e-03 9.379770342556170010e-03 1.069691389654161932e-02 1.215517832991918311e-02 1.376260703046462523e-02 1.552660926770589762e-02 1.745376315503958942e-02 1.954960885828503983e-02 2.181843553105194608e-02 2.426306606255223750e-02 2.688464427941037252e-02 2.968242972453023765e-02 3.265360551850247234e-02 3.579310506767200556e-02 3.909346349528394077e-02 4.254469961978561698e-02 4.613423407087636346e-02 4.984684871095623054e-02 5.366469191274679529e-02 5.756733343633170519e-02 6.153187166216427667e-02 6.553309478833761748e-02 6.954369631632560667e-02 7.353454376308302121e-02 7.747499808703638136e-02 8.133327984508857689e-02 8.507687665571130042e-02 8.867298517816098180e-02 9.208897957931519440e-02 9.529289739580476537e-02 9.825393285261206644e-02 1.009429271076638102e-01 1.033328445855326433e-01 1.053992245618978196e-01 1.071205974741314404e-01 1.084788560616922332e-01 1.094595723698071343e-01 1.100522528577094900e-01 1.102505253045216044e-01 1.100522528577094900e-01 1.094595723698071343e-01 1.084788560616922332e-01 1.071205974741314404e-01 1.053992245618978196e-01 1.033328445855326433e-01 1.009429271076638102e-01 9.825393285261206644e-02 9.529289739580476537e-02 9.208897957931519440e-02 8.867298517816098180e-02 8.507687665571130042e-02 8.133327984508857689e-02 7.747499808703638136e-02 7.353454376308302121e-02 6.954369631632560667e-02 6.553309478833761748e-02 6.153187166216427667e-02 5.756733343633170519e-02 5.366469191274679529e-02 4.984684871095623054e-02 4.613423407087636346e-02 4.254469961978561698e-02 3.909346349528394077e-02 3.579310506766405359e-02 3.265360551850247234e-02 2.968242972453023765e-02 2.688464427941037252e-02 2.426306606255223750e-02 2.181843553105194608e-02 1.954960885828503983e-02 1.745376315503958942e-02 1.552660926770589762e-02 1.376260703046462523e-02 1.215517832991918311e-02 1.069691389654161932e-02 9.379770342556170010e-03 8.195254596271784459e-03 7.134593516743189742e-03 6.188887090307504217e-03 5.349244195091148492e-03 4.606900457759383928e-03 3.953318208228869847e-03 3.380268955568286465e-03 2.879899158089778248e-03 2.444780341423518494e-03 2.067944831327496371e-03 1.742908516592203954e-03 1.463682146591034020e-03 1.224772703947451169e-03
1.077835947886367565e-03 1.288083273566315414e-03 1.533810679325019665e-03 1.819852181769571892e-03 2.151478497340216390e-03 2.534395834322927202e-03 2.974735950673281035e-03 3.479036121991840261e-03 4.054207695602163319e-03 4.707491985173349429e-03 5.446402391108069035e-03 6.278651819327911617e-03 7.212064718190924067e-03 8.254473361090869030e-03 9.413598369704090710e-03 1.069691389653830080e-02 1.211149835904970669e-02 1.366387213201402870e-02 1.535982414840247542e-02 1.720422991683643113e-02 1.920086401845379556e-02 2.135221067866204317e-02 2.365927649848192579e-02 2.612140985392355508e-02 2.873613180838221343e-02 3.149898361064865787e-02 3.440339594995443784e-02 3.744058509341165186e-02 4.059948082573208716e-02 4.386669073891037718e-02 4.722650487668529629e-02 5.066094402794703994e-02 5.414985409493309337e-02 5.767104795155984093e-02 6.120049507720293214e-02 6.471255803123673878e-02 6.818027355728706329e-02 7.157567481214822946e-02 7.487014994527059486e-02 7.803483105345039583e-02 8.104100644540342124e-02 8.386054821470970144e-02 8.646634637466769913e-02 8.883274028793297639e-02 9.093593785416437258e-02 9.275441291761137019e-02 9.426927163265572118e-02 9.546457907825764422e-02 9.632763823050505270e-02 9.684921446535507683e-02 9.702370004129964864e-02 9.684921446535507683e-02 9.632763823050505270e-02 9.546457907825764422e-02 9.426927163265572118e-02 9.275441291761137019e-02 9.093593785416437258e-02 8.883274028793297639e-02 8.646634637466769913e-02 8.386054821470970144e-02 8.104100644540342124e-02 7.803483105345039583e-02 7.487014994527059486e-02 7.157567481214822946e-02 6.818027355728706329e-02 6.471255803123673878e-02 6.120049507720293214e-02 5.767104795155984093e-02 5.414985409493309337e-02 5.066094402794703994e-02 4.722650487668529629e-02 4.386669073891037718e-02 4.059948082573208716e-02 3.744058509341165186e-02 3.440339594995443784e-02 3.149898361064166347e-02 2.873613180838221343e-02 2.612140985392355508e-02 2.365927649848192579e-02 2.135221067866204317e-02 1.920086401845379556e-02 1.720422991683643113e-02 1.535982414840247542e-02 1.366387213201402870e-02 1.211149835904970669e-02 1.069691389653830080e-02 9.413598369704090710e-03 8.254473361090869030e-03 7.212064718190924067e-03 6.278651819327911617e-03 5.446402391108069035e-03 4.707491985173349429e-03 4.054207695602163319e-03 3.479036121991840261e-03 2.974735950673281035e-03 2.534395834322927202e-03 2.151478497340216390e-03 1.819852181769571892e-03 1.533810679325019665e-03 1.288083273566315414e-03 1.077835947886367565e-03
9.451187282524587709e-04 1.129477661033258772e-03 1.344947903682770741e-03 1.595768245635513895e-03 1.886560403980022411e-03 2.222327964214589752e-03 2.608447662281536752e-03 3.050651819146735829e-03 3.555000766909669450e-03 4.127844174255297129e-03 4.775770293734803336e-03 5.505542317696745201e-03 6.324021246366563417e-03 7.238074941484954825e-03 8.254473361090869030e-03 9.379770342553259144e-03 1.062017271625050399e-02 1.198139798337361298e-02 1.346852226796392896e-02 1.508582074243230292e-02 1.683660321225677672e-02 1.872304801261200774e-02 2.074603779867243911e-02 2.290500118289265016e-02 2.519776446767435507e-02 2.762041792141068514e-02 3.016720113255556140e-02 3.283041193597653618e-02 3.560034322567551257e-02 3.846525164159191740e-02 4.141136164217730509e-02 4.442290785128849562e-02 4.748221780654032775e-02 5.056983635018932194e-02 5.366469191272969091e-02 5.674430386960325340e-02 5.978502903223024273e-02 6.276234419989942803e-02 6.565116058627237794e-02 6.842616488089886539e-02 7.106218075039927307e-02 7.353454376305172679e-02 7.581948206730072803e-02 7.789449469815186433e-02 7.973871914896771274e-02 8.133327984504963581e-02 8.266160939747595193e-02 8.370973500051723248e-02 8.446652305344708178e-02 8.492387601957780696e-02 8.507687665567510715e-02 8.492387601957780696e-02 8.446652305344708178e-02 8.370973500051723248e-02 8.266160939747595193e-02 8.133327984504963581e-02 7.973871914896771274e-02 7.789449469815186433e-02 7.581948206730072803e-02 7.353454376305172679e-02 7.106218075039927307e-02 6.842616488089886539e-02 6.565116058627237794e-02 6.276234419989942803e-02 5.978502903223024273e-02 5.674430386960325340e-02 5.366469191272969091e-02 5.056983635018932194e-02 4.748221780654032775e-02 4.442290785128849562e-02 4.141136164217730509e-02 3.846525164159191740e-02 3.560034322567551257e-02 3.283041193597653618e-02 3.016720113255556140e-02 2.762041792140454768e-02 2.519776446767435507e-02 2.290500118289265016e-02 2.074603779867243911e-02 1.872304801261200774e-02 1.683660321225677672e-02 1.508582074243230292e-02 1.346852226796392896e-02 1.198139798337361298e-02 1.062017271625050399e-02 9.379770342553259144e-03 8.254473361090869030e-03 7.238074941484954825e-03 6.324021246366563417e-03 5.505542317696745201e-03 4.775770293734803336e-03 4.127844174255297129e-03 3.555000766909669450e-03 3.050651819146735829e-03 2.608447662281536752e-03 2.222327964214589752e-03 1.886560403980022411e-03 1.595768245635513895e-03 1.344947903682770741e-03 1.129477661033258772e-03 9.451187282524587709e-04
8.257652713083477557e-04 9.868426043407214909e-04 1.175102383838839536e-03 1.394248107577936201e-03 1.648317843317582704e-03 1.941683303323129021e-03 2.279042227340324737e-03 2.665403035407954129e-03 3.106060736111447736e-03 3.606563136014800681e-03 4.172666496202201078e-03 4.810279925442389158e-03 5.525397988802424089e-03 6.324021246364427105e-03 7.212064718188487648e-03 8.195254596266472735e-03 9.279013887061119889e-03 1.046833806233810928e-02 1.176766221244206212e-02 1.318072162353354886e-02 1.471040812532332411e-02 1.635862496391448165e-02 1.812614332917745347e-02 2.001246399072207499e-02 2.201568775436953118e-02 2.413239862540445674e-02 2.635756364060118026e-02 2.868445329572904060e-02 3.110458633782105589e-02 3.360770240633562111e-02 3.618176559142974313e-02 3.881300143311337825e-02 4.148596921980191032e-02 4.418367067061047121e-02 4.688769521997760564e-02 4.957840118852216427e-02 5.223513114617894804e-02 5.483645878228107090e-02 5.736046362499967743e-02 5.978502903221693393e-02 6.208815804086108281e-02 6.424830094448401308e-02 6.624468789813139913e-02 6.805765945065928024e-02 6.966898769806084690e-02 7.106218075037966375e-02 7.222276341629971230e-02 7.313852743312430904e-02 7.379974519674435685e-02 7.419934176051040664e-02 7.433302085076698429e-02 7.419934176051040664e-02 7.379974519674435685e-02 7.313852743312430904e-02 7.222276341629971230e-02 7.106218075037966375e-02 6.966898769806084690e-02 6.805765945065928024e-02 6.624468789813139913e-02 6.424830094448401308e-02 6.208815804086108281e-02 5.978502903221693393e-02 5.736046362499967743e-02 5.483645878228107090e-02 5.223513114617894804e-02 4.957840118852216427e-02 4.688769521997760564e-02 4.418367067061047121e-02 4.148596921980191032e-02 3.881300143311337825e-02 3.618176559142974313e-02 3.360770240633562111e-02 3.110458633782105589e-02 2.868445329572904060e-02 2.635756364060118026e-02 2.413239862539909644e-02 2.201568775436953118e-02 2.001246399072207499e-02 1.812614332917745347e-02 1.635862496391448165e-02 1.471040812532332411e-02 1.318072162353354886e-02 1.176766221244206212e-02 1.046833806233810928e-02 9.279013887061119889e-03 8.195254596266472735e-03 7.212064718188487648e-03 6.324021246364427105e-03 5.525397988802424089e-03 4.810279925442389158e-03 4.172666496202201078e-03 3.606563136014800681e-03 3.106060736111447736e-03 2.665403035407954129e-03 2.279042227340324737e-03 1.941683303323129021e-03 1.648317843317582704e-03 1.394248107577936201e-03 1.175102383838839536e-03 9.868426043407214909e-04 8.257652713083477557e-04
7.188915831493883010e-04 8.591216739228289085e-04 1.023016155356185888e-03 1.213799204429691922e-03 1.434986266785597811e-03 1.690383251028575043e-03 1.984079897524786834e-03 2.320436417505995861e-03 2.704062519368802004e-03 3.139787991410644338e-03 3.632624097470792818e-03 4.187715166943280221e-03 4.810279925440678721e-03 5.505542317692928810e-03 6.278651819323557461e-03 7.134593516736027936e-03 8.078088550231203244e-03 9.113485858582589735e-03 1.024464652584159557e-02 1.147482240319982333e-02 1.280653104874695733e-02 1.424142938322272255e-02 1.578018878616574763e-02 1.742237463948537873e-02 1.916633354995068289e-02 2.100909163389971107e-02 2.294626731338657993e-02 2.497200204226229445e-02 2.707891224363841165e-02 2.925806549193379902e-02 3.149898361062262314e-02 3.378967488281713755e-02 3.611669699266596006e-02 3.846525164157174603e-02 4.081931102952520568e-02 4.316177557813929283e-02 4.547466142066720202e-02 4.773931532121784838e-02 4.993665383895887211e-02 5.204742275187529410e-02 5.405247202768000137e-02 5.593304100505290533e-02 5.767104795152139946e-02 5.924937781702491885e-02 6.065216182235431269e-02 6.186504252079703253e-02 6.287541815545781565e-02 6.367266050352023143e-02 6.424830094446802586e-02 6.459618019820763390e-02 6.471255803119188577e-02 6.459618019820763390e-02 6.424830094446802586e-02 6.367266050352023143e-02 6.287541815545781565e-02 6.186504252079703253e-02 6.065216182235431269e-02 5.924937781702491885e-02 5.767104795152139946e-02 5.593304100505290533e-02 5.405247202768000137e-02 5.204742275187529410e-02 4.993665383895887211e-02 4.773931532121784838e-02 4.547466142066720202e-02 4.316177557813929283e-02 4.081931102952520568e-02 3.846525164157174603e-02 3.611669699266596006e-02 3.378967488281713755e-02 3.149898361062262314e-02 2.925806549193379902e-02 2.707891224363841165e-02 2.497200204226229445e-02 2.294626731338657993e-02 2.100909163389504120e-02 1.916633354995068289e-02 1.742237463948537873e-02 1.578018878616574763e-02 1.424142938322272255e-02 1.280653104874695733e-02 1.147482240319982333e-02 1.024464652584159557e-02 9.113485858582589735e-03 8.078088550231203244e-03 7.134593516736027936e-03 6.278651819323557461e-03 5.505542317692928810e-03 4.810279925440678721e-03 4.187715166943280221e-03 3.632624097470792818e-03 3.139787991410644338e-03 2.704062519368802004e-03 2.320436417505995861e-03 1.984079897524786834e-03 1.690383251028575043e-03 1.434986266785597811e-03 1.213799204429691922e-03 1.023016155356185888e-03 8.591216739228289085e-04 7.188915831493883010e-04
6.236008859990176210e-04 7.452431626646330992e-04 8.874130617535091895e-04 1.052907388331414829e-03 1.244775607809511103e-03 1.466319147042048675e-03 1.721085642106046304e-03 2.012857348422214532e-03 2.345632947165428826e-03 2.723602027325279073e-03 3.151111598441720934e-03 3.632624097470733403e-03 4.172666496200649368e-03 4.775770293731413686e-03 5.446402391104203204e-03 6.188887090301190691e-03 7.007319733851838373e-03 7.905472798908309492e-03 8.886695574141961415e-03 9.953808870550934912e-03 1.110899653823457789e-02 1.235369586935980944e-02 1.368848925059652777e-02 1.511299967346006572e-02 1.662579290571307433e-02 1.822428925866546520e-02 1.990468794238844236e-02 2.166190697420922531e-02 2.348954148697203134e-02 2.537984306820817090e-02 2.732372244727054866e-02 2.931077743633122082e-02 3.132934752875567858e-02 3.336659597372796521e-02 3.540861949219922117e-02 3.744058509337873375e-02 3.944689271252813101e-02 4.141136164215119403e-02 4.331743799444356946e-02 4.514841973784831236e-02 4.688769521995347217e-02 4.851899054731623889e-02 5.002662076179459349e-02 5.139573945172948299e-02 5.261258128030722736e-02 5.366469191268726652e-02 5.454113998320996026e-02 5.523270606391109810e-02 5.573204406898177310e-02 5.603381114476574387e-02 5.613476283408957990e-02 5.603381114476574387e-02 5.573204406898177310e-02 5.523270606391109810e-02 5.454113998320996026e-02 5.366469191268726652e-02 5.261258128030722736e-02 5.139573945172948299e-02 5.002662076179459349e-02 4.851899054731623889e-02 4.688769521995347217e-02 4.514841973784831236e-02 4.331743799444356946e-02 4.141136164215119403e-02 3.944689271252813101e-02 3.744058509337873375e-02 3.540861949219922117e-02 3.336659597372796521e-02 3.132934752875567858e-02 2.931077743633122082e-02 2.732372244727054866e-02 2.537984306820817090e-02 2.348954148697203134e-02 2.166190697420922531e-02 1.990468794238844236e-02 1.822428925866141289e-02 1.662579290571307433e-02 1.511299967346006572e-02 1.368848925059652777e-02 1.235369586935980944e-02 1.110899653823457789e-02 9.953808870550934912e-03 8.886695574141961415e-03 7.905472798908309492e-03 7.007319733851838373e-03 6.188887090301190691e-03 5.446402391104203204e-03 4.775770293731413686e-03 4.172666496200649368e-03 3.632624097470733403e-03 3.151111598441720934e-03 2.723602027325279073e-03 2.345632947165428826e-03 2.012857348422214532e-03 1.721085642106046304e-03 1.466319147042048675e-03 1.244775607809511103e-03 1.052907388331414829e-03 8.874130617535091895e-04 7.452431626646330992e-04 6.236008859990176210e-04
5.389972980298436862e-04 6.441364341680639281e-04 7.670182215268466245e-04 9.100600241725537946e-04 1.075897588227351948e-03 1.267384437786598294e-03 1.487586903099074416e-03 1.739774103080408713e-03 2.027402220037796774e-03 2.354092443735307516e-03 2.723602027328205551e-03 3.139787991413966334e-03 3.606563136017334244e-03 4.127844174256802001e-03 4.707491985175065938e-03 5.349244195091438191e-03 6.056640533675081844e-03 6.832941668185374580e-03 7.681042491148469889e-03 8.603381115691513883e-03 9.601845110176379650e-03 1.067767677013510032e-02 1.183137947015955836e-02 1.306262735029808594e-02 1.437018075980926214e-02 1.575180999494356707e-02 1.720422991684376901e-02 1.872304801262099708e-02 2.030272835991093691e-02 2.193657376908731901e-02 2.361672810583437254e-02 2.533420044140463970e-02 2.707891224366200389e-02 2.883976831668768476e-02 3.060475163162661161e-02 3.236104158136070275e-02 3.409515455332320921e-02 3.579310506767203331e-02 3.744058509342328839e-02 3.902315855442167747e-02 4.052646749196818499e-02 4.193644588275997898e-02 4.323953673826795574e-02 4.442290785130743186e-02 4.547466142071165951e-02 4.638403278437293331e-02 4.714157362897645337e-02 4.773931532126070298e-02 4.817090841482331992e-02 4.843173491801430058e-02 4.851899054737398437e-02 4.843173491801430058e-02 4.817090841482331992e-02 4.773931532126070298e-02 4.714157362897645337e-02 4.638403278437293331e-02 4.547466142071165951e-02 4.442290785130743186e-02 4.323953673826795574e-02 4.193644588275997898e-02 4.052646749196818499e-02 3.902315855442167747e-02 3.744058509342328839e-02 3.579310506767203331e-02 3.409515455332320921e-02 3.236104158136070275e-02 3.060475163162661161e-02 2.883976831668768476e-02 2.707891224366200389e-02 2.533420044140463970e-02 2.361672810583437254e-02 2.193657376908731901e-02 2.030272835991093691e-02 1.872304801262099708e-02 1.720422991684376901e-02 1.575180999494006640e-02 1.437018075980926214e-02 1.306262735029808594e-02 1.183137947015955836e-02 1.067767677013510032e-02 9.601845110176379650e-03 8.603381115691513883e-03 7.681042491148469889e-03 6.832941668185374580e-03 6.056640533675081844e-03 5.349244195091438191e-03 4.707491985175065938e-03 4.127844174256802001e-03 3.606563136017334244e-03 3.139787991413966334e-03 2.723602027328205551e-03 2.354092443735307516e-03 2.027402220037796774e-03 1.739774103080408713e-03 1.487586903099074416e-03 1.267384437786598294e-03 1.075897588227351948e-03 9.100600241725537946e-04 7.670182215268466245e-04 6.441364341680639281e-04 5.389972980298436862e-04
4.641977087721158826e-04 5.547461146287609689e-04 6.605749274080988109e-04 7.837660404052813109e-04 9.265894229045453824e-04 1.091502599928433374e-03 1.281146370384520297e-03 1.498336179759982359e-03 1.746048577128373564e-03 2.027402220037057782e-03 2.345632947167093727e-03 2.704062519370676806e-03 3.106060736112497243e-03 3.555000766909669450e-03 4.054207695602163319e-03 4.606900457757953649e-03 5.216127555490324835e-03 5.884697155512547649e-03 6.615102410355618717e-03 7.409443082915353335e-03 8.269344793416445044e-03 9.195877437277099817e-03 1.018947453305679707e-02 1.124985544216329167e-02 1.237595254693699479e-02 1.356584557175583884e-02 1.481670527436555404e-02 1.612474871480294725e-02 1.748520822078683534e-02 1.889231600815374779e-02 2.033930618111437494e-02 2.181843553104864664e-02 2.332102417859080110e-02 2.483751666856007234e-02 2.635756364061428436e-02 2.787012367307833277e-02 2.936358434770389159e-02 3.082590102582110844e-02 3.224475127979625072e-02 3.360770240634964462e-02 3.490238897887322500e-02 3.611669699269097478e-02 3.723895083637388664e-02 3.825809909798468661e-02 3.916389509899414340e-02 3.994706804805624872e-02 4.059948082572991529e-02 4.111427064937119014e-02 4.148596921982032615e-02 4.171059940926812731e-02 4.178574609993668254e-02 4.171059940926812731e-02 4.148596921982032615e-02 4.111427064937119014e-02 4.059948082572991529e-02 3.994706804805624872e-02 3.916389509899414340e-02 3.825809909798468661e-02 3.723895083637388664e-02 3.611669699269097478e-02 3.490238897887322500e-02 3.360770240634964462e-02 3.224475127979625072e-02 3.082590102582110844e-02 2.936358434770389159e-02 2.787012367307833277e-02 2.635756364061428436e-02 2.483751666856007234e-02 2.332102417859080110e-02 2.181843553104864664e-02 2.033930618111437494e-02 1.889231600815374779e-02 1.748520822078683534e-02 1.612474871480294725e-02 1.481670527436555404e-02 1.356584557175282563e-02 1.237595254693699479e-02 1.124985544216329167e-02 1.018947453305679707e-02 9.195877437277099817e-03 8.269344793416445044e-03 7.409443082915353335e-03 6.615102410355618717e-03 5.884697155512547649e-03 5.216127555490324835e-03 4.606900457757953649e-03 4.054207695602163319e-03 3.555000766909669450e-03 3.106060736112497243e-03 2.704062519370676806e-03 2.345632947167093727e-03 2.027402220037057782e-03 1.746048577128373564e-03 1.498336179759982359e-03 1.281146370384520297e-03 1.091502599928433374e-03 9.265894229045453824e-04 7.837660404052813109e-04 6.605749274080988109e-04 5.547461146287609689e-04 4.641977087721158826e-04
3.983418506940042533e-04 4.760441290222130637e-04 5.668589786921540653e-04 6.725729342180361255e-04 7.951339237102619849e-04 9.366508224327692658e-04 1.099389778417474888e-03 1.285766809117063966e-03 1.498336179759982359e-03 1.739774103079774455e-03 2.012857348423642643e-03 2.320436417507605251e-03 2.665403035408854884e-03 3.050651819146735829e-03 3.479036121991840261e-03 3.953318208227642530e-03 4.476114088124556051e-03 5.049833533003040241e-03 5.676615991150951550e-03 6.358263331517944456e-03 7.096170547135205800e-03 7.891255747060330061e-03 8.743890946454160526e-03 9.653835320999604869e-03 1.062017271625144248e-02 1.164125528662430208e-02 1.271465517524959614e-02 1.383712612890907953e-02 1.500457686631441294e-02 1.621205788044592644e-02 1.745376315503214745e-02 1.872304801261400267e-02 2.001246399072599200e-02 2.131381126927206840e-02 2.261820875454087845e-02 2.391618147442196515e-02 2.519776446767433772e-02 2.645262187186691802e-02 2.767017944560233589e-02 2.883976831667383819e-02 2.995077734498616945e-02 3.099281114307668450e-02 3.195585052175783231e-02 3.283041193597825702e-02 3.360770240634219225e-02 3.427976639125089597e-02 3.483962118666205504e-02 3.528137763481457856e-02 3.560034322567171006e-02 3.579310506765293748e-02 3.585759067641137998e-02 3.579310506765293748e-02 3.560034322567171006e-02 3.528137763481457856e-02 3.483962118666205504e-02 3.427976639125089597e-02 3.360770240634219225e-02 3.283041193597825702e-02 3.195585052175783231e-02 3.099281114307668450e-02 2.995077734498616945e-02 2.883976831667383819e-02 2.767017944560233589e-02 2.645262187186691802e-02 2.519776446767433772e-02 2.391618147442196515e-02 2.261820875454087845e-02 2.131381126927206840e-02 2.001246399072599200e-02 1.872304801261400267e-02 1.745376315503214745e-02 1.621205788044592644e-02 1.500457686631441294e-02 1.383712612890907953e-02 1.271465517524959614e-02 1.164125528662171560e-02 1.062017271625144248e-02 9.653835320999604869e-03 8.743890946454160526e-03 7.891255747060330061e-03 7.096170547135205800e-03 6.358263331517944456e-03 5.676615991150951550e-03 5.049833533003040241e-03 4.476114088124556051e-03 3.953318208227642530e-03 3.479036121991840261e-03 3.050651819146735829e-03 2.665403035408854884e-03 2.320436417507605251e-03 2.012857348423642643e-03 1.739774103079774455e-03 1.498336179759982359e-03 1.285766809117063966e-03 1.099389778417474888e-03 9.366508224327692658e-04 7.951339237102619849e-04 6.725729342180361255e-04 5.668589786921540653e-04 4.760441290222130637e-04 3.983418506940042533e-04
3.406006095844438340e-04 4.070396325456996202e-04 4.846905072981552752e-04 5.750808030478160192e-04 6.798760879509622079e-04 8.008795473851368927e-04 9.400288421804403821e-04 1.099389778417045544e-03 1.281146370384020263e-03 1.487586903097951182e-03 1.721085642106595778e-03 1.984079897525387916e-03 2.279042227340205042e-03 2.608447662280518903e-03 2.974735950672119638e-03 3.380268955565917700e-03 3.827283486102677542e-03 4.317840007632143054e-03 4.853767846873936580e-03 5.436607684681887126e-03 6.067552304279654786e-03 6.747386731152599584e-03 7.476429055379226959e-03 8.254473361088374497e-03 9.080736294078189594e-03 9.953808870557741967e-03 1.087161516120153937e-02 1.183137947015168272e-02 1.282960356367158876e-02 1.386205538553843784e-02 1.492377052471211690e-02 1.600906747625130758e-02 1.711157746205299937e-02 1.822428925867096774e-02 1.933960912237330312e-02 2.044943551607321733e-02 2.154524793943349281e-02 2.261820875453466120e-02 2.365927649847352626e-02 2.465932879465102673e-02 2.560929263007962267e-02 2.650027947019916938e-02 2.732372244728317398e-02 2.807151269398595189e-02 2.873613180836944933e-02 2.931077743634162916e-02 2.978947904468028443e-02 3.016720113254644023e-02 3.043993138796178763e-02 3.060475163160188139e-02 3.065988979399751971e-02 3.060475163160188139e-02 3.043993138796178763e-02 3.016720113254644023e-02 2.978947904468028443e-02 2.931077743634162916e-02 2.873613180836944933e-02 2.807151269398595189e-02 2.732372244728317398e-02 2.650027947019916938e-02 2.560929263007962267e-02 2.465932879465102673e-02 2.365927649847352626e-02 2.261820875453466120e-02 2.154524793943349281e-02 2.044943551607321733e-02 1.933960912237330312e-02 1.822428925867096774e-02 1.711157746205299937e-02 1.600906747625130758e-02 1.492377052471211690e-02 1.386205538553843784e-02 1.282960356367158876e-02 1.183137947015168272e-02 1.087161516120153937e-02 9.953808870555530194e-03 9.080736294078189594e-03 8.254473361088374497e-03 7.476429055379226959e-03 6.747386731152599584e-03 6.067552304279654786e-03 5.436607684681887126e-03 4.853767846873936580e-03 4.317840007632143054e-03 3.827283486102677542e-03 3.380268955565917700e-03 2.974735950672119638e-03 2.608447662280518903e-03 2.279042227340205042e-03 1.984079897525387916e-03 1.721085642106595778e-03 1.487586903097951182e-03 1.281146370384020263e-03 1.099389778417045544e-03 9.400288421804403821e-04 8.008795473851368927e-04 6.798760879509622079e-04 5.750808030478160192e-04 4.846905072981552752e-04 4.070396325456996202e-04 3.406006095844438340e-04
2.901826516410427152e-04 3.467869304145292444e-04 4.129434084237899936e-04 4.899535339642482543e-04 5.792363267630501120e-04 6.823280527561085673e-04 8.008795473848089215e-04 9.366508224320200821e-04 1.091502599927560591e-03 1.267384437785122478e-03 1.466319147041916836e-03 1.690383251028395283e-03 1.941683303322231952e-03 2.222327964212812527e-03 2.534395834320900178e-03 2.879899158086580719e-03 3.260743637347774792e-03 3.678684733727210707e-03 4.135280984888297512e-03 4.631845009901337448e-03 5.169393028317718387e-03 5.748593860951429699e-03 6.369718512080925314e-03 7.032591546866024182e-03 7.736545568381787870e-03 8.480380159949367155e-03 9.262326685050390959e-03 1.008002032471058684e-02 1.093048067691899071e-02 1.181010214244273063e-02 1.271465517524190611e-02 1.363929928436380563e-02 1.457860844041904136e-02 1.552660926768948541e-02 1.647683209868188933e-02 1.742237463948351564e-02 1.835597765064619913e-02 1.927011169994477524e-02 2.015707370169433216e-02 2.100909163389522161e-02 2.181843553103062286e-02 2.257753259829250667e-02 2.327908409245150329e-02 2.391618147440942657e-02 2.448241926587559070e-02 2.497200204226095524e-02 2.537984306821220587e-02 2.570165223107343314e-02 2.593401114785788553e-02 2.607443360747108835e-02 2.612140985390265860e-02 2.607443360747108835e-02 2.593401114785788553e-02 2.570165223107343314e-02 2.537984306821220587e-02 2.497200204226095524e-02 2.448241926587559070e-02 2.391618147440942657e-02 2.327908409245150329e-02 2.257753259829250667e-02 2.181843553103062286e-02 2.100909163389522161e-02 2.015707370169433216e-02 1.927011169994477524e-02 1.835597765064619913e-02 1.742237463948351564e-02 1.647683209868188933e-02 1.552660926768948541e-02 1.457860844041904136e-02 1.363929928436380563e-02 1.271465517524190611e-02 1.181010214244273063e-02 1.093048067691899071e-02 1.008002032471058684e-02 9.262326685050390959e-03 8.480380159947483246e-03 7.736545568381787870e-03 7.032591546866024182e-03 6.369718512080925314e-03 5.748593860951429699e-03 5.169393028317718387e-03 4.631845009901337448e-03 4.135280984888297512e-03 3.678684733727210707e-03 3.260743637347774792e-03 2.879899158086580719e-03 2.534395834320900178e-03 2.222327964212812527e-03 1.941683303322231952e-03 1.690383251028395283e-03 1.466319147041916836e-03 1.267384437785122478e-03 1.091502599927560591e-03 9.366508224320200821e-04 8.008795473848089215e-04 6.823280527561085673e-04 5.792363267630501120e-04 4.899535339642482543e-04 4.129434084237899936e-04 3.467869304145292444e-04 2.901826516410427152e-04
2.463394734365354595e-04 2.943915128967171976e-04 3.505525268824065876e-04 4.159273301920983989e-04 4.917205453985218789e-04 5.792363267630398120e-04 6.798760879506717501e-04 7.951339237096118973e-04 9.265894229037879588e-04 1.075897588226080179e-03 1.244775607809377096e-03 1.434986266785420001e-03 1.648317843316792104e-03 1.886560403978480242e-03 2.151478497338457380e-03 2.444780341420761151e-03 2.768083708978606467e-03 3.122878832075609307e-03 3.510488771705128162e-03 3.932027825668124414e-03 4.388358674720215652e-03 4.880049088733964639e-03 5.407329126435745335e-03 5.970049859121833412e-03 6.567644725675868440e-03 7.199094678229550279e-03 7.862898300395054427e-03 8.557048069470385432e-03 9.279013887057659116e-03 1.002573491746795720e-02 1.079362064921324423e-02 1.157856193246763893e-02 1.237595254692446835e-02 1.318072162352688058e-02 1.398737698528020393e-02 1.479005919352277196e-02 1.558260579432049764e-02 1.635862496390606130e-02 1.711157746204326757e-02 1.783486552764576571e-02 1.852192710187120644e-02 1.916633354994455932e-02 1.976188888270621891e-02 2.030272835988298705e-02 2.078341429545086522e-02 2.119902688516403164e-02 2.154524793942239405e-02 2.181843553102365968e-02 2.201568775435702036e-02 2.213489403551875331e-02 2.217477272483575970e-02 2.213489403551875331e-02 2.201568775435702036e-02 2.181843553102365968e-02 2.154524793942239405e-02 2.119902688516403164e-02 2.078341429545086522e-02 2.030272835988298705e-02 1.976188888270621891e-02 1.916633354994455932e-02 1.852192710187120644e-02 1.783486552764576571e-02 1.711157746204326757e-02 1.635862496390606130e-02 1.558260579432049764e-02 1.479005919352277196e-02 1.398737698528020393e-02 1.318072162352688058e-02 1.237595254692446835e-02 1.157856193246763893e-02 1.079362064921324423e-02 1.002573491746795720e-02 9.279013887057659116e-03 8.557048069470385432e-03 7.862898300395054427e-03 7.199094678227949996e-03 6.567644725675868440e-03 5.970049859121833412e-03 5.407329126435745335e-03 4.880049088733964639e-03 4.388358674720215652e-03 3.932027825668124414e-03 3.510488771705128162e-03 3.122878832075609307e-03 2.768083708978606467e-03 2.444780341420761151e-03 2.151478497338457380e-03 1.886560403978480242e-03 1.648317843316792104e-03 1.434986266785420001e-03 1.244775607809377096e-03 1.075897588226080179e-03 9.265894229037879588e-04 7.951339237096118973e-04 6.798760879506717501e-04 5.792363267630398120e-04 4.917205453985218789e-04 4.159273301920983989e-04 3.505525268824065876e-04 2.943915128967171976e-04 2.463394734365354595e-04
2.083690024065852902e-04 2.490143581274558977e-04 2.965187807645986535e-04 3.518167902883409743e-04 4.159273301926118770e-04 4.899535339648444570e-04 5.750808030482802745e-04 6.725729342183166086e-04 7.837660404056080894e-04 9.100600241726013910e-04 1.052907388332601163e-03 1.213799204431039802e-03 1.394248107578988528e-03 1.595768245636179595e-03 1.819852181770330833e-03 2.067944831327716681e-03 2.341414605509374407e-03 2.641522033795691386e-03 2.969386242145098751e-03 3.325949771831762918e-03 3.711942331034139963e-03 4.127844174257494156e-03 4.573849899251999744e-03 5.049833533005730797e-03 5.555315843453393840e-03 6.089434857543087228e-03 6.650920585408533550e-03 7.238074941489642047e-03 7.848757813721532473e-03 8.480380159957881178e-03 9.129904905845748556e-03 9.793856280985795484e-03 1.046833806234573339e-02 1.114906099854424265e-02 1.183137947016250045e-02 1.251033720538762169e-02 1.318072162354502232e-02 1.383712612891792836e-02 1.447401943191841366e-02 1.508582074244207462e-02 1.566697946952742837e-02 1.621205788045456883e-02 1.671581502840284450e-02 1.717329015713188120e-02 1.757988373902065471e-02 1.793143430255005402e-02 1.822428925868666005e-02 1.845536804251981036e-02 1.862221604468963787e-02 1.872304801262298160e-02 1.875677984859042136e-02 1.872304801262298160e-02 1.862221604468963787e-02 1.845536804251981036e-02 1.822428925868666005e-02 1.793143430255005402e-02 1.757988373902065471e-02 1.717329015713188120e-02 1.671581502840284450e-02 1.621205788045456883e-02 1.566697946952742837e-02 1.508582074244207462e-02 1.447401943191841366e-02 1.383712612891792836e-02 1.318072162354502232e-02 1.251033720538762169e-02 1.183137947016250045e-02 1.114906099854424265e-02 1.046833806234573339e-02 9.793856280985795484e-03 9.129904905845748556e-03 8.480380159957881178e-03 7.848757813721532473e-03 7.238074941489642047e-03 6.650920585408533550e-03 6.089434857541734143e-03 5.555315843453393840e-03 5.049833533005730797e-03 4.573849899251999744e-03 4.127844174257494156e-03 3.711942331034139963e-03 3.325949771831762918e-03 2.969386242145098751e-03 2.641522033795691386e-03 2.341414605509374407e-03 2.067944831327716681e-03 1.819852181770330833e-03 1.595768245636179595e-03 1.394248107578988528e-03 1.213799204431039802e-03 1.052907388332601163e-03 9.100600241726013910e-04 7.837660404056080894e-04 6.725729342183166086e-04 5.750808030482802745e-04 4.899535339648444570e-04 4.159273301926118770e-04 3.518167902883409743e-04 2.965187807645986535e-04 2.490143581274558977e-04 2.083690024065852902e-04
1.756178904709829300e-04 2.098746731339516040e-04 2.499124253678383666e-04 2.965187807644750003e-04 3.505525268826931965e-04 4.129434084241202958e-04 4.846905072983444143e-04 5.668589786921540653e-04 6.605749274080988109e-04 7.670182215265669004e-04 8.874130617541390025e-04 1.023016155356895173e-03 1.175102383839236571e-03 1.344947903682770741e-03 1.533810679325019665e-03 1.742908516591662937e-03 1.973394741964314483e-03 2.226331756883041715e-03 2.502662784849042209e-03 2.803182219982070303e-03 3.128505076077268358e-03 3.479036121992428766e-03 3.854939368909547377e-03 4.256108644056499739e-03 4.682140040309954593e-03 5.132307068186019346e-03 5.605539352827305227e-03 6.100405711090169103e-03 6.615102410356680368e-03 7.147447350051292989e-03 7.694880818389112850e-03 8.254473361093143252e-03 8.822941157336715648e-03 9.396669133521610290e-03 9.971741861379506897e-03 1.054398208810251696e-02 1.110899653824464275e-02 1.166222841629674725e-02 1.219901583206501119e-02 1.271465517525242374e-02 1.320446828805113375e-02 1.366387213201403564e-02 1.408844952409526140e-02 1.447401943191469788e-02 1.481670527436555924e-02 1.511299967347416902e-02 1.535982414840411474e-02 1.555458233259022875e-02 1.569520542830956170e-02 1.578018878617935827e-02 1.580861870524551474e-02 1.578018878617935827e-02 1.569520542830956170e-02 1.555458233259022875e-02 1.535982414840411474e-02 1.511299967347416902e-02 1.481670527436555924e-02 1.447401943191469788e-02 1.408844952409526140e-02 1.366387213201403564e-02 1.320446828805113375e-02 1.271465517525242374e-02 1.219901583206501119e-02 1.166222841629674725e-02 1.110899653824464275e-02 1.054398208810251696e-02 9.971741861379506897e-03 9.396669133521610290e-03 8.822941157336715648e-03 8.254473361093143252e-03 7.694880818389112850e-03 7.147447350051292989e-03 6.615102410356680368e-03 6.100405711090169103e-03 5.605539352827305227e-03 5.132307068184878765e-03 4.682140040309954593e-03 4.256108644056499739e-03 3.854939368909547377e-03 3.479036121992428766e-03 3.128505076077268358e-03 2.803182219982070303e-03 2.502662784849042209e-03 2.226331756883041715e-03 1.973394741964314483e-03 1.742908516591662937e-03 1.533810679325019665e-03 1.344947903682770741e-03 1.175102383839236571e-03 1.023016155356895173e-03 8.874130617541390025e-04 7.670182215265669004e-04 6.605749274080988109e-04 5.668589786921540653e-04 4.846905072983444143e-04 4.129434084241202958e-04 3.505525268826931965e-04 2.965187807644750003e-04 2.499124253678383666e-04 2.098746731339516040e-04 1.756178904709829300e-04
1.474826523924205443e-04 1.762512542473670463e-04 2.098746731339516040e-04 2.490143581273520311e-04 2.943915128969578363e-04 3.467869304148066376e-04 4.070396325458585100e-04 4.760441290222130637e-04 5.547461146287609689e-04 6.441364341678289815e-04 7.452431626651619730e-04 8.591216739234245692e-04 9.868426043410547747e-04 1.129477661033258772e-03 1.288083273566315414e-03 1.463682146590579740e-03 1.657242835462949650e-03 1.869657537338660809e-03 2.101718364589535894e-03 2.354092443733904992e-03 2.627296258972336516e-03 2.921669732305903419e-03 3.237350599155969146e-03 3.574249696385433956e-03 3.932027825671684067e-03 4.310074886325476230e-03 4.707491985172554058e-03 5.123077224812156924e-03 5.555315843451021605e-03 6.002375328582561231e-03 6.462106052498663850e-03 6.932047880382341022e-03 7.409443082914560566e-03 7.891255747060328327e-03 8.374197724074002036e-03 8.854760986828226488e-03 9.329256093924244431e-03 9.793856280980050080e-03 1.024464652584668525e-02 1.067767677012997421e-02 1.108901833025466646e-02 1.147482240320654712e-02 1.183137947015492838e-02 1.215517832991464681e-02 1.244296345730937225e-02 1.269178938132180072e-02 1.289907081569280529e-02 1.306262735029111409e-02 1.318072162353799322e-02 1.325209004160883206e-02 1.327596528495638382e-02 1.325209004160883206e-02 1.318072162353799322e-02 1.306262735029111409e-02 1.289907081569280529e-02 1.269178938132180072e-02 1.244296345730937225e-02 1.215517832991464681e-02 1.183137947015492838e-02 1.147482240320654712e-02 1.108901833025466646e-02 1.067767677012997421e-02 1.024464652584668525e-02 9.793856280980050080e-03 9.329256093924244431e-03 8.854760986828226488e-03 8.374197724074002036e-03 7.891255747060328327e-03 7.409443082914560566e-03 6.932047880382341022e-03 6.462106052498663850e-03 6.002375328582561231e-03 5.555315843451021605e-03 5.123077224812156924e-03 4.707491985172554058e-03 4.310074886324518663e-03 3.932027825671684067e-03 3.574249696385433956e-03 3.237350599155969146e-03 2.921669732305903419e-03 2.627296258972336516e-03 2.354092443733904992e-03 2.101718364589535894e-03 1.869657537338660809e-03 1.657242835462949650e-03 1.463682146590579740e-03 1.288083273566315414e-03 1.129477661033258772e-03 9.868426043410547747e-04 8.591216739234245692e-04 7.452431626651619730e-04 6.441364341678289815e-04 5.547461146287609689e-04 4.760441290222130637e-04 4.070396325458585100e-04 3.467869304148066376e-04 2.943915128969578363e-04 2.490143581273520311e-04 2.098746731339516040e-04 1.762512542473670463e-04 1.474826523924205443e-04
1.234098040866500438e-04 1.474826523923552211e-04 1.756178904709051114e-04 2.083690024064060716e-04 2.463394734366276709e-04 2.901826516411462023e-04 3.406006095844258904e-04 3.983418506938277452e-04 4.641977087719101553e-04 5.389972980294083791e-04 6.236008859991839376e-04 7.188915831495682786e-04 8.257652713082609111e-04 9.451187282520400520e-04 1.077835947885890083e-03 1.224772703946528513e-03 1.386739459392837253e-03 1.564482782545553383e-03 1.758665493275593517e-03 1.969845826409851158e-03 2.198455963041980998e-03 2.444780341422019259e-03 2.708934215114302754e-03 2.990842974630172641e-03 3.290222787275672803e-03 3.606563136014994102e-03 3.939111849465738550e-03 4.286863209868195003e-03 4.648549702344430962e-03 5.022637926146929048e-03 5.407329126439010085e-03 5.800564723781897504e-03 6.200037119081967633e-03 6.603205936052280838e-03 7.007319733856067628e-03 7.409443082912326242e-03 7.806488750703713050e-03 8.195254596266472735e-03 8.572464626739342841e-03 8.934813531805150047e-03 9.279013887061943883e-03 9.601845110168358288e-03 9.900203168312910265e-03 1.017114997594220464e-02 1.041196139080837781e-02 1.062017271624851600e-02 1.079362064921937994e-02 1.093048067692055023e-02 1.102929901852708894e-02 1.108901833025102875e-02 1.110899653823851745e-02 1.108901833025102875e-02 1.102929901852708894e-02 1.093048067692055023e-02 1.079362064921937994e-02 1.062017271624851600e-02 1.041196139080837781e-02 1.017114997594220464e-02 9.900203168312910265e-03 9.601845110168358288e-03 9.279013887061943883e-03 8.934813531805150047e-03 8.572464626739342841e-03 8.195254596266472735e-03 7.806488750703713050e-03 7.409443082912326242e-03 7.007319733856067628e-03 6.603205936052280838e-03 6.200037119081967633e-03 5.800564723781897504e-03 5.407329126439010085e-03 5.022637926146929048e-03 4.648549702344430962e-03 4.286863209868195003e-03 3.939111849465738550e-03 3.606563136014192660e-03 3.290222787275672803e-03 2.990842974630172641e-03 2.708934215114302754e-03 2.444780341422019259e-03 2.198455963041980998e-03 1.969845826409851158e-03 1.758665493275593517e-03 1.564482782545553383e-03 1.386739459392837253e-03 1.224772703946528513e-03 1.077835947885890083e-03 9.451187282520400520e-04 8.257652713082609111e-04 7.188915831495682786e-04 6.236008859991839376e-04 5.389972980294083791e-04 4.641977087719101553e-04 3.983418506938277452e-04 3.406006095844258904e-04 2.901826516411462023e-04 2.463394734366276709e-04 2.083690024064060716e-04 1.756178904709051114e-04 1.474826523923552211e-04 1.234098040866500438e-04
