1.687783847552079943e-03 1.689854731776840044e-03 1.691926292840990019e-03 1.693998529301280051e-03 1.696071439721019963e-03 1.698145022670129959e-03 1.700219276724999895e-03 1.702294200468530043e-03 1.704369792490100085e-03 1.706446051385450066e-03 1.708522975756750001e-03 1.710600564212520075e-03 1.712678815367590099e-03 1.714757727843079990e-03 1.716837300266370065e-03 1.718917531271070033e-03 1.720998419496969989e-03 1.723079963590010057e-03 1.725162162202279956e-03 1.727245013991960017e-03 1.729328517623250063e-03 1.731412671766470023e-03 1.733497475097850026e-03 1.735582926299660076e-03 1.737669024060050022e-03 1.739755767073139980e-03 1.741843154038880039e-03 1.743931183663089942e-03 1.746019854657410077e-03 1.748109165739250093e-03 1.750199115631809925e-03 1.752289703063980054e-03 1.754380926770380102e-03 1.756472785491300067e-03 1.758565277972650017e-03 1.760658402965970069e-03 1.762752159228380073e-03 1.764846545522539938e-03 1.766941560616670012e-03 1.769037203284460008e-03 1.771133472305080067e-03 1.773230366463139987e-03 1.775327884548679900e-03 1.777426025357119969e-03 1.779524787689210075e-03 1.781624170351090103e-03 1.783724172154140105e-03 1.785824791915090019e-03 1.787926028455860076e-03 1.790027880603629971e-03 1.792130347190780100e-03 1.794233427054839954e-03 1.796337119038490067e-03 1.798441421989570039e-03 1.800546334760949954e-03 1.802651856210619932e-03 1.804757985201609896e-03 1.806864720601919971e-03 1.808972061284610036e-03 1.811080006127650105e-03 1.813188554013989932e-03 1.815297703831480081e-03 1.817407454472869978e-03 1.819517804835769957e-03 1.821628753822630018e-03 1.823740300340759984e-03 1.825852443302200057e-03 1.827965181623799956e-03 1.830078514227169917e-03 1.832192440038609999e-03 1.834306957989140013e-03 1.836422067014450077e-03 1.838537766054889992e-03 1.840654054055439973e-03 1.842770929965680069e-03 1.844888392739760024e-03 1.847006441336430070e-03 1.849125074718950068e-03 1.851244291855099920e-03 1.853364091717160048e-03 1.855484473281879959e-03 1.857605435530440075e-03 1.859726977448479925e-03 1.861849098026010108e-03 1.863971796257450023e-03 1.866095071141589921e-03 1.868218921681520000e-03 1.870343346884670082e-03 1.872468345762779915e-03 1.874593917331849940e-03 1.876720060612139997e-03 1.878846774628140049e-03 1.880974058408550016e-03 1.883101910986289965e-03 1.885230331398399933e-03 1.887359318686119940e-03 1.889488871894809971e-03 1.891618990073910085e-03 1.893749672276990063e-03 1.895880917561670051e-03 1.898012724989609932e-03
1.693681567699250072e-03 1.695753990147130016e-03 1.697827084981740021e-03 1.699900850779649921e-03 1.701975286123990055e-03 1.704050389604279967e-03 1.706126159816499961e-03 1.708202595362970106e-03 1.710279694852420056e-03 1.712357456899850057e-03 1.714435880126579954e-03 1.716514963160150091e-03 1.718594704634370104e-03 1.720675103189200092e-03 1.722756157470769914e-03 1.724837866131329967e-03 1.726920227829250101e-03 1.729003241228930067e-03 1.731086905000789973e-03 1.733171217821319939e-03 1.735256178372889934e-03 1.737341785343880091e-03 1.739428037428539979e-03 1.741514933327000100e-03 1.743602471745249981e-03 1.745690651395090040e-03 1.747779470994120093e-03 1.749868929265650016e-03 1.751959024938799922e-03 1.754049756748300021e-03 1.756141123434630047e-03 1.758233123743839933e-03 1.760325756427630036e-03 1.762419020243299970e-03 1.764512913953649939e-03 1.766607436327049911e-03 1.768702586137360037e-03 1.770798362163890100e-03 1.772894763191419903e-03 1.774991788010109924e-03 1.777089435415549895e-03 1.779187704208649943e-03 1.781286593195670082e-03 1.783386101188180100e-03 1.785486227003009897e-03 1.787586969462259898e-03 1.789688327393229930e-03 1.791790299628459983e-03 1.793892885005610085e-03 1.795996082367519930e-03 1.798099890562139926e-03 1.800204308442519916e-03 1.802309334866749983e-03 1.804414968698010106e-03 1.806521208804450027e-03 1.808628054059259948e-03 1.810735503340549961e-03 1.812843555531379975e-03 1.814952209519749959e-03 1.817061464198550065e-03 1.819171318465499917e-03 1.821281771223219950e-03 1.823392821379090029e-03 1.825504467845329897e-03 1.827616709538900080e-03 1.829729545381540050e-03 1.831842974299660023e-03 1.833956995224430078e-03 1.836071607091660030e-03 1.838186808841810052e-03 1.840302599419980055e-03 1.842418977775889949e-03 1.844535942863810042e-03 1.846653493642600070e-03 1.848771629075630051e-03 1.850890348130819962e-03 1.853009649780559950e-03 1.855129533001709892e-03 1.857249996775580097e-03 1.859371040087910059e-03 1.861492661928859996e-03 1.863614861292919997e-03 1.865737637179000008e-03 1.867860988590319899e-03 1.869984914534430056e-03 1.872109414023150021e-03 1.874234486072609909e-03 1.876360129703169956e-03 1.878486343939450012e-03 1.880613127810230011e-03 1.882740480348549933e-03 1.884868400591569945e-03 1.886996887580610080e-03 1.889125940361140047e-03 1.891255557982730005e-03 1.893385739499019995e-03 1.895516483967750075e-03 1.897647790450690064e-03 1.899779658013649956e-03 1.901912085726449987e-03 1.904045072662880096e-03
1.699582875196769920e-03 1.701656822409340023e-03 1.703731437615619952e-03 1.705806719411760014e-03 1.707882666400289962e-03 1.709959277190120077e-03 1.712036550396429935e-03 1.714114484640720006e-03 1.716193078550760052e-03 1.718272330760490033e-03 1.720352239910059996e-03 1.722432804645789971e-03 1.724514023620120091e-03 1.726595895491560067e-03 1.728678418924729961e-03 1.730761592590209907e-03 1.732845415164650056e-03 1.734929885330609893e-03 1.737015001776639990e-03 1.739100763197149943e-03 1.741187168292440040e-03 1.743274215768680002e-03 1.745361904337840034e-03 1.747450232717650057e-03 1.749539199631650012e-03 1.751628803809050002e-03 1.753719043984799898e-03 1.755809918899509971e-03 1.757901427299409913e-03 1.759993567936349920e-03 1.762086339567780092e-03 1.764179740956669986e-03 1.766273770871550032e-03 1.768368428086420025e-03 1.770463711380759969e-03 1.772559619539499937e-03 1.774656151352940053e-03 1.776753305616830076e-03 1.778851081132239945e-03 1.780949476705569971e-03 1.783048491148520043e-03 1.785148123278090066e-03 1.787248371916530087e-03 1.789349235891280008e-03 1.791450714034999950e-03 1.793552805185519945e-03 1.795655508185819982e-03 1.797758821883989897e-03 1.799862745133210071e-03 1.801967276791729966e-03 1.804072415722849905e-03 1.806178160794880095e-03 1.808284510881100074e-03 1.810391464859799912e-03 1.812499021614170057e-03 1.814607180032329955e-03 1.816715939007310055e-03 1.818825297436960087e-03 1.820935254224019962e-03 1.823045808276030008e-03 1.825156958505309932e-03 1.827268703828970097e-03 1.829381043168859912e-03 1.831493975451540081e-03 1.833607499608270021e-03 1.835721614575020009e-03 1.837836319292359940e-03 1.839951612705520044e-03 1.842067493764329954e-03 1.844183961423200057e-03 1.846301014641100026e-03 1.848418652381520009e-03 1.850536873612499897e-03 1.852655677306549965e-03 1.854775062440650003e-03 1.856895027996220042e-03 1.859015572959119922e-03 1.861136696319620016e-03 1.863258397072340084e-03 1.865380674216309985e-03 1.867503526754840009e-03 1.869626953695570099e-03 1.871750954050509968e-03 1.873875526835830059e-03 1.876000671072030040e-03 1.878126385783819964e-03 1.880252670000130038e-03 1.882379522754049897e-03 1.884506943082889978e-03 1.886634930028070062e-03 1.888763482635150062e-03 1.890892599953820051e-03 1.893022281037820033e-03 1.895152524944990029e-03 1.897283330737210014e-03 1.899414697480389944e-03 1.901546624244430071e-03 1.903679110103269952e-03 1.905812154134760078e-03 1.907945755420739934e-03 1.910079913046969918e-03
1.705487729910499985e-03 1.707563188607839899e-03 1.709639310964619933e-03 1.711716095596210047e-03 1.713793541124290038e-03 1.715871646176820057e-03 1.717950409387910063e-03 1.720029829397900058e-03 1.722109904853309998e-03 1.724190634406740042e-03 1.726272016716880100e-03 1.728354050448520016e-03 1.730436734272440069e-03 1.732520066865440031e-03 1.734604046910269990e-03 1.736688673095650084e-03 1.738773944116149940e-03 1.740859858672269989e-03 1.742946415470320032e-03 1.745033613222440059e-03 1.747121450646539967e-03 1.749209926466309970e-03 1.751299039411160097e-03 1.753388788216170106e-03 1.755479171622110080e-03 1.757570188375389905e-03 1.759661837228010048e-03 1.761754116937589961e-03 1.763847026267260096e-03 1.765940563985679904e-03 1.768034728867039999e-03 1.770129519690950056e-03 1.772224935242499959e-03 1.774320974312180001e-03 1.776417635695829930e-03 1.778514918194710071e-03 1.780612820615349971e-03 1.782711341769639907e-03 1.784810480474679963e-03 1.786910235552879997e-03 1.789010605831839939e-03 1.791111590144350016e-03 1.793213187328400069e-03 1.795315396227109951e-03 1.797418215688690061e-03 1.799521644566500107e-03 1.801625681718889947e-03 1.803730326009319934e-03 1.805835576306239918e-03 1.807941431483069952e-03 1.810047890418220017e-03 1.812154951995039939e-03 1.814262615101759971e-03 1.816370878631549989e-03 1.818479741482409992e-03 1.820589202557200024e-03 1.822699260763590082e-03 1.824809915014039951e-03 1.826921164225769932e-03 1.829033007320769949e-03 1.831145443225729941e-03 1.833258470872050055e-03 1.835372089195789905e-03 1.837486297137690041e-03 1.839601093643060056e-03 1.841716477661890046e-03 1.843832448148679951e-03 1.845949004062539959e-03 1.848066144367100077e-03 1.850183868030489970e-03 1.852302174025350018e-03 1.854421061328769948e-03 1.856540528922310087e-03 1.858660575791939995e-03 1.860781200928030010e-03 1.862902403325320021e-03 1.865024181982950042e-03 1.867146535904370009e-03 1.869269464097330019e-03 1.871392965573910041e-03 1.873517039350450089e-03 1.875641684447520085e-03 1.877766899889959972e-03 1.879892684706779967e-03 1.882019037931219980e-03 1.884145958600670027e-03 1.886273445756670017e-03 1.888401498444890018e-03 1.890530115715110095e-03 1.892659296621169995e-03 1.894789040221050037e-03 1.896919345576700017e-03 1.899050211754140047e-03 1.901181637823390076e-03 1.903313622858470106e-03 1.905446165937329942e-03 1.907579266141930067e-03 1.909712922558110025e-03 1.911847134275669949e-03 1.913981900388240023e-03 1.916117219993389992e-03
1.711396092238199945e-03 1.713473049316159959e-03 1.715550665777059933e-03 1.717628940255239893e-03 1.719707871391220038e-03 1.721787457831679916e-03 1.723867698229400100e-03 1.725948591243279965e-03 1.728030135538260060e-03 1.730112329785309967e-03 1.732195172661389919e-03 1.734278662849449929e-03 1.736362799038350000e-03 1.738447579922870094e-03 1.740533004203660044e-03 1.742619070587210061e-03 1.744705777785819948e-03 1.746793124517580014e-03 1.748881109506330092e-03 1.750969731481649997e-03 1.753058989178789924e-03 1.755148881338689957e-03 1.757239406707929988e-03 1.759330564038639935e-03 1.761422352088620096e-03 1.763514769621149893e-03 1.765607815405080029e-03 1.767701488214699999e-03 1.769795786829830029e-03 1.771890710035690106e-03 1.773986256622919928e-03 1.776082425387529896e-03 1.778179215130910006e-03 1.780276624659779972e-03 1.782374652786110087e-03 1.784473298327230069e-03 1.786572560105649955e-03 1.788672436949119947e-03 1.790772927690600057e-03 1.792874031168200039e-03 1.794975746225190016e-03 1.797078071709939983e-03 1.799181006475910043e-03 1.801284549381659958e-03 1.803388699290719901e-03 1.805493455071709944e-03 1.807598815598199975e-03 1.809704779748720106e-03 1.811811346406760025e-03 1.813918514460700036e-03 1.816026282803819957e-03 1.818134650334270056e-03 1.820243615955030071e-03 1.822353178573930029e-03 1.824463337103509946e-03 1.826574090461180076e-03 1.828685437569040062e-03 1.830797377353889999e-03 1.832909908747259922e-03 1.835023030685359931e-03 1.837136742109009941e-03 1.839251041963709931e-03 1.841365929199520034e-03 1.843481402771109980e-03 1.845597461637669967e-03 1.847714104762980059e-03 1.849831331115259908e-03 1.851949139667299947e-03 1.854067529396310034e-03 1.856186499283950025e-03 1.858306048316310044e-03 1.860426175483879908e-03 1.862546879781540017e-03 1.864668160208529917e-03 1.866790015768379990e-03 1.868912445468999929e-03 1.871035448322559908e-03 1.873159023345520070e-03 1.875283169558560059e-03 1.877407885986629972e-03 1.879533171658869916e-03 1.881659025608600029e-03 1.883785446873330023e-03 1.885912434494699990e-03 1.888039987518499909e-03 1.890168104994610025e-03 1.892296785976989998e-03 1.894426029523689969e-03 1.896555834696800032e-03 1.898686200562430069e-03 1.900817126190699992e-03 1.902948610655729985e-03 1.905080653035589981e-03 1.907213252412320046e-03 1.909346407871880067e-03 1.911480118504130027e-03 1.913614383402839972e-03 1.915749201665670068e-03 1.917884572394079959e-03 1.920020494693410081e-03 1.922156967672820080e-03
1.717307923101350081e-03 1.719386365628740006e-03 1.721465463319500101e-03 1.723545214826600024e-03 1.725625618809100044e-03 1.727706673932149963e-03 1.729788378866880041e-03 1.731870732290440029e-03 1.733953732885949945e-03 1.736037379342440009e-03 1.738121670354869945e-03 1.740206604624050047e-03 1.742292180856650071e-03 1.744378397765150015e-03 1.746465254067790024e-03 1.748552748488600098e-03 1.750640879757309892e-03 1.752729646609350010e-03 1.754819047785799967e-03 1.756909082033410088e-03 1.758999748104490054e-03 1.761091044756999974e-03 1.763182970754369975e-03 1.765275524865589970e-03 1.767368705865160006e-03 1.769462512533010031e-03 1.771556943654530036e-03 1.773651998020519963e-03 1.775747674427150024e-03 1.777843971675940101e-03 1.779940888573779915e-03 1.782038423932809975e-03 1.784136576570459964e-03 1.786235345309419896e-03 1.788334728977590028e-03 1.790434726408070016e-03 1.792535336439109910e-03 1.794636557914140078e-03 1.796738389681649993e-03 1.798840830595279956e-03 1.800943879513689904e-03 1.803047535300589992e-03 1.805151796824719986e-03 1.807256662959790070e-03 1.809362132584460027e-03 1.811468204582370031e-03 1.813574877842030059e-03 1.815682151256869980e-03 1.817790023725169950e-03 1.819898494150030055e-03 1.822007561439409990e-03 1.824117224506019994e-03 1.826227482267349898e-03 1.828338333645650052e-03 1.830449777567859978e-03 1.832561812965640032e-03 1.834674438775310036e-03 1.836787653937839958e-03 1.838901457398829957e-03 1.841015848108490003e-03 1.843130825021580032e-03 1.845246387097450053e-03 1.847362533299969902e-03 1.849479262597540077e-03 1.851596573962990041e-03 1.853714466373710063e-03 1.855832938811459963e-03 1.857951990262440021e-03 1.860071619717279913e-03 1.862191826170960006e-03 1.864312608622820024e-03 1.866433966076549945e-03 1.868555897540139909e-03 1.870678402025889977e-03 1.872801478550350065e-03 1.874925126134339894e-03 1.877049343802909961e-03 1.879174130585310092e-03 1.881299485514969930e-03 1.883425407629519968e-03 1.885551895970700043e-03 1.887678949584389908e-03 1.889806567520610102e-03 1.891934748833410057e-03 1.894063492580940096e-03 1.896192797825410007e-03 1.898322663633020095e-03 1.900453089073999994e-03 1.902584073222570067e-03 1.904715615156909970e-03 1.906847713959159947e-03 1.908980368715370093e-03 1.911113578515509894e-03 1.913247342453450010e-03 1.915381659626939946e-03 1.917516529137539959e-03 1.919651950090699990e-03 1.921787921595659917e-03 1.923924442765449988e-03 1.926061512716889957e-03 1.928199130570569996e-03
1.723223183936859956e-03 1.725303099152780033e-03 1.727383665368489992e-03 1.729464881255339970e-03 1.731546745490629988e-03 1.733629256757689965e-03 1.735712413745689985e-03 1.737796215149779938e-03 1.739880659670960074e-03 1.741965746016040009e-03 1.744051472897679934e-03 1.746137839034319923e-03 1.748224843150130055e-03 1.750312483975000012e-03 1.752400760244539942e-03 1.754489670700019963e-03 1.756579214088310097e-03 1.758669389161929926e-03 1.760760194678939955e-03 1.762851629402989971e-03 1.764943692103199992e-03 1.767036381554230092e-03 1.769129696536189981e-03 1.771223635834599970e-03 1.773318198240430004e-03 1.775413382549999915e-03 1.777509187564990049e-03 1.779605612092429985e-03 1.781702654944620047e-03 1.783800314939159920e-03 1.785898590898859963e-03 1.787997481651770054e-03 1.790096986031160069e-03 1.792197102875409944e-03 1.794297831028089912e-03 1.796399169337870071e-03 1.798501116658490035e-03 1.800603671848779964e-03 1.802706833772579897e-03 1.804810601298769898e-03 1.806914973301209986e-03 1.809019948658690050e-03 1.811125526255000099e-03 1.813231704978779998e-03 1.815338483723589937e-03 1.817445861387859910e-03 1.819553836874809915e-03 1.821662409092529968e-03 1.823771576953889901e-03 1.825881339376479945e-03 1.827991695282700068e-03 1.830102643599630088e-03 1.832214183259019916e-03 1.834326313197370004e-03 1.836439032355740089e-03 1.838552339679869977e-03 1.840666234120089985e-03 1.842780714631289934e-03 1.844895780172949940e-03 1.847011429709049992e-03 1.849127662208100093e-03 1.851244476643109900e-03 1.853361871991529965e-03 1.855479847235259969e-03 1.857598401360620105e-03 1.859717533358369937e-03 1.861837242223590011e-03 1.863957526955749939e-03 1.866078386558640096e-03 1.868199820040390051e-03 1.870321826413390070e-03 1.872444404694319957e-03 1.874567553904110022e-03 1.876691273067930023e-03 1.878815561215110017e-03 1.880940417379219944e-03 1.883065840597980068e-03 1.885191829913270087e-03 1.887318384371049988e-03 1.889445503021460002e-03 1.891573184918659938e-03 1.893701429120900077e-03 1.895830234690499931e-03 1.897959600693750011e-03 1.900089526201000079e-03 1.902220010286580004e-03 1.904351052028760080e-03 1.906482650509770107e-03 1.908614804815790067e-03 1.910747514036869894e-03 1.912880777266999944e-03 1.915014593603999978e-03 1.917148962149569898e-03 1.919283882009219927e-03 1.921419352292300098e-03 1.923555372111929998e-03 1.925691940585049942e-03 1.927829056832319927e-03 1.929966719978169938e-03 1.932104929150729906e-03 1.934243683481860071e-03
1.729141836689310078e-03 1.731223212000479938e-03 1.733305234203030105e-03 1.735387901986350104e-03 1.737471214045729906e-03 1.739555169082359926e-03 1.741639765803229978e-03 1.743725002921160065e-03 1.745810879154770017e-03 1.747897393228369997e-03 1.749984543872069994e-03 1.752072329821620020e-03 1.754160749818440028e-03 1.756249802609589992e-03 1.758339486947749957e-03 1.760429801591140023e-03 1.762520745303570004e-03 1.764612316854339896e-03 1.766704515018229903e-03 1.768797338575539904e-03 1.770890786311950021e-03 1.772984857018560087e-03 1.775079549491869911e-03 1.777174862533720083e-03 1.779270794951260098e-03 1.781367345556980012e-03 1.783464513168600074e-03 1.785562296609099998e-03 1.787660694706689904e-03 1.789759706294750041e-03 1.791859330211860056e-03 1.793959565301689926e-03 1.796060410413079971e-03 1.798161864399910100e-03 1.800263926121139927e-03 1.802366594440789902e-03 1.804469868227840052e-03 1.806573746356309991e-03 1.808678227705140095e-03 1.810783311158240070e-03 1.812888995604390076e-03 1.814995279937299923e-03 1.817102163055519951e-03 1.819209643862429969e-03 1.821317721266239907e-03 1.823426394179939944e-03 1.825535661521269929e-03 1.827645522212759934e-03 1.829755975181620101e-03 1.831867019359730009e-03 1.833978653683710023e-03 1.836090877094759960e-03 1.838203688538739972e-03 1.840317086966120020e-03 1.842431071331900082e-03 1.844545640595679969e-03 1.846660793721599915e-03 1.848776529678259912e-03 1.850892847438789963e-03 1.853009745980780049e-03 1.855127224286240006e-03 1.857245281341630104e-03 1.859363916137789924e-03 1.861483127669950064e-03 1.863602914937690074e-03 1.865723276944930000e-03 1.867844212699880076e-03 1.869965721215079970e-03 1.872087801507310101e-03 1.874210452597620041e-03 1.876333673511269970e-03 1.878457463277739999e-03 1.880581820930690056e-03 1.882706745507960102e-03 1.884832236051520041e-03 1.886958291607459962e-03 1.889084911226020062e-03 1.891212093961459895e-03 1.893339838872160064e-03 1.895468145020509903e-03 1.897597011472959951e-03 1.899726437299920035e-03 1.901856421575839938e-03 1.903986963379069967e-03 1.906118061791980001e-03 1.908249715900840011e-03 1.910381924795799893e-03 1.912514687570939995e-03 1.914648003324190013e-03 1.916781871157330081e-03 1.918916290176010068e-03 1.921051259489640070e-03 1.923186778211469997e-03 1.925322845458509987e-03 1.927459460351519998e-03 1.929596622015029980e-03 1.931734329577260070e-03 1.933872582170180010e-03 1.936011378929410054e-03 1.938150718994240043e-03 1.940290601507640034e-03
1.735063843802559956e-03 1.737146666780739956e-03 1.739230132596150018e-03 1.741314239955980099e-03 1.743398987573200037e-03 1.745484374166610076e-03 1.747570398460709896e-03 1.749657059185749999e-03 1.751744355077669915e-03 1.753832284878040085e-03 1.755920847334100027e-03 1.758010041198690030e-03 1.760099865230199982e-03 1.762190318192579990e-03 1.764281398855320005e-03 1.766373105993360041e-03 1.768465438387140055e-03 1.770558394822509957e-03 1.772651974090730040e-03 1.774746174988449951e-03 1.776840996317659901e-03 1.778936436885690010e-03 1.781032495505160008e-03 1.783129170993949953e-03 1.785226462175190047e-03 1.787324367877240030e-03 1.789422886933639961e-03 1.791522018183100027e-03 1.793621760469459991e-03 1.795722112641669893e-03 1.797823073553800029e-03 1.799924642064929924e-03 1.802026817039219892e-03 1.804129597345809988e-03 1.806232981858839955e-03 1.808336969457419955e-03 1.810441559025570066e-03 1.812546749452230042e-03 1.814652539631240015e-03 1.816758928461279995e-03 1.818865914845870088e-03 1.820973497693360085e-03 1.823081675916880025e-03 1.825190448434320031e-03 1.827299814168279997e-03 1.829409772046160015e-03 1.831520320999950038e-03 1.833631459966389909e-03 1.835743187886839907e-03 1.837855503707259931e-03 1.839968406378250047e-03 1.842081894854960067e-03 1.844195968097089985e-03 1.846310625068919896e-03 1.848425864739159947e-03 1.850541686081070029e-03 1.852658088072370009e-03 1.854775069695190071e-03 1.856892629936099989e-03 1.859010767786070098e-03 1.861129482240450042e-03 1.863248772298919985e-03 1.865368636965530078e-03 1.867489075248629981e-03 1.869610086160840030e-03 1.871731668719070095e-03 1.873853821944490095e-03 1.875976544862459957e-03 1.878099836502579922e-03 1.880223695898630048e-03 1.882348122088550041e-03 1.884473114114429936e-03 1.886598671022469975e-03 1.888724791862999913e-03 1.890851475690410056e-03 1.892978721563180105e-03 1.895106528543809982e-03 1.897234895698849972e-03 1.899363822098820058e-03 1.901493306818279961e-03 1.903623348935689925e-03 1.905753947533490086e-03 1.907885101698090060e-03 1.910016810519719974e-03 1.912149073092559923e-03 1.914281888514669924e-03 1.916415255887899934e-03 1.918549174318009976e-03 1.920683642914509893e-03 1.922818660790730043e-03 1.924954227063800042e-03 1.927090340854590005e-03 1.929227001287679970e-03 1.931364207491439913e-03 1.933501958597890098e-03 1.935640253742739901e-03 1.937779092065419892e-03 1.939918472708950003e-03 1.942058394820029947e-03 1.944198857548939908e-03 1.946339860049589978e-03
1.740989168212449907e-03 1.743073426591860075e-03 1.745158323807789952e-03 1.747243858584940010e-03 1.749330029653709939e-03 1.751416835750219895e-03 1.753504275616220081e-03 1.755592347999110044e-03 1.757681051651890100e-03 1.759770385333119923e-03 1.761860347806910084e-03 1.763950937842920100e-03 1.766042154216240041e-03 1.768133995707490058e-03 1.770226461102649947e-03 1.772319549193169955e-03 1.774413258775849999e-03 1.776507588652819934e-03 1.778602537631569910e-03 1.780698104524890092e-03 1.782794288150799968e-03 1.784891087332589983e-03 1.786988500898769932e-03 1.789086527683019954e-03 1.791185166524210046e-03 1.793284416266320049e-03 1.795384275758470007e-03 1.797484743854839938e-03 1.799585819414689994e-03 1.801687501302299968e-03 1.803789788386979918e-03 1.805892679542979960e-03 1.807996173649570066e-03 1.810100269590909959e-03 1.812204966256069933e-03 1.814310262539049930e-03 1.816416157338650089e-03 1.818522649558539919e-03 1.820629738107199967e-03 1.822737421897879968e-03 1.824845699848599932e-03 1.826954570882149921e-03 1.829064033926000067e-03 1.831174087912309893e-03 1.833284731777930048e-03 1.835395964464350046e-03 1.837507784917670082e-03 1.839620192088609919e-03 1.841733184932460099e-03 1.843846762409040094e-03 1.845960923482729962e-03 1.848075667122410070e-03 1.850190992301440056e-03 1.852306897997659917e-03 1.854423383193319966e-03 1.856540446875120081e-03 1.858658088034170026e-03 1.860776305665899893e-03 1.862895098770129924e-03 1.865014466351039941e-03 1.867134407417070027e-03 1.869254920980969971e-03 1.871376006059779964e-03 1.873497661674770106e-03 1.875619886851410045e-03 1.877742680619429909e-03 1.879866042012709937e-03 1.881989970069299989e-03 1.884114463831410013e-03 1.886239522345359949e-03 1.888365144661569971e-03 1.890491329834539892e-03 1.892618076922869975e-03 1.894745384989180055e-03 1.896873253100080049e-03 1.899001680326249967e-03 1.901130665742300054e-03 1.903260208426859907e-03 1.905390307462439918e-03 1.907520961935529934e-03 1.909652170936509919e-03 1.911783933559639981e-03 1.913916248903069911e-03 1.916049116068760036e-03 1.918182534162569909e-03 1.920316502294119963e-03 1.922451019576829892e-03 1.924586085127929927e-03 1.926721698068369982e-03 1.928857857522859980e-03 1.930994562619839936e-03 1.933131812491430080e-03 1.935269606273439967e-03 1.937407943105389939e-03 1.939546822130410082e-03 1.941686242495259960e-03 1.943826203350340100e-03 1.945966703849629983e-03 1.948107743150709944e-03 1.950249320414709992e-03 1.952391434806310033e-03
1.746917773338929961e-03 1.749003455013699955e-03 1.751089771576919921e-03 1.753176721770489900e-03 1.755264304341990064e-03 1.757352518044590084e-03 1.759441361637010095e-03 1.761530833883530019e-03 1.763620933553980029e-03 1.765711659423610004e-03 1.767803010273169984e-03 1.769894984888850100e-03 1.771987582062220078e-03 1.774080800590250055e-03 1.776174639275250079e-03 1.778269096924849947e-03 1.780364172351990093e-03 1.782459864374840060e-03 1.784556171816850103e-03 1.786653093506700022e-03 1.788750628278190083e-03 1.790848774970360069e-03 1.792947532427340094e-03 1.795046899498380089e-03 1.797146875037830072e-03 1.799247457905080085e-03 1.801348646964569949e-03 1.803450441085730068e-03 1.805552839142990102e-03 1.807655840015729961e-03 1.809759442588270047e-03 1.811863645749820081e-03 1.813968448394499920e-03 1.816073849421269946e-03 1.818179847733920017e-03 1.820286442241090055e-03 1.822393631856149927e-03 1.824501415497269911e-03 1.826609792087350009e-03 1.828718760553999997e-03 1.830828319829530103e-03 1.832938468850910021e-03 1.835049206559760020e-03 1.837160531902319940e-03 1.839272443829419916e-03 1.841384941296479944e-03 1.843498023263460007e-03 1.845611688694870052e-03 1.847725936559709925e-03 1.849840765831450070e-03 1.851956175488069910e-03 1.854072164511950081e-03 1.856188731889889991e-03 1.858305876613129941e-03 1.860423597677219936e-03 1.862541894082120082e-03 1.864660764832109944e-03 1.866780208935739978e-03 1.868900225405900053e-03 1.871020813259730107e-03 1.873141971518609960e-03 1.875263699208159964e-03 1.877385995358180071e-03 1.879508859002699921e-03 1.881632289179850041e-03 1.883756284931989997e-03 1.885880845305509985e-03 1.888005969350960069e-03 1.890131656122969947e-03 1.892257904680219897e-03 1.894384714085450101e-03 1.896512083405379979e-03 1.898640011710789940e-03 1.900768498076409923e-03 1.902897541580939999e-03 1.905027141307029988e-03 1.907157296341279893e-03 1.909288005774139934e-03 1.911419268699989914e-03 1.913551084217080022e-03 1.915683451427500038e-03 1.917816369437160039e-03 1.919949837355820104e-03 1.922083854296969966e-03 1.924218419377950011e-03 1.926353531719820090e-03 1.928489190447379899e-03 1.930625394689149902e-03 1.932762143577370023e-03 1.934899436247940023e-03 1.937037271840460042e-03 1.939175649498170104e-03 1.941314568367919977e-03 1.943454027600199962e-03 1.945594026349089936e-03 1.947734563772240057e-03 1.949875639030890055e-03 1.952017251289810042e-03 1.954159399717280126e-03 1.956302083485139849e-03 1.958445301768679987e-03
1.752849623078769903e-03 1.754936716100550078e-03 1.757024440114470084e-03 1.759112793879430035e-03 1.761201776159880073e-03 1.763291385725790014e-03 1.765381621352599909e-03 1.767472481821210067e-03 1.769563965917989945e-03 1.771656072434650000e-03 1.773748800168319963e-03 1.775842147921480102e-03 1.777936114501910050e-03 1.780030698722700078e-03 1.782125899402189949e-03 1.784221715363979973e-03 1.786318145436890025e-03 1.788415188454889945e-03 1.790512843257150051e-03 1.792611108687980001e-03 1.794709983596750073e-03 1.796809466837980072e-03 1.798909557271199900e-03 1.801010253760979918e-03 1.803111555176920098e-03 1.805213460393570012e-03 1.807315968290480008e-03 1.809419077752089967e-03 1.811522787667770073e-03 1.813627096931770067e-03 1.815732004443189980e-03 1.817837509105959962e-03 1.819943609828840068e-03 1.822050305525379924e-03 1.824157595113840014e-03 1.826265477517279934e-03 1.828373951663449975e-03 1.830483016484770083e-03 1.832592670918360006e-03 1.834702913905969903e-03 1.836813744393949984e-03 1.838925161333289978e-03 1.841037163679520037e-03 1.843149750392749980e-03 1.845262920437589936e-03 1.847376672783170070e-03 1.849491006403100038e-03 1.851605920275470069e-03 1.853721413382790036e-03 1.855837484712010051e-03 1.857954133254430045e-03 1.860071358005789977e-03 1.862189157966119991e-03 1.864307532139839949e-03 1.866426479535620003e-03 1.868545999166459958e-03 1.870666090049630075e-03 1.872786751206619894e-03 1.874907981663149949e-03 1.877029780449170028e-03 1.879152146598790001e-03 1.881275079150280041e-03 1.883398577146089920e-03 1.885522639632739939e-03 1.887647265660879906e-03 1.889772454285270058e-03 1.891898204564680013e-03 1.894024515561929965e-03 1.896151386343929938e-03 1.898278815981500021e-03 1.900406803549500043e-03 1.902535348126730037e-03 1.904664448795959954e-03 1.906794104643860050e-03 1.908924314761019977e-03 1.911055078241919933e-03 1.913186394184889904e-03 1.915318261692140018e-03 1.917450679869680099e-03 1.919583647827350021e-03 1.921717164678790005e-03 1.923851229541390095e-03 1.925985841536320079e-03 1.928120999788480051e-03 1.930256703426499977e-03 1.932392951582709989e-03 1.934529743393110027e-03 1.936667077997380028e-03 1.938804954538859981e-03 1.940943372164490076e-03 1.943082330024880093e-03 1.945221827274169974e-03 1.947361863070130004e-03 1.949502436574059982e-03 1.951643546950849930e-03 1.953785193368859970e-03 1.955927375000019851e-03 1.958070091019700146e-03 1.960213340606789881e-03 1.962357122943630180e-03 1.964501437215980008e-03
1.758784681797769932e-03 1.760873174373209921e-03 1.762962294095499986e-03 1.765052039740249963e-03 1.767142410088519975e-03 1.769233403926839939e-03 1.771325020047090099e-03 1.773417257246559997e-03 1.775510114327889929e-03 1.777603590099000042e-03 1.779697683373149958e-03 1.781792392968839902e-03 1.783887717709820020e-03 1.785983656425070001e-03 1.788080207948709952e-03 1.790177371120060031e-03 1.792275144783589923e-03 1.794373527788809984e-03 1.796472518990380098e-03 1.798572117247989981e-03 1.800672321426360044e-03 1.802773130395229906e-03 1.804874543029310035e-03 1.806976558208270040e-03 1.809079174816700074e-03 1.811182391744119938e-03 1.813286207884909915e-03 1.815390622138320087e-03 1.817495633408439983e-03 1.819601240604130053e-03 1.821707442639099953e-03 1.823814238431740054e-03 1.825921626905250032e-03 1.828029606987489897e-03 1.830138177611060008e-03 1.832247337713180076e-03 1.834357086235739905e-03 1.836467422125230000e-03 1.838578344332760005e-03 1.840689851813989957e-03 1.842801943529159998e-03 1.844914618443009927e-03 1.847027875524790037e-03 1.849141713748260040e-03 1.851256132091609911e-03 1.853371129537490034e-03 1.855486705072940078e-03 1.857602857689439951e-03 1.859719586382810059e-03 1.861836890153219974e-03 1.863954768005189958e-03 1.866073218947539997e-03 1.868192241993370077e-03 1.870311836160059964e-03 1.872432000469229953e-03 1.874552733946720055e-03 1.876674035622589998e-03 1.878795904531060023e-03 1.880918339710529975e-03 1.883041340203540047e-03 1.885164905056739993e-03 1.887289033320899969e-03 1.889413724050850035e-03 1.891538976305520052e-03 1.893664789147829963e-03 1.895791161644770021e-03 1.897918092867289987e-03 1.900045581890350086e-03 1.902173627792880023e-03 1.904302229657720003e-03 1.906431386571669955e-03 1.908561097625419926e-03 1.910691361913540104e-03 1.912822178534499904e-03 1.914953546590569952e-03 1.917085465187870008e-03 1.919217933436370054e-03 1.921350950449779915e-03 1.923484515345600006e-03 1.925618627245110053e-03 1.927753285273299923e-03 1.929888488558890005e-03 1.932024236234319934e-03 1.934160527435670098e-03 1.936297361302739915e-03 1.938434736978940061e-03 1.940572653611339965e-03 1.942711110350589954e-03 1.944850106350980027e-03 1.946989640770329906e-03 1.949129712770069928e-03 1.951270321515149965e-03 1.953411466174029883e-03 1.955553145918719881e-03 1.957695359924710009e-03 1.959838107370959984e-03 1.961981387439889861e-03 1.964125199317370059e-03 1.966269542192710090e-03 1.968414415258600003e-03 1.970559817711159834e-03
1.764722914323959896e-03 1.766812794812369983e-03 1.768903298652550011e-03 1.770994424636569958e-03 1.773086171561860094e-03 1.775178538231209904e-03 1.777271523452739893e-03 1.779365126039830032e-03 1.781459344811170062e-03 1.783554178590640018e-03 1.785649626207370076e-03 1.787745686495649912e-03 1.789842358294959929e-03 1.791939640449889942e-03 1.794037531810130067e-03 1.796136031230490026e-03 1.798235137570790071e-03 1.800334849695919967e-03 1.802435166475739895e-03 1.804536086785129894e-03 1.806637609503889894e-03 1.808739733516770073e-03 1.810842457713419907e-03 1.812945780988359972e-03 1.815049702240999945e-03 1.817154220375539943e-03 1.819259334301009988e-03 1.821365042931219914e-03 1.823471345184750044e-03 1.825578239984890043e-03 1.827685726259669925e-03 1.829793802941799986e-03 1.831902468968640016e-03 1.834011723282219898e-03 1.836121564829160027e-03 1.838231992560699930e-03 1.840343005432629967e-03 1.842454602405319952e-03 1.844566782443630027e-03 1.846679544516959893e-03 1.848792887599180063e-03 1.850906810668599993e-03 1.853021312708009929e-03 1.855136392704590052e-03 1.857252049649890093e-03 1.859368282539900028e-03 1.861485090374900018e-03 1.863602472159530017e-03 1.865720426902719954e-03 1.867838953617709892e-03 1.869958051321979993e-03 1.872077719037289981e-03 1.874197955789570075e-03 1.876318760609020078e-03 1.878440132529950006e-03 1.880562070590899998e-03 1.882684573834519969e-03 1.884807641307570045e-03 1.886931272060919911e-03 1.889055465149549898e-03 1.891180219632439957e-03 1.893305534572680034e-03 1.895431409037320013e-03 1.897557842097459925e-03 1.899684832828149985e-03 1.901812380308430051e-03 1.903940483621250051e-03 1.906069141853499902e-03 1.908198354095999973e-03 1.910328119443410006e-03 1.912458436994290056e-03 1.914589305851049960e-03 1.916720725119889926e-03 1.918852693910879899e-03 1.920985211337830102e-03 1.923118276518359995e-03 1.925251888573819995e-03 1.927386046629320096e-03 1.929520749813680002e-03 1.931655997259420013e-03 1.933791788102749969e-03 1.935928121483520030e-03 1.938064996545290058e-03 1.940202412435170030e-03 1.942340368303949920e-03 1.944478863305980007e-03 1.946617896599199928e-03 1.948757467345120032e-03 1.950897574708779962e-03 1.953038217858739985e-03 1.955179395967099852e-03 1.957321108209429845e-03 1.959463353764779887e-03 1.961606131815680186e-03 1.963749441548070119e-03 1.965893282151329885e-03 1.968037652818280074e-03 1.970182552745100135e-03 1.972327981131350057e-03 1.974473937179979915e-03 1.976620420097260043e-03
1.770664285940530070e-03 1.772755542851529994e-03 1.774847419368679943e-03 1.776939914300209927e-03 1.779033026459700059e-03 1.781126754665979944e-03 1.783221097743090079e-03 1.785316054520320016e-03 1.787411623832130085e-03 1.789507804518119952e-03 1.791604595423050084e-03 1.793701995396769977e-03 1.795800003294220105e-03 1.797898617975390075e-03 1.799997838305299972e-03 1.802097663153979980e-03 1.804198091396440025e-03 1.806299121912630090e-03 1.808400753587449976e-03 1.810502985310679909e-03 1.812605815977000063e-03 1.814709244485950002e-03 1.816813269741879896e-03 1.818917890653950088e-03 1.821023106136120031e-03 1.823128915107099937e-03 1.825235316490319984e-03 1.827342309213950047e-03 1.829449892210830092e-03 1.831558064418459990e-03 1.833666824779009918e-03 1.835776172239209992e-03 1.837886105750440036e-03 1.839996624268650004e-03 1.842107726754299915e-03 1.844219412172409941e-03 1.846331679492489936e-03 1.848444527688540085e-03 1.850557955739009922e-03 1.852671962626800065e-03 1.854786547339209958e-03 1.856901708867950010e-03 1.859017446209099969e-03 1.861133758363070099e-03 1.863250644334630028e-03 1.865368103132830028e-03 1.867486133771009910e-03 1.869604735266800107e-03 1.871723906642049897e-03 1.873843646922849961e-03 1.875963955139459951e-03 1.878084830326360102e-03 1.880206271522169917e-03 1.882328277769680040e-03 1.884450848115729960e-03 1.886573981611340068e-03 1.888697677311580031e-03 1.890821934275549931e-03 1.892946751566450085e-03 1.895072128251450074e-03 1.897198063401739918e-03 1.899324556092489959e-03 1.901451605402849996e-03 1.903579210415869919e-03 1.905707370218559992e-03 1.907836083901839896e-03 1.909965350560469989e-03 1.912095169293110070e-03 1.914225539202290107e-03 1.916356459394310055e-03 1.918487928979330064e-03 1.920619947071260103e-03 1.922752512787839979e-03 1.924885625250520073e-03 1.927019283584489959e-03 1.929153486918689904e-03 1.931288234385720006e-03 1.933423525121890068e-03 1.935559358267169945e-03 1.937695732965189974e-03 1.939832648363170068e-03 1.941970103611989976e-03 1.944108097866109911e-03 1.946246630283530012e-03 1.948385700025880105e-03 1.950525306258290041e-03 1.952665448149410073e-03 1.954806124871419967e-03 1.956947335600000160e-03 1.959089079514279939e-03 1.961231355796870177e-03 1.963374163633819971e-03 1.965517502214600160e-03 1.967661370732089882e-03 1.969805768382570065e-03 1.971950694365700012e-03 1.974096147884500056e-03 1.976242128145329867e-03 1.978388634357879788e-03 1.980535665735169964e-03 1.982683221493490057e-03
1.776608762378169976e-03 1.778701384369380011e-03 1.780794622269780015e-03 1.782888474903580054e-03 1.784982941100190026e-03 1.787078019694259999e-03 1.789173709525529931e-03 1.791270009438920103e-03 1.793366918284450013e-03 1.795464434917170074e-03 1.797562558197250086e-03 1.799661286989849996e-03 1.801760620165160018e-03 1.803860556598319963e-03 1.805961095169440062e-03 1.808062234763550000e-03 1.810163974270609984e-03 1.812266312585399932e-03 1.814369248607620088e-03 1.816472781241770026e-03 1.818576909397139974e-03 1.820681631987840091e-03 1.822786947932720017e-03 1.824892856155340033e-03 1.826999355583999902e-03 1.829106445151700054e-03 1.831214123796060054e-03 1.833322390459369991e-03 1.835431244088529985e-03 1.837540683635020041e-03 1.839650708054939949e-03 1.841761316308870074e-03 1.843872507361979992e-03 1.845984280183889928e-03 1.848096633748719979e-03 1.850209567035079926e-03 1.852323079025969916e-03 1.854437168708829905e-03 1.856551835075489999e-03 1.858667077122150074e-03 1.860782893849350066e-03 1.862899284261969974e-03 1.865016247369199933e-03 1.867133782184510074e-03 1.869251887725619952e-03 1.871370563014520009e-03 1.873489807077390046e-03 1.875609618944639985e-03 1.877729997650869976e-03 1.879850942234810108e-03 1.881972451739319981e-03 1.884094525211429906e-03 1.886217161702219902e-03 1.888340360266899933e-03 1.890464119964680020e-03 1.892588439858850034e-03 1.894713319016720068e-03 1.896838756509569915e-03 1.898964751412690046e-03 1.901091302805330008e-03 1.903218409770660036e-03 1.905346071395789924e-03 1.907474286771729992e-03 1.909603054993390002e-03 1.911732375159500008e-03 1.913862246372699917e-03 1.915992667739400057e-03 1.918123638369849913e-03 1.920255157378109945e-03 1.922387223881950099e-03 1.924519837002969941e-03 1.926652995866449903e-03 1.928786699601410049e-03 1.930920947340589904e-03 1.933055738220359988e-03 1.935191071380810068e-03 1.937326945965640087e-03 1.939463361122210038e-03 1.941600316001459948e-03 1.943737809757949998e-03 1.945875841549800020e-03 1.948014410538699906e-03 1.950153515889900069e-03 1.952293156772119936e-03 1.954433332357659835e-03 1.956574041822260052e-03 1.958715284345170001e-03 1.960857059109069947e-03 1.962999365300100059e-03 1.965142202107820080e-03 1.967285568725220170e-03 1.969429464348650214e-03 1.971573888177850179e-03 1.973718839415940143e-03 1.975864317269360008e-03 1.978010320947879916e-03 1.980156849664620189e-03 1.982303902635939880e-03 1.984451479081530013e-03 1.986599578224339854e-03 1.988748199290540052e-03
1.782556309809110034e-03 1.784650285683889994e-03 1.786744873818840035e-03 1.788840073053869903e-03 1.790935882234059905e-03 1.793032300209560078e-03 1.795129325835609921e-03 1.797226957972519962e-03 1.799325195485599986e-03 1.801424037245170093e-03 1.803523482126529907e-03 1.805623529009939927e-03 1.807724176780590086e-03 1.809825424328539902e-03 1.811927270548780063e-03 1.814029714341109907e-03 1.816132754610189906e-03 1.818236390265439957e-03 1.820340620221110083e-03 1.822445443396199976e-03 1.824550858714400021e-03 1.826656865104170011e-03 1.828763461498609903e-03 1.830870646835499943e-03 1.832978420057260107e-03 1.835086780110929943e-03 1.837195725948129969e-03 1.839305256525069912e-03 1.841415370802479976e-03 1.843526067745640106e-03 1.845637346324329906e-03 1.847749205512780064e-03 1.849861644289740002e-03 1.851974661638320025e-03 1.854088256546109923e-03 1.856202428005039986e-03 1.858317175011449949e-03 1.860432496566010070e-03 1.862548391673720044e-03 1.864664859343879945e-03 1.866781898590090007e-03 1.868899508430189914e-03 1.871017687886290023e-03 1.873136435984709995e-03 1.875255751755959934e-03 1.877375634234739951e-03 1.879496082459900051e-03 1.881617095474460077e-03 1.883738672325529920e-03 1.885860812064309947e-03 1.887983513746120060e-03 1.890106776430299949e-03 1.892230599180219934e-03 1.894354981063339945e-03 1.896479921151029979e-03 1.898605418518690014e-03 1.900731472245689941e-03 1.902858081415309934e-03 1.904985245114749993e-03 1.907112962435149892e-03 1.909241232471490081e-03 1.911370054322650020e-03 1.913499427091350062e-03 1.915629349884110039e-03 1.917759821811290026e-03 1.919890841987040037e-03 1.922022409529249931e-03 1.924154523559599940e-03 1.926287183203489973e-03 1.928420387590040058e-03 1.930554135852059977e-03 1.932688427126059896e-03 1.934823260552210027e-03 1.936958635274320037e-03 1.939094550439809982e-03 1.941231005199759970e-03 1.943367998708790028e-03 1.945505530125150092e-03 1.947643598610610070e-03 1.949782203330499954e-03 1.951921343453659951e-03 1.954061018152440047e-03 1.956201226602729930e-03 1.958341967983819997e-03 1.960483241478510209e-03 1.962625046273030072e-03 1.964767381557019996e-03 1.966910246523549937e-03 1.969053640369069959e-03 1.971197562293409804e-03 1.973342011499770211e-03 1.975486987194689965e-03 1.977632488588009895e-03 1.979778514892940097e-03 1.981925065325939803e-03 1.984072139106759884e-03 1.986219735458439814e-03 1.988367853607249987e-03 1.990516492782689988e-03 1.992665652217489886e-03 1.994815331147579886e-03
1.788506894839649898e-03 1.790602213544840093e-03 1.792698140908400087e-03 1.794794675785710107e-03 1.796891817037209920e-03 1.798989563528410104e-03 1.801087914129750021e-03 1.803186867716689975e-03 1.805286423169640084e-03 1.807386579373919952e-03 1.809487335219759968e-03 1.811588689602280054e-03 1.813690641421430039e-03 1.815793189581990088e-03 1.817896332993570053e-03 1.820000070570529892e-03 1.822104401232020002e-03 1.824209323901869982e-03 1.826314837508649994e-03 1.828420940985649949e-03 1.830527633270740079e-03 1.832634913306509933e-03 1.834742780040130028e-03 1.836851232423329953e-03 1.838960269412469924e-03 1.841069889968420005e-03 1.843180093056590030e-03 1.845290877646869974e-03 1.847402242713649901e-03 1.849514187235780068e-03 1.851626710196529937e-03 1.853739810583579940e-03 1.855853487389019958e-03 1.857967739609300102e-03 1.860082566245220082e-03 1.862197966301889964e-03 1.864313938788760092e-03 1.866430482719520041e-03 1.868547597112169955e-03 1.870665280988909962e-03 1.872783533376190046e-03 1.874902353304630032e-03 1.877021739809069893e-03 1.879141691928479978e-03 1.881262208705959931e-03 1.883383289188769912e-03 1.885504932428210033e-03 1.887627137479719894e-03 1.889749903402759964e-03 1.891873229260810068e-03 1.893997114121419908e-03 1.896121557056109968e-03 1.898246557140369998e-03 1.900372113453670068e-03 1.902498225079410051e-03 1.904624891104910074e-03 1.906752110621410092e-03 1.908879882723990085e-03 1.911008206511640101e-03 1.913137081087189998e-03 1.915266505557260005e-03 1.917396479032329893e-03 1.919527000626619932e-03 1.921658069458170035e-03 1.923789684648720064e-03 1.925921845323800034e-03 1.928054550612609986e-03 1.930187799648070074e-03 1.932321591566799968e-03 1.934455925509060087e-03 1.936590800618739894e-03 1.938726216043389983e-03 1.940862170934170043e-03 1.942998664445810039e-03 1.945135695736619971e-03 1.947273263968500069e-03 1.949411368306859906e-03 1.951550007920650059e-03 1.953689181982300096e-03 1.955828889667790126e-03 1.957969130156510078e-03 1.960109902631330166e-03 1.962251206278610004e-03 1.964393040288039873e-03 1.966535403852809859e-03 1.968678296169449823e-03 1.970821716437880147e-03 1.972965663861370091e-03 1.975110137646559922e-03 1.977255137003379806e-03 1.979400661145130046e-03 1.981546709288340129e-03 1.983693280652859808e-03 1.985840374461800110e-03 1.987987989941519904e-03 1.990136126321599870e-03 1.992284782834869827e-03 1.994433958717329800e-03 1.996583653208189920e-03 1.998733865549830093e-03 2.000884594987780048e-03
1.794460484504240005e-03 1.796557135128009968e-03 1.798654390854840038e-03 1.800752250555340012e-03 1.802850713105100082e-03 1.804949777384689960e-03 1.807049442279589930e-03 1.809149706680150075e-03 1.811250569481670080e-03 1.813352029584209928e-03 1.815454085892710028e-03 1.817556737316930069e-03 1.819659982771359898e-03 1.821763821175289991e-03 1.823868251452709973e-03 1.825973272532340061e-03 1.828078883347559937e-03 1.830185082836420030e-03 1.832291869941620041e-03 1.834399243610469916e-03 1.836507202794859924e-03 1.838615746451260002e-03 1.840724873540680075e-03 1.842834583028660081e-03 1.844944873885230076e-03 1.847055745084910010e-03 1.849167195606670052e-03 1.851279224433909987e-03 1.853391830554450108e-03 1.855505012960499992e-03 1.857618770648640071e-03 1.859733102619779994e-03 1.861848007879180096e-03 1.863963485436400010e-03 1.866079534305250089e-03 1.868196153503859933e-03 1.870313342054540041e-03 1.872431098983880042e-03 1.874549423322609916e-03 1.876668314105689982e-03 1.878787770372200095e-03 1.880907791165370001e-03 1.883028375532560042e-03 1.885149522525219950e-03 1.887271231198869989e-03 1.889393500613090107e-03 1.891516329831499990e-03 1.893639717921730007e-03 1.895763663955440069e-03 1.897888167008209915e-03 1.900013226159639936e-03 1.902138840493219994e-03 1.904265009096400103e-03 1.906391731060509990e-03 1.908519005480740008e-03 1.910646831456210091e-03 1.912775208089829895e-03 1.914904134488349969e-03 1.917033609762319908e-03 1.919163633026100060e-03 1.921294203397809919e-03 1.923425319999309911e-03 1.925556981956210063e-03 1.927689188397840089e-03 1.929821938457209913e-03 1.931955231271040036e-03 1.934089065979670025e-03 1.936223441727120097e-03 1.938358357661029967e-03 1.940493812932639990e-03 1.942629806696790067e-03 1.944766338111899922e-03 1.946903406339940039e-03 1.949041010546439905e-03 1.951179149900409944e-03 1.953317823574410046e-03 1.955457030744490142e-03 1.957596770590140124e-03 1.959737042294339929e-03 1.961877845043499911e-03 1.964019178027459969e-03 1.966161040439430140e-03 1.968303431476079932e-03 1.970446350337399979e-03 1.972589796226760159e-03 1.974733768350880100e-03 1.976878265919770200e-03 1.979023288146820100e-03 1.981168834248659902e-03 1.983314903445200072e-03 1.985461494959660060e-03 1.987608608018479831e-03 1.989756241851319864e-03 1.991904395691079799e-03 1.994053068773859842e-03 1.996202260338929974e-03 1.998351969628779819e-03 2.000502195889009797e-03 2.002652938368380126e-03 2.004804196318790005e-03 2.006955968995229912e-03
1.800417046257950064e-03 1.802515018027650096e-03 1.804613591390879894e-03 1.806712765233229896e-03 1.808812538445229946e-03 1.810912909922300076e-03 1.813013878564690004e-03 1.815115443277450077e-03 1.817217602970500013e-03 1.819320356558469954e-03 1.821423702960770072e-03 1.823527641101559994e-03 1.825632169909690043e-03 1.827737288318679980e-03 1.829842995266720094e-03 1.831949289696649949e-03 1.834056170555920006e-03 1.836163636796540009e-03 1.838271687375129951e-03 1.840380321252830078e-03 1.842489537395309998e-03 1.844599334772730088e-03 1.846709712359759920e-03 1.848820669135460082e-03 1.850932204083409905e-03 1.853044316191530079e-03 1.855157004452160068e-03 1.857270267862009975e-03 1.859384105422119985e-03 1.861498516137869916e-03 1.863613499018949935e-03 1.865729053079300068e-03 1.867845177337150095e-03 1.869961870814969892e-03 1.872079132539419995e-03 1.874196961541399952e-03 1.876315356855960074e-03 1.878434317522310101e-03 1.880553842583799909e-03 1.882673931087909969e-03 1.884794582086199953e-03 1.886915794634290086e-03 1.889037567791909938e-03 1.891159900622780025e-03 1.893282792194640003e-03 1.895406241579259939e-03 1.897530247852329943e-03 1.899654810093570102e-03 1.901779927386599948e-03 1.903905598818929996e-03 1.906031823482030050e-03 1.908158600471230107e-03 1.910285928885699976e-03 1.912413807828490043e-03 1.914542236406430002e-03 1.916671213730209962e-03 1.918800738914290017e-03 1.920930811076869893e-03 1.923061429339929925e-03 1.925192592829179893e-03 1.927324300674049902e-03 1.929456552007670009e-03 1.931589345966819912e-03 1.933722681691990098e-03 1.935856558327259981e-03 1.937990975020390059e-03 1.940125930922710022e-03 1.942261425189159953e-03 1.944397456978269947e-03 1.946534025452090070e-03 1.948671129776230037e-03 1.950808769119829946e-03 1.952946942655540107e-03 1.955085649559480058e-03 1.957224889011250062e-03 1.959364660193919829e-03 1.961504962293979942e-03 1.963645794501370050e-03 1.965787156009409908e-03 1.967929046014830173e-03 1.970071463717729902e-03 1.972214408321560069e-03 1.974357879033120100e-03 1.976501875062540090e-03 1.978646395623250009e-03 1.980791439932000093e-03 1.982937007208780168e-03 1.985083096676889917e-03 1.987229707562849969e-03 1.989376839096410141e-03 1.991524490510569820e-03 1.993672661041489928e-03 1.995821349928540191e-03 1.997970556414270082e-03 2.000120279744369792e-03 2.002270519167700154e-03 2.004421273936199833e-03 2.006572543304989843e-03 2.008724326532230001e-03 2.010876622879200024e-03 2.013029431610210192e-03
1.806376547971319958e-03 1.808475830251340044e-03 1.810575710660440032e-03 1.812676188098980012e-03 1.814777261472200068e-03 1.816878929690120097e-03 1.818981191667550000e-03 1.821084046324040031e-03 1.823187492583879920e-03 1.825291529376050093e-03 1.827396155634229908e-03 1.829501370296739973e-03 1.831607172306580099e-03 1.833713560611290082e-03 1.835820534163070056e-03 1.837928091918649949e-03 1.840036232839299896e-03 1.842144955890830018e-03 1.844254260043539902e-03 1.846364144272219900e-03 1.848474607556080005e-03 1.850585648878799944e-03 1.852697267228469976e-03 1.854809461597519988e-03 1.856922230982819893e-03 1.859035574385510059e-03 1.861149490811119921e-03 1.863263979269440046e-03 1.865379038774560077e-03 1.867494668344819950e-03 1.869610867002810106e-03 1.871727633775330073e-03 1.873844967693380015e-03 1.875962867792139912e-03 1.878081333110940068e-03 1.880200362693260031e-03 1.882319955586680017e-03 1.884440110842880043e-03 1.886560827517619983e-03 1.888682104670710068e-03 1.890803941366010028e-03 1.892926336671359915e-03 1.895049289658649926e-03 1.897172799403700058e-03 1.899296864986319954e-03 1.901421485490239951e-03 1.903546660003090042e-03 1.905672387616459944e-03 1.907798667425770079e-03 1.909925498530309950e-03 1.912052880033219930e-03 1.914180811041479987e-03 1.916309290665830101e-03 1.918438318020870012e-03 1.920567892224900059e-03 1.922698012399999892e-03 1.924828677672000068e-03 1.926959887170420034e-03 1.929091640028470075e-03 1.931223935383079944e-03 1.933356772374790001e-03 1.935490150147819955e-03 1.937624067850010103e-03 1.939758524632800071e-03 1.941893519651209958e-03 1.944029052063880013e-03 1.946165121032960047e-03 1.948301725724149985e-03 1.950438865306700076e-03 1.952576538953330020e-03 1.954714745840269944e-03 1.956853485147209883e-03 1.958992756057310186e-03 1.961132557757179831e-03 1.963272889436810074e-03 1.965413750289629960e-03 1.967555139512459916e-03 1.969697056305490072e-03 1.971839499872259874e-03 1.973982469419659821e-03 1.976125964157920186e-03 1.978269983300529923e-03 1.980414526064339879e-03 1.982559591669450037e-03 1.984705179339209952e-03 1.986851288300240000e-03 1.988997917782380203e-03 1.991145067018689797e-03 1.993292735245449834e-03 1.995440921702089886e-03 1.997589625631250067e-03 1.999738846278709906e-03 2.001888582893380109e-03 2.004038834727329878e-03 2.006189601035710153e-03 2.008340881076790038e-03 2.010492674111909964e-03 2.012644979405489934e-03 2.014797796225000024e-03 2.016951123840949982e-03 2.019104961526860167e-03
1.812338957922829960e-03 1.814439540212559954e-03 1.816540717211300067e-03 1.818642487833990089e-03 1.820744851000319917e-03 1.822847805634749936e-03 1.824951350666380052e-03 1.827055485029029916e-03 1.829160207661199898e-03 1.831265517505960066e-03 1.833371413511049926e-03 1.835477894628770009e-03 1.837584959816000079e-03 1.839692608034149916e-03 1.841800838249159963e-03 1.843909649431470102e-03 1.846019040555989948e-03 1.848129010602070008e-03 1.850239558553530084e-03 1.852350683398569942e-03 1.854462384129759982e-03 1.856574659744100004e-03 1.858687509242870021e-03 1.860800931631700081e-03 1.862914925920529938e-03 1.865029491123550067e-03 1.867144626259259997e-03 1.869260330350349915e-03 1.871376602423739915e-03 1.873493441510560046e-03 1.875610846646119960e-03 1.877728816869859898e-03 1.879847351225369997e-03 1.881966448760369901e-03 1.884086108526640026e-03 1.886206329580080105e-03 1.888327110980589927e-03 1.890448451792159975e-03 1.892570351082749998e-03 1.894692807924359913e-03 1.896815821392920090e-03 1.898939390568339918e-03 1.901063514534490030e-03 1.903188192379109923e-03 1.905313423193869980e-03 1.907439206074320074e-03 1.909565540119850108e-03 1.911692424433729907e-03 1.913819858123040054e-03 1.915947840298620058e-03 1.918076370075160082e-03 1.920205446571099893e-03 1.922335068908609997e-03 1.924465236213620048e-03 1.926595947615739914e-03 1.928727202248309985e-03 1.930858999248350003e-03 1.932991337756510049e-03 1.935124216917100039e-03 1.937257635878060014e-03 1.939391593790929999e-03 1.941526089810850005e-03 1.943661123096519913e-03 1.945796692810220071e-03 1.947932798117729984e-03 1.950069438188400082e-03 1.952206612195050029e-03 1.954344319313989966e-03 1.956482558725040032e-03 1.958621329611419989e-03 1.960760631159829889e-03 1.962900462560369843e-03 1.965040823006569942e-03 1.967181711695329977e-03 1.969323127826919876e-03 1.971465070604980132e-03 1.973607539236490148e-03 1.975750532931759996e-03 1.977894050904380110e-03 1.980038092371300216e-03 1.982182656552670171e-03 1.984327742671950119e-03 1.986473349955850207e-03 1.988619477634279847e-03 1.990766124940410164e-03 1.992913291110569914e-03 1.995060975384300127e-03 1.997209177004309871e-03 1.999357895216460207e-03 2.001507129269749878e-03 2.003656878416340027e-03 2.005807141911450115e-03 2.007957919013419936e-03 2.010109208983690103e-03 2.012261011086750005e-03 2.014413324590139977e-03 2.016566148764449996e-03 2.018719482883300168e-03 2.020873326223319912e-03 2.023027678064120202e-03 2.025182537688310046e-03
1.818304244793559959e-03 1.820406116725279940e-03 1.822508579989709932e-03 1.824611633516089919e-03 1.826715276238380066e-03 1.828819507095219956e-03 1.830924325029829923e-03 1.833029728990080015e-03 1.835135717928419946e-03 1.837242290801840072e-03 1.839349446571909982e-03 1.841457184204700007e-03 1.843565502670779918e-03 1.845674400945190082e-03 1.847783878007439951e-03 1.849893932841449942e-03 1.852004564435559900e-03 1.854115771782490060e-03 1.856227553879339969e-03 1.858339909727539912e-03 1.860452838332830091e-03 1.862566338705289905e-03 1.864680409859260099e-03 1.866795050813310026e-03 1.868910260590279926e-03 1.871026038217239945e-03 1.873142382725399933e-03 1.875259293150220025e-03 1.877376768531249969e-03 1.879494807912200031e-03 1.881613410340919959e-03 1.883732574869300107e-03 1.885852300553349931e-03 1.887972586453119921e-03 1.890093431632669952e-03 1.892214835160120016e-03 1.894336796107550045e-03 1.896459313551030054e-03 1.898582386570570046e-03 1.900706014250139967e-03 1.902830195677620044e-03 1.904954929944779971e-03 1.907080216147279995e-03 1.909206053384629930e-03 1.911332440760190026e-03 1.913459377381139959e-03 1.915586862358459970e-03 1.917714894806939966e-03 1.919843473845109921e-03 1.921972598595250064e-03 1.924102268183390009e-03 1.926232481739279922e-03 1.928363238396320041e-03 1.930494537291640045e-03 1.932626377566009929e-03 1.934758758363830031e-03 1.936891678833149895e-03 1.939025138125599970e-03 1.941159135396420014e-03 1.943293669804420061e-03 1.945428740511960042e-03 1.947564346684930048e-03 1.949700487492780042e-03 1.951837162108420107e-03 1.953974369708249940e-03 1.956112109472189862e-03 1.958250380583569789e-03 1.960389182229160029e-03 1.962528513599160005e-03 1.964668373887199990e-03 1.966808762290260006e-03 1.968949678008710159e-03 1.971091120246279849e-03 1.973233088210049960e-03 1.975375581110380002e-03 1.977518598161010031e-03 1.979662138578910154e-03 1.981806201584379850e-03 1.983950786400930002e-03 1.986095892255360096e-03 1.988241518377690132e-03 1.990387664001119859e-03 1.992534328362139794e-03 1.994681510700320026e-03 1.996829210258469801e-03 1.998977426282539955e-03 2.001126158021599918e-03 2.003275404727890199e-03 2.005425165656720028e-03 2.007575440066519841e-03 2.009726227218790098e-03 2.011877526378109959e-03 2.014029336812090017e-03 2.016181657791419994e-03 2.018334488589789821e-03 2.020487828483890063e-03 2.022641676753420166e-03 2.024796032681069804e-03 2.026950895552489824e-03 2.029106264656290078e-03 2.031262139283999957e-03
1.824272377661019908e-03 1.826375528997990034e-03 1.828479268334400097e-03 1.830583594613649978e-03 1.832688506783699926e-03 1.834794003797180070e-03 1.836900084611210000e-03 1.839006748187480087e-03 1.841113993492230014e-03 1.843221819496129949e-03 1.845330225174370096e-03 1.847439209506590010e-03 1.849548771476849972e-03 1.851658910073609955e-03 1.853769624289740032e-03 1.855880913122439930e-03 1.857992775573299961e-03 1.860105210648180024e-03 1.862218217357280081e-03 1.864331794715049949e-03 1.866445941740220091e-03 1.868560657455750010e-03 1.870675940888820010e-03 1.872791791070780015e-03 1.874908207037179935e-03 1.877025187827729980e-03 1.879142732486249918e-03 1.881260840060689898e-03 1.883379509603090108e-03 1.885498740169559966e-03 1.887618530820270096e-03 1.889738880619400065e-03 1.891859788635180022e-03 1.893981253939820003e-03 1.896103275609489986e-03 1.898225852724330079e-03 1.900348984368409972e-03 1.902472669629730025e-03 1.904596907600170086e-03 1.906721697375489931e-03 1.908847038055329912e-03 1.910972928743140051e-03 1.913099368546229912e-03 1.915226356575690106e-03 1.917353891946379932e-03 1.919481973776970092e-03 1.921610601189839909e-03 1.923739773311139998e-03 1.925869489270689910e-03 1.927999748202029965e-03 1.930130549242360096e-03 1.932261891532579970e-03 1.934393774217179913e-03 1.936526196444310084e-03 1.938659157365700027e-03 1.940792656136700088e-03 1.942926691916220050e-03 1.945061263866700073e-03 1.947196371154159920e-03 1.949332012948100075e-03 1.951468188421570053e-03 1.953604896751059972e-03 1.955742137116560191e-03 1.957879908701509915e-03 1.960018210692780066e-03 1.962157042280679789e-03 1.964296402658880121e-03 1.966436291024489889e-03 1.968576706577979812e-03 1.970717648523159955e-03 1.972859116067180157e-03 1.975001108420520058e-03 1.977143624796989969e-03 1.979286664413680129e-03 1.981430226490919939e-03 1.983574310252359928e-03 1.985718914924859864e-03 1.987864039738539926e-03 1.990009683926690070e-03 1.992155846725859793e-03 1.994302527375740181e-03 1.996449725119189920e-03 1.998597439202269999e-03 2.000745668874120108e-03 2.002894413387050140e-03 2.005043671996479919e-03 2.007193443960900159e-03 2.009343728541899791e-03 2.011494525004129969e-03 2.013645832615310136e-03 2.015797650646169916e-03 2.017949978370499851e-03 2.020102815065059898e-03 2.022256160009640140e-03 2.024410012487000074e-03 2.026564371782849962e-03 2.028719237185889861e-03 2.030874607987750210e-03 2.033030483482960171e-03 2.035186862969000105e-03 2.037343745746220038e-03
1.830243325992699909e-03 1.832347746627100002e-03 1.834452751970129915e-03 1.836558340979049971e-03 1.838664512615699942e-03 1.840771265846419908e-03 1.842878599642069990e-03 1.844986512977939922e-03 1.847095004833819963e-03 1.849204074193879898e-03 1.851313720046749919e-03 1.853423941385400064e-03 1.855534737207169922e-03 1.857646106513790099e-03 1.859758048311239975e-03 1.861870561609840075e-03 1.863983645424200026e-03 1.866097298773140064e-03 1.868211520679759988e-03 1.870326310171360014e-03 1.872441666279419954e-03 1.874557588039630013e-03 1.876674074491799932e-03 1.878791124679870042e-03 1.880908737651919944e-03 1.883026912460109958e-03 1.885145648160670064e-03 1.887264943813879957e-03 1.889384798484049959e-03 1.891505211239529914e-03 1.893626181152630039e-03 1.895747707299640008e-03 1.897869788760820058e-03 1.899992424620369985e-03 1.902115613966369944e-03 1.904239355890840080e-03 1.906363649489629941e-03 1.908488493862509983e-03 1.910613888113039949e-03 1.912739831348620042e-03 1.914866322680459920e-03 1.916993361223529903e-03 1.919120946096619955e-03 1.921249076422210014e-03 1.923377751326520082e-03 1.925506969939529958e-03 1.927636731394840024e-03 1.929767034829800052e-03 1.931897879385369990e-03 1.934029264206170049e-03 1.936161188440439947e-03 1.938293651240020031e-03 1.940426651760349987e-03 1.942560189160439993e-03 1.944694262602839931e-03 1.946828871253650011e-03 1.948964014282509932e-03 1.951099690862509971e-03 1.953235900170270135e-03 1.955372641385880097e-03 1.957509913692870133e-03 1.959647716278200072e-03 1.961786048332260154e-03 1.963924909048849789e-03 1.966064297625139817e-03 1.968204213261709815e-03 1.970344655162450075e-03 1.972485622534610183e-03 1.974627114588769963e-03 1.976769130538809979e-03 1.978911669601909808e-03 1.981054730998499901e-03 1.983198313952320123e-03 1.985342417690320015e-03 1.987487041442680038e-03 1.989632184442809842e-03 1.991777845927310102e-03 1.993924025135979886e-03 1.996070721311779799e-03 1.998217933700819834e-03 2.000365661552349836e-03 2.002513904118749955e-03 2.004662660655519811e-03 2.006811930421229916e-03 2.008961712677559842e-03 2.011112006689250078e-03 2.013262811724069942e-03 2.015414127052860081e-03 2.017565951949470016e-03 2.019718285690739936e-03 2.021871127556550130e-03 2.024024476829729916e-03 2.026178332796069789e-03 2.028332694744350035e-03 2.030487561966260075e-03 2.032642933756410170e-03 2.034798809412370017e-03 2.036955188234549925e-03 2.039112069526290150e-03 2.041269452593779798e-03 2.043427336746069835e-03
1.836217059640760010e-03 1.838322739591819951e-03 1.840429001002450056e-03 1.842535842843619947e-03 1.844643264090799987e-03 1.846751263723879965e-03 1.848859840727200103e-03 1.850968994089479932e-03 1.853078722803859924e-03 1.855189025867800016e-03 1.857299902283140102e-03 1.859411351056020024e-03 1.861523371196880001e-03 1.863635961720430060e-03 1.865749121645669979e-03 1.867862849995789980e-03 1.869977145798219949e-03 1.872092008084589969e-03 1.874207435890660068e-03 1.876323428256419963e-03 1.878439984225899976e-03 1.880557102847320002e-03 1.882674783172950082e-03 1.884793024259129920e-03 1.886911825166289912e-03 1.889031184958839911e-03 1.891151102705239916e-03 1.893271577477920057e-03 1.895392608353310086e-03 1.897514194411760013e-03 1.899636334737589980e-03 1.901759028418990079e-03 1.903882274548089962e-03 1.906006072220890095e-03 1.908130420537230108e-03 1.910255318600790090e-03 1.912380765519089941e-03 1.914506760403449906e-03 1.916633302368950026e-03 1.918760390534470037e-03 1.920888024022600034e-03 1.923016201959700097e-03 1.925144923475799897e-03 1.927274187704680012e-03 1.929403993783729895e-03 1.931534340854040030e-03 1.933665228060319971e-03 1.935796654550920020e-03 1.937928619477809981e-03 1.940061121996480061e-03 1.942194161266080086e-03 1.944327736449249925e-03 1.946461846712179995e-03 1.948596491224599981e-03 1.950731669159730050e-03 1.952867379694270007e-03 1.955003622008409919e-03 1.957140395285749887e-03 1.959277698713379843e-03 1.961415531481779800e-03 1.963553892784819857e-03 1.965692781819810067e-03 1.967832197787359929e-03 1.969972139891509790e-03 1.972112607339559977e-03 1.974253599342210008e-03 1.976395115113419813e-03 1.978537153870440091e-03 1.980679714833830096e-03 1.982822797227389976e-03 1.984966400278159911e-03 1.987110523216420108e-03 1.989255165275650040e-03 1.991400325692560102e-03 1.993546003707020054e-03 1.995692198562059889e-03 1.997838909503900189e-03 1.999986135781860186e-03 2.002133876648409805e-03 2.004282131359130196e-03 2.006430899172689884e-03 2.008580179350820047e-03 2.010729971158360056e-03 2.012880273863159892e-03 2.015031086736130024e-03 2.017182409051220156e-03 2.019334240085339863e-03 2.021486579118430150e-03 2.023639425433420083e-03 2.025792778316169978e-03 2.027946637055539920e-03 2.030101000943290018e-03 2.032255869274119872e-03 2.034411241345649921e-03 2.036567116458400193e-03 2.038723493915749977e-03 2.040880373023979885e-03 2.043037753092209838e-03 2.045195633432429858e-03 2.047354013359439784e-03 2.049512892190850141e-03
1.842193548835709951e-03 1.844300478247739910e-03 1.846407985911460107e-03 1.848516070811330025e-03 1.850624731936219899e-03 1.852733968279400090e-03 1.854843778838459988e-03 1.856954162615360050e-03 1.859065118616409903e-03 1.861176645852130000e-03 1.863288743337399933e-03 1.865401410091320098e-03 1.867514645137209953e-03 1.869628447502650085e-03 1.871742816219359919e-03 1.873857750323269919e-03 1.875973248854450031e-03 1.878089310857089956e-03 1.880205935379500011e-03 1.882323121474090101e-03 1.884440868197310081e-03 1.886559174609720021e-03 1.888678039775849903e-03 1.890797462764270097e-03 1.892917442647539970e-03 1.895037978502190105e-03 1.897159069408709941e-03 1.899280714451500067e-03 1.901402912718899978e-03 1.903525663303149915e-03 1.905648965300339899e-03 1.907772817810419932e-03 1.909897219937219939e-03 1.912022170788340051e-03 1.914147669475219993e-03 1.916273715113049961e-03 1.918400306820799896e-03 1.920527443721209947e-03 1.922655124940710015e-03 1.924783349609460095e-03 1.926912116861319909e-03 1.929041425833799908e-03 1.931171275668090107e-03 1.933301665509039920e-03 1.935432594505059932e-03 1.937564061808209935e-03 1.939696066574129974e-03 1.941828607962039913e-03 1.943961685134680019e-03 1.946095297258369945e-03 1.948229443502900093e-03 1.950364123041620082e-03 1.952499335051299974e-03 1.954635078712249965e-03 1.956771353208150172e-03 1.958908157726199813e-03 1.961045491456969974e-03 1.963183353594430067e-03 1.965321743335969942e-03 1.967460659882310121e-03 1.969600102437559907e-03 1.971740070209140189e-03 1.973880562407819873e-03 1.976021578247659938e-03 1.978163116945999989e-03 1.980305177723509866e-03 1.982447759804030051e-03 1.984590862414719985e-03 1.986734484785970031e-03 1.988878626151309968e-03 1.991023285747559914e-03 1.993168462814639934e-03 1.995314156595710126e-03 1.997460366337060027e-03 1.999607091288089968e-03 2.001754330701350105e-03 2.003902083832510058e-03 2.006050349940319884e-03 2.008199128286600101e-03 2.010348418136269875e-03 2.012498218757259854e-03 2.014648529420549894e-03 2.016799349400179905e-03 2.018950677973140127e-03 2.021102514419450061e-03 2.023254858022109897e-03 2.025407708067070156e-03 2.027561063843249904e-03 2.029714924642499890e-03 2.031869289759599944e-03 2.034024158492239893e-03 2.036179530141019999e-03 2.038335404009379830e-03 2.040491779403690205e-03 2.042648655633149974e-03 2.044806032009789925e-03 2.046963907848520052e-03 2.049122282467009861e-03 2.051281155185759927e-03 2.053440525328090183e-03 2.055600392220060125e-03
1.848172764181350066e-03 1.850280933321909928e-03 1.852389677546840106e-03 1.854498995853849901e-03 1.856608887245050042e-03 1.858719350726839928e-03 1.860830385309929962e-03 1.862941990009269995e-03 1.865054163844139965e-03 1.867166905837969919e-03 1.869280215018439975e-03 1.871394090417439994e-03 1.873508531070999968e-03 1.875623536019319949e-03 1.877739104306700010e-03 1.879855234981610062e-03 1.881971927096549998e-03 1.884089179708109971e-03 1.886206991876940037e-03 1.888325362667729991e-03 1.890444291149149950e-03 1.892563776393870086e-03 1.894683817478559976e-03 1.896804413483799915e-03 1.898925563494129921e-03 1.901047266597990105e-03 1.903169521887739966e-03 1.905292328459579900e-03 1.907415685413590013e-03 1.909539591853690000e-03 1.911664046887610099e-03 1.913789049626870046e-03 1.915914599186810093e-03 1.918040694686499927e-03 1.920167335248759927e-03 1.922294520000150100e-03 1.924422248070949918e-03 1.926550518595099987e-03 1.928679330710239993e-03 1.930808683557649940e-03 1.932938576282270098e-03 1.935069008032650048e-03 1.937199977960930028e-03 1.939331485222869998e-03 1.941463528977760075e-03 1.943596108388479958e-03 1.945729222621410013e-03 1.947862870846470097e-03 1.949997052237100034e-03 1.952131765970180040e-03 1.954267011226079945e-03 1.956402787188640108e-03 1.958539093045089888e-03 1.960675927986140019e-03 1.962813291205830167e-03 1.964951181901659905e-03 1.967089599274449933e-03 1.969228542528389785e-03 1.971368010870990124e-03 1.973508003513130011e-03 1.975648519668939812e-03 1.977789558555870155e-03 1.979931119394659836e-03 1.982073201409259924e-03 1.984215803826920067e-03 1.986358925878090043e-03 1.988502566796420193e-03 1.990646725818790048e-03 1.992791402185239806e-03 1.994936595138999819e-03 1.997082303926419906e-03 1.999228527797020094e-03 2.001375266003429902e-03 2.003522517801410024e-03 2.005670282449759957e-03 2.007818559210399964e-03 2.009967347348339851e-03 2.012116646131590064e-03 2.014266454831209821e-03 2.016416772721310157e-03 2.018567599078990166e-03 2.020718933184310114e-03 2.022870774320379914e-03 2.025023121773209932e-03 2.027175974831799902e-03 2.029329332788089909e-03 2.031483194936930040e-03 2.033637560576089919e-03 2.035792429006220115e-03 2.037947799530869918e-03 2.040103671456479969e-03 2.042260044092309833e-03 2.044416916750470097e-03 2.046574288745930167e-03 2.048732159396460164e-03 2.050890528022620077e-03 2.053049393947790121e-03 2.055208756498110023e-03 2.057368615002489864e-03 2.059528968792610076e-03 2.061689817202849891e-03
1.854154676648570076e-03 1.856264075906639962e-03 1.858374047121659966e-03 1.860484589304459970e-03 1.862595701470150071e-03 1.864707382638090003e-03 1.866819631831870057e-03 1.868932448079300025e-03 1.871045830412389893e-03 1.873159777867290003e-03 1.875274289484330078e-03 1.877389364307950051e-03 1.879505001386710039e-03 1.881621199773259989e-03 1.883737958524309966e-03 1.885855276700629940e-03 1.887973153367030052e-03 1.890091587592279947e-03 1.892210578449200070e-03 1.894330125014559961e-03 1.896450226369060044e-03 1.898570881597360033e-03 1.900692089788029926e-03 1.902813850033510104e-03 1.904936161430139958e-03 1.907059023078119938e-03 1.909182434081459949e-03 1.911306393548009921e-03 1.913430900589419914e-03 1.915555954321109975e-03 1.917681553862290089e-03 1.919807698335869971e-03 1.921934386868520001e-03 1.924061618590639997e-03 1.926189392636259903e-03 1.928317708143139969e-03 1.930446564252669920e-03 1.932575960109889990e-03 1.934705894863429990e-03 1.936836367665570021e-03 1.938967377672150055e-03 1.941098924042579908e-03 1.943231005939829916e-03 1.945363622530389951e-03 1.947496772984280049e-03 1.949630456475010074e-03 1.951764672179589913e-03 1.953899419278489792e-03 1.956034696955630085e-03 1.958170504398369823e-03 1.960306840797460069e-03 1.962443705347090110e-03 1.964581097244830210e-03 1.966719015691599948e-03 1.968857459891669957e-03 1.970996429052670161e-03 1.973135922385559852e-03 1.975275939104550061e-03 1.977416478427209811e-03 1.979557539574329939e-03 1.981699121769999860e-03 1.983841224241509986e-03 1.985983846219429791e-03 1.988126986937499823e-03 1.990270645632659895e-03 1.992414821545089847e-03 1.994559513918049958e-03 1.996704721998000202e-03 1.998850445034559917e-03 2.000996682280420207e-03 2.003143432991429801e-03 2.005290696426480137e-03 2.007438471847589924e-03 2.009586758519820143e-03 2.011735555711280116e-03 2.013884862693110164e-03 2.016034678739499816e-03 2.018185003127610181e-03 2.020335835137629897e-03 2.022487174052700100e-03 2.024639019158949987e-03 2.026791369745430029e-03 2.028944225104170086e-03 2.031097584530090067e-03 2.033251447321029852e-03 2.035405812777740190e-03 2.037560680203829785e-03 2.039716048905809969e-03 2.041871918193020104e-03 2.044028287377660114e-03 2.046185155774760123e-03 2.048342522702160072e-03 2.050500387480490207e-03 2.052658749433220083e-03 2.054817607886550140e-03 2.056976962169459848e-03 2.059136811613699897e-03 2.061297155553730182e-03 2.063457993326760134e-03 2.065619324272720096e-03 2.067781147734210154e-03
1.860139257570409899e-03 1.862249877454550057e-03 1.864361066207579926e-03 1.866472822853209928e-03 1.868585146419379957e-03 1.870698035938230105e-03 1.872811490446029976e-03 1.874925508983250021e-03 1.877040090594460061e-03 1.879155234328319960e-03 1.881270939237609987e-03 1.883387204379180068e-03 1.885504028813920086e-03 1.887621411606729954e-03 1.889739351826539996e-03 1.891857848546279943e-03 1.893976900842819951e-03 1.896096507796989896e-03 1.898216668493570057e-03 1.900337382021249910e-03 1.902458647472570017e-03 1.904580463944010064e-03 1.906702830535860057e-03 1.908825746352250030e-03 1.910949210501160017e-03 1.913073222094320092e-03 1.915197780247299923e-03 1.917322884079379966e-03 1.919448532713610017e-03 1.921574725276779935e-03 1.923701460899350036e-03 1.925828738715510075e-03 1.927956557863089908e-03 1.930084917483600041e-03 1.932213816722180020e-03 1.934343254727589976e-03 1.936473230652190026e-03 1.938603743651930080e-03 1.940734792886319917e-03 1.942866377518420078e-03 1.944998496714850107e-03 1.947131149645710052e-03 1.949264335484629908e-03 1.951398053408709985e-03 1.953532302598510063e-03 1.955667082238050046e-03 1.957802391514790012e-03 1.959938229619589880e-03 1.962074595746739984e-03 1.964211489093870000e-03 1.966348908862010098e-03 1.968486854255550172e-03 1.970625324482189970e-03 1.972764318752989830e-03 1.974903836282250122e-03 1.977043876287640049e-03 1.979184437990039788e-03 1.981325520613609874e-03 1.983467123385759985e-03 1.985609245537129849e-03 1.987751886301549788e-03 1.989895044916070201e-03 1.992038720620919936e-03 1.994182912659479834e-03 1.996327620278290100e-03 1.998472842727049871e-03 2.000618579258540020e-03 2.002764829128679969e-03 2.004911591596479983e-03 2.007058865923999971e-03 2.009206651376420176e-03 2.011354947221899794e-03 2.013503752731690168e-03 2.015653067180060189e-03 2.017802889844239923e-03 2.019953220004489999e-03 2.022104056944049998e-03 2.024255399949109833e-03 2.026407248308830129e-03 2.028559601315290187e-03 2.030712458263510094e-03 2.032865818451370064e-03 2.035019681179740109e-03 2.037174045752290080e-03 2.039328911475599831e-03 2.041484277659089824e-03 2.043640143615040212e-03 2.045796508658540101e-03 2.047953372107510096e-03 2.050110733282670215e-03 2.052268591507539885e-03 2.054426946108400213e-03 2.056585796414300057e-03 2.058745141757069904e-03 2.060904981471229930e-03 2.063065314894069798e-03 2.065226141365570159e-03 2.067387460228439951e-03 2.069549270828030096e-03 2.071711572512430211e-03 2.073874364632339803e-03
1.866126478636430039e-03 1.868238309772999933e-03 1.870350706729160010e-03 1.872463668541309977e-03 1.874577194250030008e-03 1.876691282900030001e-03 1.878805933540109900e-03 1.880921145223159912e-03 1.883036917006160067e-03 1.885153247950099994e-03 1.887270137120030094e-03 1.889387583584989979e-03 1.891505586418009994e-03 1.893624144696109913e-03 1.895743257500239962e-03 1.897862923915289921e-03 1.899983143030050097e-03 1.902103913937200049e-03 1.904225235733320075e-03 1.906347107518820095e-03 1.908469528397950055e-03 1.910592497478799928e-03 1.912716013873219916e-03 1.914840076696869894e-03 1.916964685069159988e-03 1.919089838113259908e-03 1.921215534956039958e-03 1.923341774728089910e-03 1.925468556563699916e-03 1.927595879600819961e-03 1.929723742981060081e-03 1.931852145849650027e-03 1.933981087355490010e-03 1.936110566651019944e-03 1.938240582892289919e-03 1.940371135238930060e-03 1.942502222854100005e-03 1.944633844904519911e-03 1.946766000560390007e-03 1.948898688995440035e-03 1.951031909386870050e-03 1.953165660915349988e-03 1.955299942764979985e-03 1.957434754123339813e-03 1.959570094181370056e-03 1.961705962133459928e-03 1.963842357177330179e-03 1.965979278514140213e-03 1.968116725348350183e-03 1.970254696887750040e-03 1.972393192343479922e-03 1.974532210929989817e-03 1.976671751864970180e-03 1.978811814369439964e-03 1.980952397667639937e-03 1.983093500987069980e-03 1.985235123558460029e-03 1.987377264615740151e-03 1.989519923396020160e-03 1.991663099139649902e-03 1.993806791090070064e-03 1.995950998493940115e-03 1.998095720601019906e-03 2.000240956664190058e-03 2.002386705939439814e-03 2.004532967685880053e-03 2.006679741165669998e-03 2.008827025644009841e-03 2.010974820389230082e-03 2.013123124672609818e-03 2.015271937768489934e-03 2.017421258954220191e-03 2.019571087510130172e-03 2.021721422719530148e-03 2.023872263868699804e-03 2.026023610246870024e-03 2.028175461146199902e-03 2.030327815861779784e-03 2.032480673691610014e-03 2.034634033936590092e-03 2.036787895900490052e-03 2.038942258889950027e-03 2.041097122214500202e-03 2.043252485186439812e-03 2.045408347120989800e-03 2.047564707336109804e-03 2.049721565152610048e-03 2.051878919894069807e-03 2.054036770886859958e-03 2.056195117460090076e-03 2.058353958945660037e-03 2.060513294678179789e-03 2.062673123994980193e-03 2.064833446236139913e-03 2.066994260744419928e-03 2.069155566865250092e-03 2.071317363946769893e-03 2.073479651339779888e-03 2.075642428397710040e-03 2.077805694476650075e-03 2.079969448935300048e-03
1.872116311887199935e-03 1.874229345018630028e-03 1.876342940958530088e-03 1.878457098755809997e-03 1.880571817463490064e-03 1.882687096138679992e-03 1.884802933842499948e-03 1.886919329640100078e-03 1.889036282600670049e-03 1.891153791797349926e-03 1.893271856307270073e-03 1.895390475211509952e-03 1.897509647595059957e-03 1.899629372546860016e-03 1.901749649159690083e-03 1.903870476530249937e-03 1.905991853759060085e-03 1.908113779950489954e-03 1.910236254212729912e-03 1.912359275657770025e-03 1.914482843401359938e-03 1.916606956563040101e-03 1.918731614266079967e-03 1.920856815637450024e-03 1.922982559807869928e-03 1.925108845911730013e-03 1.927235673087089986e-03 1.929363040475670036e-03 1.931490947222810070e-03 1.933619392477500072e-03 1.935748375392300083e-03 1.937877895123359942e-03 1.940007950830419927e-03 1.942138541676740075e-03 1.944269666829130097e-03 1.946401325457919893e-03 1.948533516736920086e-03 1.950666239843430044e-03 1.952799493958230076e-03 1.954933278265519846e-03 1.957067591952969983e-03 1.959202434211619950e-03 1.961337804235960009e-03 1.963473701223840146e-03 1.965610124376450125e-03 1.967747072898390175e-03 1.969884545997530045e-03 1.972022542885120029e-03 1.974161062775689913e-03 1.976300104887029896e-03 1.978439668440240030e-03 1.980579752659669939e-03 1.982720356772890193e-03 1.984861480010749989e-03 1.987003121607230135e-03 1.989145280799580091e-03 1.991287956828200010e-03 1.993431148936639866e-03 1.995574856371619844e-03 1.997719078383009949e-03 1.999863814223780140e-03 2.002009063149999893e-03 2.004154824420859883e-03 2.006301097298599997e-03 2.008447881048530149e-03 2.010595174939039820e-03 2.012742978241500048e-03 2.014891290230319803e-03 2.017040110182969845e-03 2.019189437379820089e-03 2.021339271104280119e-03 2.023489610642709852e-03 2.025640455284409992e-03 2.027791804321649790e-03 2.029943657049559924e-03 2.032096012766240051e-03 2.034248870772659926e-03 2.036402230372669816e-03 2.038556090872990084e-03 2.040710451583209895e-03 2.042865311815749915e-03 2.045020670885840195e-03 2.047176528111570044e-03 2.049332882813790016e-03 2.051489734316180001e-03 2.053647081945159884e-03 2.055804925029929876e-03 2.057963262902450137e-03 2.060122094897409977e-03 2.062281420352210081e-03 2.064441238606999802e-03 2.066601549004599969e-03 2.068762350890530205e-03 2.070923643612989848e-03 2.073085426522850144e-03 2.075247698973590061e-03 2.077410460321389967e-03 2.079573709925010196e-03 2.081737447145869981e-03 2.083901671347939896e-03 2.086066381897819927e-03
1.878108729709460035e-03 1.880222955692530075e-03 1.882337741510559971e-03 1.884453086224790021e-03 1.886568988900510016e-03 1.888685448607010020e-03 1.890802464417579935e-03 1.892920035409439896e-03 1.895038160663820069e-03 1.897156839265809946e-03 1.899276070304460043e-03 1.901395852872699932e-03 1.903516186067310059e-03 1.905637068988949925e-03 1.907758500742109953e-03 1.909880480435090016e-03 1.912003007179979928e-03 1.914126080092660087e-03 1.916249698292760064e-03 1.918373860903680068e-03 1.920498567052500091e-03 1.922623815870059920e-03 1.924749606490850067e-03 1.926875938053029987e-03 1.929002809698430023e-03 1.931130220572509996e-03 1.933258169824350094e-03 1.935386656606640030e-03 1.937515680075620065e-03 1.939645239391130007e-03 1.941775333716559996e-03 1.943905962218780027e-03 1.946037124068260077e-03 1.948168818438889916e-03 1.950301044508089910e-03 1.952433801456729921e-03 1.954567088469119987e-03 1.956700904733009883e-03 1.958835249439570044e-03 1.960970121783350145e-03 1.963105520962309895e-03 1.965241446177750078e-03 1.967377896634359830e-03 1.969514871540119921e-03 1.971652370106340060e-03 1.973790391547660186e-03 1.975928935081969814e-03 1.978067999930470042e-03 1.980207585317599831e-03 1.982347690471019958e-03 1.984488314621639903e-03 1.986629457003590091e-03 1.988771116854149909e-03 1.990913293413850045e-03 1.993055985926309864e-03 1.995199193638350164e-03 1.997342915799929855e-03 1.999487151664090020e-03 2.001631900486989905e-03 2.003777161527929909e-03 2.005922934049199791e-03 2.008069217316220054e-03 2.010216010597459975e-03 2.012363313164359981e-03 2.014511124291440067e-03 2.016659443256219996e-03 2.018808269339179839e-03 2.020957601823799871e-03 2.023107439996519805e-03 2.025257783146720142e-03 2.027408630566739957e-03 2.029559981551820082e-03 2.031711835400110047e-03 2.033864191412679788e-03 2.036017048893429878e-03 2.038170407149179995e-03 2.040324265489589992e-03 2.042478623227149924e-03 2.044633479677180048e-03 2.046788834157839930e-03 2.048944685990059921e-03 2.051101034497559809e-03 2.053257879006880043e-03 2.055415218847269840e-03 2.057573053350760049e-03 2.059731381852120211e-03 2.061890203688829942e-03 2.064049518201090203e-03 2.066209324731809859e-03 2.068369622626560142e-03 2.070530411233640136e-03 2.072691689903950144e-03 2.074853457991080157e-03 2.077015714851250007e-03 2.079178459843299825e-03 2.081341692328700019e-03 2.083505411671520043e-03 2.085669617238400213e-03 2.087834308398579895e-03 2.089999484523870181e-03 2.092165144988620065e-03
1.884103704830970101e-03 1.886219114635119933e-03 1.888335081337769953e-03 1.890451604012310027e-03 1.892568681736120102e-03 1.894686313590530089e-03 1.896804498660750044e-03 1.898923236035959935e-03 1.901042524809199927e-03 1.903162364077369941e-03 1.905282752941250043e-03 1.907403690505429968e-03 1.909525175878339911e-03 1.911647208172180057e-03 1.913769786502950068e-03 1.915892909990400076e-03 1.918016577758030038e-03 1.920140788933050050e-03 1.922265542646369937e-03 1.924390838032610102e-03 1.926516674230060100e-03 1.928643050380650023e-03 1.930769965629940089e-03 1.932897419127110016e-03 1.935025410024970079e-03 1.937153937479870044e-03 1.939283000651749900e-03 1.941412598704089993e-03 1.943542730803899960e-03 1.945673396121700089e-03 1.947804593831539959e-03 1.949936323110909977e-03 1.952068583140769992e-03 1.954201373105569906e-03 1.956334692193120207e-03 1.958468539594710161e-03 1.960602914504990055e-03 1.962737816122020213e-03 1.964873243647189890e-03 1.967009196285280162e-03 1.969145673244379786e-03 1.971282673735889977e-03 1.973420196974540013e-03 1.975558242178329996e-03 1.977696808568539955e-03 1.979835895369699925e-03 1.981975501809560020e-03 1.984115627119149849e-03 1.986256270532660122e-03 1.988397431287489917e-03 1.990539108624209824e-03 1.992681301786600103e-03 1.994824010021510174e-03 1.996967232579009970e-03 1.999110968712209963e-03 2.001255217677399938e-03 2.003399978733930165e-03 2.005545251144190150e-03 2.007691034173690169e-03 2.009837327090960215e-03 2.011984129167540027e-03 2.014131439678050212e-03 2.016279257900069951e-03 2.018427583114169952e-03 2.020576414603909854e-03 2.022725751655820008e-03 2.024875593559359848e-03 2.027025939606930029e-03 2.029176789093879805e-03 2.031328141318419853e-03 2.033479995581689934e-03 2.035632351187699907e-03 2.037785207443330165e-03 2.039938563658319926e-03 2.042092419145219960e-03 2.044246773219449836e-03 2.046401625199219861e-03 2.048556974405560133e-03 2.050712820162259829e-03 2.052869161795920112e-03 2.055025998635889948e-03 2.057183330014240082e-03 2.059341155265839805e-03 2.061499473728229878e-03 2.063658284741679786e-03 2.065817587649179925e-03 2.067977381796370050e-03 2.070137666531599984e-03 2.072298441205859803e-03 2.074459705172800213e-03 2.076621457788719975e-03 2.078783698412539887e-03 2.080946426405759844e-03 2.083109641132529968e-03 2.085273341959579911e-03 2.087437528256189806e-03 2.089602199394250109e-03 2.091767354748180069e-03 2.093932993694939872e-03 2.096099115614040182e-03 2.098265719887480122e-03
1.890101210314960043e-03 1.892217795020590017e-03 1.894334933724790100e-03 1.896452625512919966e-03 1.898570869474250009e-03 1.900689664701950060e-03 1.902809010293049930e-03 1.904928905348430082e-03 1.907049348972819896e-03 1.909170340274739990e-03 1.911291878366520001e-03 1.913413962364269964e-03 1.915536591387849950e-03 1.917659764560880045e-03 1.919783481010670090e-03 1.921907739868260016e-03 1.924032540268389921e-03 1.926157881349430025e-03 1.928283762253419926e-03 1.930410182126059918e-03 1.932537140116619926e-03 1.934664635378019948e-03 1.936792667066709927e-03 1.938921234342730034e-03 1.941050336369680093e-03 1.943179972314669924e-03 1.945310141348329967e-03 1.947440842644800009e-03 1.949572075381679958e-03 1.951703838740050014e-03 1.953836131904420140e-03 1.955968954062730063e-03 1.958102304406370096e-03 1.960236182130089839e-03 1.962370586432019871e-03 1.964505516513689962e-03 1.966640971579950142e-03 1.968776950838990215e-03 1.970913453502319817e-03 1.973050478784750192e-03 1.975188025904379887e-03 1.977326094082580005e-03 1.979464682543989867e-03 1.981603790516449793e-03 1.983743417231050108e-03 1.985883561922109890e-03 1.988024223827089803e-03 1.990165402186690104e-03 1.992307096244740061e-03 1.994449305248210090e-03 1.996592028447229973e-03 1.998735265095049826e-03 2.000879014447979817e-03 2.003023275765489913e-03 2.005168048310059827e-03 2.007313331347280062e-03 2.009459124145769951e-03 2.011605425977159873e-03 2.013752236116139824e-03 2.015899553840370083e-03 2.018047378430519803e-03 2.020195709170220181e-03 2.022344545346090039e-03 2.024493886247669908e-03 2.026643731167439809e-03 2.028794079400830092e-03 2.030944930246129931e-03 2.033096283004550212e-03 2.035248136980200104e-03 2.037400491480019851e-03 2.039553345813830201e-03 2.041706699294269962e-03 2.043860551236819853e-03 2.046014900959789926e-03 2.048169747784250178e-03 2.050325091034099941e-03 2.052480930035989817e-03 2.054637264119349872e-03 2.056794092616340188e-03 2.058951414861879929e-03 2.061109230193600064e-03 2.063267537951829923e-03 2.065426337479640134e-03 2.067585628122729866e-03 2.069745409229530042e-03 2.071905680151110100e-03 2.074066440241190135e-03 2.076227688856110108e-03 2.078389425354870181e-03 2.080551649099050045e-03 2.082714359452880054e-03 2.084877555783130193e-03 2.087041237459159957e-03 2.089205403852920084e-03 2.091370054338910055e-03 2.093535188294129955e-03 2.095700805098169809e-03 2.097866904133109840e-03 2.100033484783539982e-03 2.102200546436559878e-03 2.104368088481739854e-03
1.896101219556109918e-03 1.898218970353010094e-03 1.900337272284520007e-03 1.902456124447790033e-03 1.904575525943809919e-03 1.906695475877449994e-03 1.908815973357319996e-03 1.910937017495890075e-03 1.913058607409379988e-03 1.915180742217759960e-03 1.917303421044750040e-03 1.919426643017789957e-03 1.921550407268039990e-03 1.923674712930330006e-03 1.925799559143149924e-03 1.927924945048659902e-03 1.930050869792659983e-03 1.932177332524530030e-03 1.934304332397290003e-03 1.936431868567509975e-03 1.938559940195320108e-03 1.940688546444449894e-03 1.942817686482109984e-03 1.944947359479029915e-03 1.947077564609429922e-03 1.949208301051049991e-03 1.951339567985049903e-03 1.953471364596040018e-03 1.955603690072099925e-03 1.957736543604669810e-03 1.959869924388619837e-03 1.962003831622179898e-03 1.964138264506979942e-03 1.966273222247970180e-03 1.968408704053430189e-03 1.970544709134969784e-03 1.972681236707499956e-03 1.974818285989219865e-03 1.976955856201579979e-03 1.979093946569309825e-03 1.981232556320359876e-03 1.983371684685920205e-03 1.985511330900370172e-03 1.987651494201310085e-03 1.989792173829480100e-03 1.991933369028830048e-03 1.994075079046400169e-03 1.996217303132449914e-03 1.998360040540270166e-03 2.000503290526289921e-03 2.002647052350049837e-03 2.004791325274129805e-03 2.006936108564200127e-03 2.009081401488959934e-03 2.011227203320139784e-03 2.013373513332489956e-03 2.015520330803789988e-03 2.017667655014770186e-03 2.019815485249150215e-03 2.021963820793620022e-03 2.024112660937819885e-03 2.026262004974300080e-03 2.028411852198569888e-03 2.030562201909009989e-03 2.032713053406910199e-03 2.034864405996449944e-03 2.037016258984650132e-03 2.039168611681400033e-03 2.041321463399439935e-03 2.043474813454319947e-03 2.045628661164419944e-03 2.047783005850890153e-03 2.049937846837690189e-03 2.052093183451579941e-03 2.054249015022029806e-03 2.056405340881290074e-03 2.058562160364350163e-03 2.060719472808919973e-03 2.062877277555389983e-03 2.065035573946910185e-03 2.067194361329269953e-03 2.069353639050930133e-03 2.071513406463069886e-03 2.073673662919440098e-03 2.075834407776490018e-03 2.077995640393270112e-03 2.080157360131439873e-03 2.082319566355279958e-03 2.084482258431630177e-03 2.086645435729929821e-03 2.088809097622199885e-03 2.090973243482980182e-03 2.093137872689370110e-03 2.095302984621010001e-03 2.097468578660049900e-03 2.099634654191130049e-03 2.101801210601419913e-03 2.103968247280560075e-03 2.106135763620660059e-03 2.108303759016310047e-03 2.110472232864510182e-03
1.902103706274709980e-03 1.904222614460390024e-03 1.906342070952199950e-03 1.908462074858849897e-03 1.910582625292929927e-03 1.912703721370779923e-03 1.914825362212480052e-03 1.916947546941870058e-03 1.919070274686519991e-03 1.921193544577669927e-03 1.923317355750280054e-03 1.925441707342950013e-03 1.927566598497960091e-03 1.929692028361189911e-03 1.931817996082160066e-03 1.933944500813990046e-03 1.936071541713350105e-03 1.938199117940500073e-03 1.940327228659239917e-03 1.942455873036919934e-03 1.944585050244339915e-03 1.946714759455869933e-03 1.948844999849320015e-03 1.950975770605949903e-03 1.953107070910510036e-03 1.955238899951129879e-03 1.957371256919390127e-03 1.959504141010249851e-03 1.961637551422039990e-03 1.963771487356479831e-03 1.965905948018630174e-03 1.968040932616859934e-03 1.970176440362889948e-03 1.972312470471710138e-03 1.974449022161619844e-03 1.976586094654170147e-03 1.978723687174179912e-03 1.980861798949710203e-03 1.983000429212020046e-03 1.985139577195599823e-03 1.987279242138130075e-03 1.989419423280459811e-03 1.991560119866600011e-03 1.993701331143740100e-03 1.995843056362149939e-03 1.997985294775250081e-03 2.000128045639570137e-03 2.002271308214720151e-03 2.004415081763380197e-03 2.006559365551289966e-03 2.008704158847250069e-03 2.010849460923079968e-03 2.012995271053600200e-03 2.015141588516690049e-03 2.017288412593140103e-03 2.019435742566780181e-03 2.021583577724380028e-03 2.023731917355640203e-03 2.025880760753229811e-03 2.028030107212700200e-03 2.030179956032530063e-03 2.032330306514089878e-03 2.034481157961640172e-03 2.036632509682289888e-03 2.038784360985979906e-03 2.040936711185570209e-03 2.043089559596649937e-03 2.045242905537670089e-03 2.047396748329900155e-03 2.049551087297370004e-03 2.051705921766869885e-03 2.053861251067979916e-03 2.056017074533020208e-03 2.058173391497059978e-03 2.060330201297859865e-03 2.062487503275920071e-03 2.064645296774430053e-03 2.066803581139259847e-03 2.068962355718960075e-03 2.071121619864749793e-03 2.073281372930490044e-03 2.075441614272650025e-03 2.077602343250399899e-03 2.079763559225429950e-03 2.081925261562110174e-03 2.084087449627360176e-03 2.086250122790660015e-03 2.088413280424100075e-03 2.090576921902309940e-03 2.092741046602440182e-03 2.094905653904190115e-03 2.097070743189790015e-03 2.099236313843939970e-03 2.101402365253870162e-03 2.103568896809290129e-03 2.105735907902370110e-03 2.107903397927770109e-03 2.110071366282550119e-03 2.112239812366259895e-03 2.114408735580869999e-03 2.116578135330750114e-03
1.908108644512589939e-03 1.910228701490780103e-03 1.912349303981489973e-03 1.914470451104920059e-03 1.916592141985030018e-03 1.918714375749490083e-03 1.920837151529669997e-03 1.922960468460629914e-03 1.925084325681090036e-03 1.927208722333439940e-03 1.929333657563660079e-03 1.931459130521400065e-03 1.933585140359870029e-03 1.935711686235859919e-03 1.937838767309739939e-03 1.939966382745419993e-03 1.942094531710329957e-03 1.944223213375399946e-03 1.946352426915099994e-03 1.948482171507340092e-03 1.950612446333499896e-03 1.952743250578410075e-03 1.954874583430319789e-03 1.957006444080889966e-03 1.959138831725209997e-03 1.961271745561690184e-03 1.963405184792159971e-03 1.965539148621759952e-03 1.967673636258990017e-03 1.969808646915639956e-03 1.971944179806819821e-03 1.974080234150910051e-03 1.976216809169560173e-03 1.978353904087690098e-03 1.980491518133439821e-03 1.982629650538179824e-03 1.984768300536489827e-03 1.986907467366140143e-03 1.989047150268069986e-03 1.991187348486390084e-03 1.993328061268370092e-03 1.995469287864370077e-03 1.997611027527919879e-03 1.999753279515630207e-03 2.001896043087180062e-03 2.004039317505360105e-03 2.006183102035979850e-03 2.008327395947940089e-03 2.010472198513140081e-03 2.012617509006510083e-03 2.014763326705960172e-03 2.016909650892420146e-03 2.019056480849780108e-03 2.021203815864890032e-03 2.023351655227539816e-03 2.025499998230470122e-03 2.027648844169349825e-03 2.029798192342700119e-03 2.031948042051989929e-03 2.034098392601550037e-03 2.036249243298560076e-03 2.038400593453090163e-03 2.040552442378009822e-03 2.042704789389040033e-03 2.044857633804679931e-03 2.047010974946300056e-03 2.049164812137970176e-03 2.051319144706579851e-03 2.053473971981809813e-03 2.055629293296020073e-03 2.057785107984350104e-03 2.059941415384659857e-03 2.062098214837499843e-03 2.064255505686160130e-03 2.066413287276560196e-03 2.068571558957330025e-03 2.070730320079749824e-03 2.072889569997769972e-03 2.075049308067929924e-03 2.077209533649450150e-03 2.079370246104119812e-03 2.081531444796340131e-03 2.083693129093130026e-03 2.085855298364029838e-03 2.088017951981200205e-03 2.090181089319330127e-03 2.092344709755639999e-03 2.094508812669899824e-03 2.096673397444390186e-03 2.098838463463890101e-03 2.101004010115709985e-03 2.103170036789610113e-03 2.105336542877810167e-03 2.107503527775039971e-03 2.109670990878450159e-03 2.111838931587619976e-03 2.114007349304600214e-03 2.116176243433809997e-03 2.118345613382110072e-03 2.120515458558739925e-03 2.122685778375339900e-03
1.914116008628050092e-03 1.916237205907059954e-03 1.918358945939430084e-03 1.920481227856629973e-03 1.922604050793839904e-03 1.924727413889909967e-03 1.926851316287309969e-03 1.928975757132150035e-03 1.931100735574210097e-03 1.933226250766770108e-03 1.935352301866749905e-03 1.937478888034630062e-03 1.939606008434410040e-03 1.941733662233650036e-03 1.943861848603390102e-03 1.945990566718180069e-03 1.948119815756060033e-03 1.950249594898490098e-03 1.952379903330419978e-03 1.954510740240199881e-03 1.956642104819589830e-03 1.958773996263779831e-03 1.960906413771299883e-03 1.963039356544050117e-03 1.965172823787289958e-03 1.967306814709609934e-03 1.969441328522900016e-03 1.971576364442360028e-03 1.973711921686490105e-03 1.975847999477010029e-03 1.977984597038969818e-03 1.980121713600570179e-03 1.982259348393290016e-03 1.984397500651800123e-03 1.986536169613960148e-03 1.988675354520809922e-03 1.990815054616559918e-03 1.992955269148550049e-03 1.995095997367260076e-03 1.997237238526280122e-03 1.999378991882320208e-03 2.001521256695159949e-03 2.003664032227659830e-03 2.005807317745759901e-03 2.007951112518390011e-03 2.010095415817569984e-03 2.012240226918289923e-03 2.014385545098590011e-03 2.016531369639449917e-03 2.018677699824849951e-03 2.020824534941739834e-03 2.022971874279980153e-03 2.025119717132390067e-03 2.027268062794729958e-03 2.029416910565599950e-03 2.031566259746540089e-03 2.033716109641990014e-03 2.035866459559180098e-03 2.038017308808280203e-03 2.040168656702220137e-03 2.042320502556799807e-03 2.044472845690640216e-03 2.046625685425120141e-03 2.048779021084439888e-03 2.050932851995550168e-03 2.053087177488199799e-03 2.055241996894829892e-03 2.057397309550650175e-03 2.059553114793599964e-03 2.061709411964319973e-03 2.063866200406140172e-03 2.066023479465069809e-03 2.068181248489809991e-03 2.070339506831739805e-03 2.072498253844830014e-03 2.074657488885719818e-03 2.076817211313699944e-03 2.078977420490639785e-03 2.081138115780990002e-03 2.083299296551829796e-03 2.085460962172810094e-03 2.087623112016120160e-03 2.089785745456540066e-03 2.091948861871350054e-03 2.094112460640370002e-03 2.096276541145979805e-03 2.098441102773020064e-03 2.100606144908829815e-03 2.102771666943250000e-03 2.104937668268590072e-03 2.107104148279630162e-03 2.109271106373569911e-03 2.111438541950070094e-03 2.113606454411240052e-03 2.115774843161560056e-03 2.117943707607949835e-03 2.120113047159719998e-03 2.122282861228549922e-03 2.124453149228509863e-03 2.126623910576040145e-03 2.128795144689899985e-03
1.920125773291169987e-03 1.922248102482410027e-03 1.924370971701759971e-03 1.926494380091799997e-03 1.928618326798780093e-03 1.930742810972540038e-03 1.932867831766510057e-03 1.934993388337719923e-03 1.937119479846739984e-03 1.939246105457700020e-03 1.941373264338230051e-03 1.943500955659519967e-03 1.945629178596200047e-03 1.947757932326409916e-03 1.949887216031749972e-03 1.952017028897239971e-03 1.954147370111349816e-03 1.956278238865950120e-03 1.958409634356290084e-03 1.960541555781050195e-03 1.962674002342209949e-03 1.964806973245139792e-03 1.966940467698520024e-03 1.969074484914329955e-03 1.971209024107889972e-03 1.973344084497780006e-03 1.975479665305839971e-03 1.977615765757180163e-03 1.979752385080130097e-03 1.981889522506250206e-03 1.984027177270310163e-03 1.986165348610249848e-03 1.988304035767230089e-03 1.990443237985519906e-03 1.992582954512569799e-03 1.994723184598950171e-03 1.996863927498350021e-03 1.999005182467550063e-03 2.001146948766440066e-03 2.003289225657959877e-03 2.005432012408119805e-03 2.007575308285969827e-03 2.009719112563600023e-03 2.011863424516099810e-03 2.014008243421570084e-03 2.016153568561110214e-03 2.018299399218749946e-03 2.020445734681550025e-03 2.022592574239449967e-03 2.024739917185350031e-03 2.026887762815070011e-03 2.029036110427330161e-03 2.031184959323739918e-03 2.033334308808810043e-03 2.035484158189869788e-03 2.037634506777140191e-03 2.039785353883659912e-03 2.041936698825299983e-03 2.044088540920749927e-03 2.046240879491470054e-03 2.048393713861750010e-03 2.050547043358599917e-03 2.052700867311850128e-03 2.054855185054029788e-03 2.057009995920410211e-03 2.059165299249030023e-03 2.061321094380559864e-03 2.063477380658429883e-03 2.065634157428739969e-03 2.067791424040239801e-03 2.069949179844380021e-03 2.072107424195219864e-03 2.074266156449470089e-03 2.076425375966469995e-03 2.078585082108170071e-03 2.080745274239089934e-03 2.082905951726399859e-03 2.085067113939800213e-03 2.087228760251550082e-03 2.089390890036489819e-03 2.091553502671979897e-03 2.093716597537910017e-03 2.095880174016719923e-03 2.098044231493310062e-03 2.100208769355090162e-03 2.102373786991990068e-03 2.104539283796359999e-03 2.106705259163029961e-03 2.108871712489300207e-03 2.111038643174880085e-03 2.113206050621920136e-03 2.115373934234999944e-03 2.117542293421070029e-03 2.119711127589529905e-03 2.121880436152110121e-03 2.124050218522939917e-03 2.126220474118509923e-03 2.128391202357660019e-03 2.130562402661580201e-03 2.132734074453769817e-03 2.134906217160090040e-03
1.926137913479830047e-03 1.928261366296320006e-03 1.930385356449080062e-03 1.932509883091649942e-03 1.934634945381179987e-03 1.936760542478369995e-03 1.938886673547410028e-03 1.941013337756089920e-03 1.943140534275680006e-03 1.945268262280920070e-03 1.947396520950059893e-03 1.949525309464790078e-03 1.951654627010250076e-03 1.953784472775020164e-03 1.955914845951060074e-03 1.958045745733739788e-03 1.960177171321820025e-03 1.962309121917390001e-03 1.964441596725919909e-03 1.966574594956189796e-03 1.968708115820299968e-03 1.970842158533640202e-03 1.972976722314900150e-03 1.975111806386009930e-03 1.977247409972189996e-03 1.979383532301850091e-03 1.981520172606669912e-03 1.983657330121479847e-03 1.985795004084359855e-03 1.987933193736520204e-03 1.990071898322350041e-03 1.992211117089380101e-03 1.994350849288280096e-03 1.996491094172830102e-03 1.998631850999890193e-03 2.000773119029459861e-03 2.002914897524540102e-03 2.005057185751260053e-03 2.007199982978749922e-03 2.009343288479180020e-03 2.011487101527729970e-03 2.013631421402590008e-03 2.015776247384940163e-03 2.017921578758919907e-03 2.020067414811619905e-03 2.022213754833120190e-03 2.024360598116370022e-03 2.026507943957299787e-03 2.028655791654699996e-03 2.030804140510269855e-03 2.032952989828569999e-03 2.035102338917039837e-03 2.037252187085980201e-03 2.039402533648500011e-03 2.041553377920560068e-03 2.043704719220910179e-03 2.045856556871119940e-03 2.048008890195530170e-03 2.050161718521249874e-03 2.052315041178160143e-03 2.054468857498889869e-03 2.056623166818780189e-03 2.058777968475920036e-03 2.060933261811100179e-03 2.063089046167800207e-03 2.065245320892189831e-03 2.067402085333109804e-03 2.069559338842049800e-03 2.071717080773180075e-03 2.073875310483269934e-03 2.076034027331719826e-03 2.078193230680560038e-03 2.080352919894399959e-03 2.082513094340450194e-03 2.084673753388460119e-03 2.086834896410809815e-03 2.088996522782389943e-03 2.091158631880619956e-03 2.093321223085469786e-03 2.095484295779429917e-03 2.097647849347490136e-03 2.099811883177110042e-03 2.101976396658290173e-03 2.104141389183440160e-03 2.106306860147459832e-03 2.108472808947720132e-03 2.110639234983979848e-03 2.112806137658470185e-03 2.114973516375820168e-03 2.117141370543050138e-03 2.119309699569619891e-03 2.121478502867329800e-03 2.123647779850359844e-03 2.125817529935260068e-03 2.127987752540950149e-03 2.130158447088650008e-03 2.132329613001950064e-03 2.134501249706740114e-03 2.136673356631220173e-03 2.138845933205910013e-03 2.141018978863580211e-03
1.932152404474189950e-03 1.934276972729019909e-03 1.936402075661250097e-03 1.938527712435200029e-03 1.940653882218730010e-03 1.942780584183240048e-03 1.944907817503580081e-03 1.947035581358090095e-03 1.949163874928599906e-03 1.951292697400330064e-03 1.953422047961950181e-03 1.955551925805550095e-03 1.957682330126600187e-03 1.959813260123950077e-03 1.961944714999809981e-03 1.964076693959739862e-03 1.966209196212619949e-03 1.968342220970639884e-03 1.970475767449319984e-03 1.972609834867420156e-03 1.974744422446979807e-03 1.976879529413310028e-03 1.979015154994939827e-03 1.981151298423610048e-03 1.983287958934279883e-03 1.985425135765099981e-03 1.987562828157389896e-03 1.989701035355619877e-03 1.991839756607419968e-03 1.993978991163560064e-03 1.996118738277900036e-03 1.998258997207400141e-03 2.000399767212140099e-03 2.002541047555240171e-03 2.004682837502869824e-03 2.006825136324289806e-03 2.008967943291729841e-03 2.011111257680490115e-03 2.013255078768819845e-03 2.015399405837990134e-03 2.017544238172240198e-03 2.019689575058740069e-03 2.021835415787640033e-03 2.023981759652009917e-03 2.026128605947820002e-03 2.028275953973980063e-03 2.030423803032230072e-03 2.032572152427249926e-03 2.034721001466570107e-03 2.036870349460540019e-03 2.039020195722360089e-03 2.041170539568070048e-03 2.043321380316509908e-03 2.045472717289319956e-03 2.047624549810909966e-03 2.049776877208480015e-03 2.051929698812000099e-03 2.054083013954139877e-03 2.056236821970350206e-03 2.058391122198789842e-03 2.060545913980309837e-03 2.062701196658470008e-03 2.064856969579519867e-03 2.067013232092379960e-03 2.069169983548609787e-03 2.071327223302439884e-03 2.073484950710730197e-03 2.075643165132930179e-03 2.077801865931169865e-03 2.079961052470099842e-03 2.082120724117020056e-03 2.084280880241760111e-03 2.086441520216749963e-03 2.088602643416950094e-03 2.090764249219860191e-03 2.092926337005510031e-03 2.095088906156449948e-03 2.097251956057759933e-03 2.099415486096939919e-03 2.101579495664069805e-03 2.103743984151639889e-03 2.105908950954589898e-03 2.108074395470380114e-03 2.110240317098810089e-03 2.112406715242179985e-03 2.114573589305199924e-03 2.116740938694940122e-03 2.118908762820919788e-03 2.121077061095000011e-03 2.123245832931430158e-03 2.125415077746830098e-03 2.127584794960159838e-03 2.129754983992719966e-03 2.131925644268159881e-03 2.134096775212410146e-03 2.136268376253750139e-03 2.138440446822739965e-03 2.140612986352229997e-03 2.142785994277340064e-03 2.144959470035479824e-03 2.147133413066310177e-03
1.938169221853789899e-03 1.940294897458760045e-03 1.942421105114700095e-03 1.944547843996549978e-03 1.946675113282770025e-03 1.948802912155290015e-03 1.950931239799430028e-03 1.953060095403989999e-03 1.955189478161149970e-03 1.957319387266470093e-03 1.959449821918929878e-03 1.961580781320820203e-03 1.963712264677799912e-03 1.965844271198880205e-03 1.967976800096320113e-03 1.970109850585760082e-03 1.972243421886060201e-03 1.974377513219340106e-03 1.976512123811010203e-03 1.978647252889720060e-03 1.980782899687279913e-03 1.982919063438769950e-03 1.985055743382420183e-03 1.987192938759639940e-03 1.989330648815010056e-03 1.991468872796259889e-03 1.993607609954220049e-03 1.995746859542860130e-03 1.997886620819260082e-03 2.000026893043539960e-03 2.002167675478950127e-03 2.004308967391729875e-03 2.006450768051240129e-03 2.008593076729799955e-03 2.010735892702769818e-03 2.012879215248539883e-03 2.015023043648419849e-03 2.017167377186759956e-03 2.019312215150810032e-03 2.021457556830810135e-03 2.023603401519899914e-03 2.025749748514149833e-03 2.027896597112539920e-03 2.030043946616919871e-03 2.032191796332029864e-03 2.034340145565480176e-03 2.036488993627700011e-03 2.038638339831999949e-03 2.040788183494480004e-03 2.042938523934050010e-03 2.045089360472440027e-03 2.047240692434140058e-03 2.049392519146429979e-03 2.051544839939350041e-03 2.053697654145650135e-03 2.055850961100870022e-03 2.058004760143230041e-03 2.060159050613660173e-03 2.062313831855800035e-03 2.064469103215979800e-03 2.066624864043169890e-03 2.068781113689029984e-03 2.070937851507840058e-03 2.073095076856549829e-03 2.075252789094689850e-03 2.077410987584440028e-03 2.079569671690549831e-03 2.081728840780349993e-03 2.083888494223779843e-03 2.086048631393310100e-03 2.088209251663990153e-03 2.090370354413379969e-03 2.092531939021580016e-03 2.094694004871219990e-03 2.096856551347420217e-03 2.099019577837769965e-03 2.101183083732409852e-03 2.103347068423890021e-03 2.105511531307239972e-03 2.107676471779939935e-03 2.109841889241910028e-03 2.112007783095469927e-03 2.114174152745419959e-03 2.116340997598890189e-03 2.118508317065440159e-03 2.120676110557029835e-03 2.122844377487939811e-03 2.125013117274870186e-03 2.127182329336839949e-03 2.129352013095199992e-03 2.131522167973669973e-03 2.133692793398249844e-03 2.135863888797260180e-03 2.138035453601320069e-03 2.140207487243350141e-03 2.142379989158540044e-03 2.144552958784329798e-03 2.146726395560450123e-03 2.148900298928850018e-03 2.151074668333750103e-03 2.153249503221549808e-03
1.944188341491780072e-03 1.946315116455909914e-03 1.948442420876560048e-03 1.950570253939150085e-03 1.952698614832589896e-03 1.954827502749170113e-03 1.956956916884539793e-03 1.959086856437790118e-03 1.961217320611339902e-03 1.963348308610929956e-03 1.965479819645649974e-03 1.967611852927899935e-03 1.969744407673390107e-03 1.971877483101089866e-03 1.974011078433239846e-03 1.976145192895329816e-03 1.978279825716090009e-03 1.980414976127469872e-03 1.982550643364599900e-03 1.984686826665840211e-03 1.986823525272679927e-03 1.988960738429810041e-03 1.991098465385030165e-03 1.993236705389280199e-03 1.995375457696629915e-03 1.997514721564229954e-03 1.999654496252310093e-03 2.001794781024190083e-03 2.003935575146240187e-03 2.006076877887859929e-03 2.008218688521510188e-03 2.010361006322600001e-03 2.012503830569610172e-03 2.014647160543980072e-03 2.016790995530079889e-03 2.018935334815319914e-03 2.021080177689970128e-03 2.023225523447279902e-03 2.025371371383399930e-03 2.027517720797380064e-03 2.029664570991190128e-03 2.031811921269610199e-03 2.033959770940369817e-03 2.036108119313970177e-03 2.038256965703779972e-03 2.040406309425999831e-03 2.042556149799619816e-03 2.044706486146439812e-03 2.046857317791059977e-03 2.049008644060800084e-03 2.051160464285790158e-03 2.053312777798889811e-03 2.055465583935670026e-03 2.057618882034450026e-03 2.059772671436230045e-03 2.061926951484729931e-03 2.064081721526360089e-03 2.066236980910159896e-03 2.068392728987860155e-03 2.070548965113830180e-03 2.072705688645060020e-03 2.074862898941189950e-03 2.077020595364440208e-03 2.079178777279660009e-03 2.081337444054229963e-03 2.083496595058190008e-03 2.085656229664049899e-03 2.087816347246930146e-03 2.089976947184480054e-03 2.092138028856859941e-03 2.094299591646770192e-03 2.096461634939380137e-03 2.098624158122390070e-03 2.100787160585960121e-03 2.102950641722730208e-03 2.105114600927790111e-03 2.107279037598699858e-03 2.109443951135419899e-03 2.111609340940370089e-03 2.113775206418379814e-03 2.115941546976659801e-03 2.118108362024829876e-03 2.120275650974919827e-03 2.122443413241270095e-03 2.124611648240629785e-03 2.126780355392099853e-03 2.128949534117090172e-03 2.131119183839359863e-03 2.133289303984989976e-03 2.135459893982350095e-03 2.137630953262139970e-03 2.139802481257320130e-03 2.141974477403130097e-03 2.144146941137100096e-03 2.146319871898989904e-03 2.148493269130820078e-03 2.150667132276849833e-03 2.152841460783570110e-03 2.155016254099680149e-03 2.157191511676080121e-03 2.159367232965869830e-03
1.950209739551239966e-03 1.952337605979390101e-03 1.954465999301119999e-03 1.956594918712209908e-03 1.958724363411829938e-03 1.960854332602519901e-03 1.962984825490109945e-03 1.965115841283809894e-03 1.967247379196129884e-03 1.969379438442840028e-03 1.971512018243039809e-03 1.973645117819060064e-03 1.975778736396499851e-03 1.977912873204180043e-03 1.980047527474149832e-03 1.982182698441639895e-03 1.984318385345100119e-03 1.986454587426119810e-03 1.988591303929480164e-03 1.990728534103090083e-03 1.992866277197970128e-03 1.995004532468279846e-03 1.997143299171270057e-03 1.999282576567269851e-03 2.001422363919680078e-03 2.003562660494969880e-03 2.005703465562619879e-03 2.007844778395179858e-03 2.009986598268169878e-03 2.012128924460130155e-03 2.014271756252599809e-03 2.016415092930050074e-03 2.018558933779960197e-03 2.020703278092689931e-03 2.022848125161580152e-03 2.024993474282870028e-03 2.027139324755690072e-03 2.029285675882079934e-03 2.031432526966939819e-03 2.033579877318030058e-03 2.035727726245980217e-03 2.037876073064220136e-03 2.040024917089040216e-03 2.042174257639509886e-03 2.044324094037500150e-03 2.046474425607700074e-03 2.048625251677500120e-03 2.050776571577120084e-03 2.052928384639499809e-03 2.055080690200270128e-03 2.057233487597840034e-03 2.059386776173299967e-03 2.061540555270420082e-03 2.063694824235700123e-03 2.065849582418240182e-03 2.068004829169869940e-03 2.070160563845029836e-03 2.072316785800770202e-03 2.074473494396799830e-03 2.076630688995430036e-03 2.078788368961559906e-03 2.080946533662669795e-03 2.083105182468839977e-03 2.085264314752689925e-03 2.087423929889380050e-03 2.089584027256649861e-03 2.091744606234700009e-03 2.093905666206309808e-03 2.096067206556750072e-03 2.098229226673750149e-03 2.100391725947559941e-03 2.102554703770870108e-03 2.104718159538839818e-03 2.106882092649110198e-03 2.109046502501689836e-03 2.111211388499070144e-03 2.113376750046149898e-03 2.115542586550210082e-03 2.117708897420919958e-03 2.119875682070370033e-03 2.122042939912990086e-03 2.124210670365560012e-03 2.126378872847270105e-03 2.128547546779560162e-03 2.130716691586289919e-03 2.132886306693569916e-03 2.135056391529849967e-03 2.137226945525870156e-03 2.139397968114659966e-03 2.141569458731530044e-03 2.143741416814070027e-03 2.145913841802080026e-03 2.148086733137649987e-03 2.150260090265089866e-03 2.152433912630959990e-03 2.154608199683989960e-03 2.156782950875170152e-03 2.158958165657649808e-03 2.161133843486779966e-03 2.163309983820090043e-03 2.165486586117270056e-03
1.956233392481260096e-03 1.958362342572710166e-03 1.960491817025900030e-03 1.962621815046789939e-03 1.964752335844669948e-03 1.966883378632159913e-03 1.969014942625140104e-03 1.971147027042800207e-03 1.973279631107589891e-03 1.975412754045190178e-03 1.977546395084519952e-03 1.979680553457729888e-03 1.981815228400159948e-03 1.983950419150339820e-03 1.986086124949979805e-03 1.988222345043930053e-03 1.990359078680200081e-03 1.992496325109920172e-03 1.994634083587330103e-03 1.996772353369780009e-03 1.998911133717680075e-03 2.001050423894549981e-03 2.003190223166920018e-03 2.005330530804380097e-03 2.007471346079559796e-03 2.009612668268090201e-03 2.011754496648590022e-03 2.013896830502659961e-03 2.016039669114900058e-03 2.018183011772839864e-03 2.020326857766970106e-03 2.022471206390669823e-03 2.024616056940300047e-03 2.026761408715069789e-03 2.028907261017079845e-03 2.031053613151350117e-03 2.033200464425699919e-03 2.035347814150839912e-03 2.037495661640310093e-03 2.039644006210439894e-03 2.041792847180420173e-03 2.043942183872190024e-03 2.046092015610500095e-03 2.048242341722870084e-03 2.050393161539540172e-03 2.052544474393549947e-03 2.054696279620610039e-03 2.056848576559220081e-03 2.059001364550539902e-03 2.061154642938419889e-03 2.063308411069410091e-03 2.065462668292729863e-03 2.067617413960240111e-03 2.069772647426480153e-03 2.071928368048580119e-03 2.074084575186309950e-03 2.076241268202059891e-03 2.078398446460800152e-03 2.080556109330090019e-03 2.082714256180060071e-03 2.084872886383410014e-03 2.087031999315390029e-03 2.089191594353779959e-03 2.091351670878880201e-03 2.093512228273529917e-03 2.095673265923060202e-03 2.097834783215259818e-03 2.099996779540470176e-03 2.102159254291440047e-03 2.104322206863410132e-03 2.106485636654050180e-03 2.108649543063479802e-03 2.110813925494229876e-03 2.112978783351259892e-03 2.115144116041919788e-03 2.117309922975959928e-03 2.119476203565519822e-03 2.121642957225089964e-03 2.123810183371530047e-03 2.125977881424069831e-03 2.128146050804250160e-03 2.130314690935929903e-03 2.132483801245350138e-03 2.134653381160969785e-03 2.136823430113620002e-03 2.138993947536380145e-03 2.141164932864619841e-03 2.143336385535969928e-03 2.145508304990329830e-03 2.147680690669809874e-03 2.149853542018809790e-03 2.152026858483909854e-03 2.154200639513939846e-03 2.156374884559920067e-03 2.158549593075060041e-03 2.160724764514769785e-03 2.162900398336629892e-03 2.165076494000389793e-03 2.167253050967979898e-03 2.169430068703430067e-03 2.171607546672939867e-03
1.962259277012570052e-03 1.964389303059700144e-03 1.966519850967369826e-03 1.968650919951540033e-03 1.970782509231500199e-03 1.972914618029810146e-03 1.975047245572250209e-03 1.977180391087839887e-03 1.979314053808830035e-03 1.981448232970649953e-03 1.983582927811929943e-03 1.985718137574480052e-03 1.987853861503240203e-03 1.989990098846340042e-03 1.992126848854970135e-03 1.994264110783489953e-03 1.996401883889339837e-03 1.998540167433010203e-03 2.000678960678120046e-03 2.002818262891309809e-03 2.004958073342230120e-03 2.007098391303619844e-03 2.009239216051199838e-03 2.011380546863669912e-03 2.013522383022730081e-03 2.015664723813060180e-03 2.017807568522279969e-03 2.019950916440969944e-03 2.022094766862610193e-03 2.024239119083619861e-03 2.026383972403309874e-03 2.028529326123879907e-03 2.030675179550390196e-03 2.032821531990790156e-03 2.034968382755849865e-03 2.037115731159199958e-03 2.039263576517260073e-03 2.041411918149280049e-03 2.043560755377310002e-03 2.045710087526159994e-03 2.047859913923419980e-03 2.050010233899429886e-03 2.052161046787309966e-03 2.054312351922870164e-03 2.056464148644630060e-03 2.058616436293860073e-03 2.060769214214489952e-03 2.062922481753159953e-03 2.065076238259130198e-03 2.067230483084370012e-03 2.069385215583469887e-03 2.071540435113650158e-03 2.073696141034740183e-03 2.075852332709229951e-03 2.078009009502120030e-03 2.080166170781079862e-03 2.082323815916319824e-03 2.084481944280579951e-03 2.086640555249189791e-03 2.088799648199999876e-03 2.090959222513389965e-03 2.093119277572269912e-03 2.095279812762019817e-03 2.097440827470539899e-03 2.099602321088190216e-03 2.101764293007820153e-03 2.103926742624719851e-03 2.106089669336630183e-03 2.108253072543750124e-03 2.110416951648659990e-03 2.112581306056399936e-03 2.114746135174370208e-03 2.116911438412400100e-03 2.119077215182689836e-03 2.121243464899779784e-03 2.123410186980619844e-03 2.125577380844470132e-03 2.127745045912949988e-03 2.129913181609999814e-03 2.132081787361880202e-03 2.134250862597159796e-03 2.136420406746690134e-03 2.138590419243649888e-03 2.140760899523419959e-03 2.142931847023730064e-03 2.145103261184519959e-03 2.147275141447980203e-03 2.149447487258540016e-03 2.151620298062869880e-03 2.153793573309819957e-03 2.155967312450489913e-03 2.158141514938140011e-03 2.160316180228250092e-03 2.162491307778440213e-03 2.164666897048540036e-03 2.166842947500489946e-03 2.169019458598410010e-03 2.171196429808560074e-03 2.173373860599309843e-03 2.175551750441160129e-03 2.177730098806719868e-03
1.968287370153360208e-03 1.970418464540350020e-03 1.972550078316810066e-03 1.974682210708639946e-03 1.976814860944970179e-03 1.978948028258130116e-03 1.981081711883670056e-03 1.983215911060300096e-03 1.985350625029940006e-03 1.987485853037629889e-03 1.989621594331560106e-03 1.991757848163069975e-03 1.993894613786580117e-03 1.996031890459620210e-03 1.998169677442809909e-03 2.000307973999829788e-03 2.002446779397420041e-03 2.004586092905340147e-03 2.006725913796390121e-03 2.008866241346410082e-03 2.011007074834160122e-03 2.013148413541459951e-03 2.015290256753080045e-03 2.017432603756700010e-03 2.019575453843000089e-03 2.021718806305550144e-03 2.023862660440869932e-03 2.026007015548329793e-03 2.028151870930230017e-03 2.030297225891710203e-03 2.032443079740829921e-03 2.034589431788400016e-03 2.036736281348159976e-03 2.038883627736630053e-03 2.041031470273099984e-03 2.043179808279720067e-03 2.045328641081390134e-03 2.047477968005789913e-03 2.049627788383330020e-03 2.051778101547180148e-03 2.053928906833259963e-03 2.056080203580170143e-03 2.058231991129260037e-03 2.060384268824520110e-03 2.062537036012660006e-03 2.064690292043059976e-03 2.066844036267720137e-03 2.068998268041329861e-03 2.071152986721190147e-03 2.073308191667190201e-03 2.075463882241879859e-03 2.077620057810389796e-03 2.079776717740399860e-03 2.081933861402210199e-03 2.084091488168650190e-03 2.086249597415110093e-03 2.088408188519519804e-03 2.090567260862330207e-03 2.092726813826490187e-03 2.094886846797489998e-03 2.097047359163270192e-03 2.099208350314280165e-03 2.101369819643430017e-03 2.103531766546080147e-03 2.105694190420039948e-03 2.107857090665560002e-03 2.110020466685309966e-03 2.112184317884379867e-03 2.114348643670250182e-03 2.116513443452800076e-03 2.118678716644300034e-03 2.120844462659359810e-03 2.123010680914980044e-03 2.125177370830510191e-03 2.127344531827599951e-03 2.129512163330269953e-03 2.131680264764850181e-03 2.133848835559950044e-03 2.136017875146500010e-03 2.138187382957729924e-03 2.140357358429110027e-03 2.142527800998370036e-03 2.144698710105569835e-03 2.146870085192919934e-03 2.149041925704929783e-03 2.151214231088320172e-03 2.153387000791999809e-03 2.155560234267129942e-03 2.157733930967029815e-03 2.159908090347220037e-03 2.162082711865400027e-03 2.164257794981429804e-03 2.166433339157320011e-03 2.168609343857260102e-03 2.170785808547549822e-03 2.172962732696600077e-03 2.175140115774980201e-03 2.177317957255359843e-03 2.179496256612499863e-03 2.181675013323250163e-03 2.183854226866560090e-03
1.974317649185619930e-03 1.976449804387029989e-03 1.978582476536640006e-03 1.980715664870090053e-03 1.982849368626199947e-03 1.984983587046970123e-03 1.987118319377549971e-03 1.989253564866230034e-03 1.991389322764439834e-03 1.993525592326690198e-03 1.995662372810620092e-03 1.997799663476939810e-03 1.999937463589410158e-03 2.002075772414859799e-03 2.004214589223170077e-03 2.006353913287219938e-03 2.008493743882930165e-03 2.010634080289170136e-03 2.012774921787829820e-03 2.014916267663769897e-03 2.017058117204780128e-03 2.019200469701620121e-03 2.021343324447949941e-03 2.023486680740350062e-03 2.025630537878310086e-03 2.027774895164200127e-03 2.029919751903269936e-03 2.032065107403609877e-03 2.034210960976179979e-03 2.036357311934770039e-03 2.038504159595970130e-03 2.040651503279180146e-03 2.042799342306630180e-03 2.044947676003289888e-03 2.047096503696900147e-03 2.049245824717999941e-03 2.051395638399820115e-03 2.053545944078340180e-03 2.055696741092270102e-03 2.057848028783009972e-03 2.059999806494650001e-03 2.062152073573970089e-03 2.064304829370419876e-03 2.066458073236100094e-03 2.068611804525740012e-03 2.070766022596729969e-03 2.072920726809049808e-03 2.075075916525310083e-03 2.077231591110719963e-03 2.079387749933039962e-03 2.081544392362620101e-03 2.083701517772389936e-03 2.085859125537790036e-03 2.088017215036840069e-03 2.090175785650039923e-03 2.092334836760429990e-03 2.094494367753569914e-03 2.096654378017460095e-03 2.098814866942620184e-03 2.100975833922030106e-03 2.103137278351120080e-03 2.105299199627760215e-03 2.107461597152280024e-03 2.109624470327419853e-03 2.111787818558310062e-03 2.113951641252530007e-03 2.116115937820010028e-03 2.118280707673070046e-03 2.120445950226410026e-03 2.122611664897090019e-03 2.124777851104509788e-03 2.126944508270400130e-03 2.129111635818829815e-03 2.131279233176199949e-03 2.133447299771179789e-03 2.135615835034760084e-03 2.137784838400220121e-03 2.139954309303109935e-03 2.142124247181219961e-03 2.144294651474649982e-03 2.146465521625709819e-03 2.148636857078920197e-03 2.150808657281089945e-03 2.152980921681179813e-03 2.155153649730410029e-03 2.157326840882150144e-03 2.159500494591980180e-03 2.161674610317669814e-03 2.163849187519119831e-03 2.166024225658409828e-03 2.168199724199770025e-03 2.170375682609560018e-03 2.172552100356250123e-03 2.174728976910479932e-03 2.176906311744939912e-03 2.179084104334459877e-03 2.181262354155950010e-03 2.183441060688390018e-03 2.185620223412859924e-03 2.187799841812469812e-03 2.189979915372410133e-03
1.980350091660950176e-03 1.982483300240530082e-03 1.984617023356359967e-03 1.986751260253679860e-03 1.988886010180880050e-03 1.991021272389489807e-03 1.993157046134110162e-03 1.995293330672469855e-03 1.997430125265400175e-03 1.999567429176730016e-03 2.001705241673399933e-03 2.003843562025359789e-03 2.005982389505609961e-03 2.008121723390140188e-03 2.010261562957930005e-03 2.012401907490950041e-03 2.014542756274159858e-03 2.016684108595419907e-03 2.018825963745580002e-03 2.020968321018409928e-03 2.023111179710559981e-03 2.025254539121619946e-03 2.027398398554040165e-03 2.029542757313150189e-03 2.031687614707140127e-03 2.033832970047039831e-03 2.035978822646730170e-03 2.038125171822880149e-03 2.040272016894999815e-03 2.042419357185350053e-03 2.044567192019030189e-03 2.046715520723850056e-03 2.048864342630420197e-03 2.051013657072059924e-03 2.053163463384819875e-03 2.055313760907499787e-03 2.057464548981579981e-03 2.059615826951220058e-03 2.061767594163280148e-03 2.063919849967290124e-03 2.066072593715420104e-03 2.068225824762489999e-03 2.070379542465959968e-03 2.072533746185890088e-03 2.074688435284959866e-03 2.076843609128440054e-03 2.078999267084180071e-03 2.081155408522610169e-03 2.083312032816730160e-03 2.085469139342040028e-03 2.087626727476630129e-03 2.089784796601100100e-03 2.091943346098529798e-03 2.094102375354559963e-03 2.096261883757259952e-03 2.098421870697230081e-03 2.100582335567520095e-03 2.102743277763610089e-03 2.104904696683449969e-03 2.107066591727439937e-03 2.109228962298380188e-03 2.111391807801480010e-03 2.113555127644359960e-03 2.115718921237040150e-03 2.117883187991899917e-03 2.120047927323719886e-03 2.122213138649590037e-03 2.124378821388989928e-03 2.126544974963740127e-03 2.128711598797940197e-03 2.130878692318060198e-03 2.133046254952830102e-03 2.135214286133320025e-03 2.137382785292859990e-03 2.139551751867049909e-03 2.141721185293769987e-03 2.143891085013149931e-03 2.146061450467569819e-03 2.148232281101620199e-03 2.150403576362149797e-03 2.152575335698210003e-03 2.154747558561030153e-03 2.156920244404099928e-03 2.159093392683010190e-03 2.161267002855590032e-03 2.163441074381820036e-03 2.165615606723830106e-03 2.167790599345889926e-03 2.169966051714430216e-03 2.172141963297969866e-03 2.174318333567210049e-03 2.176495161994900212e-03 2.178672448055900095e-03 2.180850191227200110e-03 2.183028390987819863e-03 2.185207046818890119e-03 2.187386158203579942e-03 2.189565724627130089e-03 2.191745745576810078e-03 2.193926220541939868e-03 2.196107149013859939e-03
1.986384675396760113e-03 1.988518930006130149e-03 1.990653696768709784e-03 1.992788974939199795e-03 1.994924763775429970e-03 1.997061062538320070e-03 1.999197870491790062e-03 2.001335186902889786e-03 2.003473011041660180e-03 2.005611342181180118e-03 2.007750179597539951e-03 2.009889522569809853e-03 2.012029370380060203e-03 2.014169722313319949e-03 2.016310577657560131e-03 2.018451935703719901e-03 2.020593795745660119e-03 2.022736157080100034e-03 2.024879019006730046e-03 2.027022380828089835e-03 2.029166241849570101e-03 2.031310601379490190e-03 2.033455458728939801e-03 2.035600813211880036e-03 2.037746664145080079e-03 2.039893010848119800e-03 2.042039852643359830e-03 2.044187188855960211e-03 2.046335018813840063e-03 2.048483341847649828e-03 2.050632157290839790e-03 2.052781464479510026e-03 2.054931262752550045e-03 2.057081551451509990e-03 2.059232329920640103e-03 2.061383597506889851e-03 2.063535353559829873e-03 2.065687597431749983e-03 2.067840328477519966e-03 2.069993546054680212e-03 2.072147249523370160e-03 2.074301438246349983e-03 2.076456111588949847e-03 2.078611268919119785e-03 2.080766909607339923e-03 2.082923033026689869e-03 2.085079638552739863e-03 2.087236725563670035e-03 2.089394293440129894e-03 2.091552341565299910e-03 2.093710869324849882e-03 2.095869876106960187e-03 2.098029361302270173e-03 2.100189324303909817e-03 2.102349764507429903e-03 2.104510681310860134e-03 2.106672074114670102e-03 2.108833942321689924e-03 2.110996285337229939e-03 2.113159102568990064e-03 2.115322393427019904e-03 2.117486157323789867e-03 2.119650393674130020e-03 2.121815101895220112e-03 2.123980281406580035e-03 2.126145931630100180e-03 2.128312051989939956e-03 2.130478641912640116e-03 2.132645700827019968e-03 2.134813228164160036e-03 2.136981223357480118e-03 2.139149685842649945e-03 2.141318615057600031e-03 2.143488010442519930e-03 2.145657871439840027e-03 2.147828197494229801e-03 2.149998988052590019e-03 2.152170242564030184e-03 2.154341960479849889e-03 2.156514141253560064e-03 2.158686784340869969e-03 2.160859889199609994e-03 2.163033455289860036e-03 2.165207482073769948e-03 2.167381969015690080e-03 2.169556915582100155e-03 2.171732321241590189e-03 2.173908185464870028e-03 2.176084507724790167e-03 2.178261287496249810e-03 2.180438524256290110e-03 2.182616217484000063e-03 2.184794366660539923e-03 2.186972971269149878e-03 2.189152030795110150e-03 2.191331544725760080e-03 2.193511512550449984e-03 2.195691933760580191e-03 2.197872807849569812e-03 2.200054134312819879e-03 2.202235912647750211e-03
1.992421378472809812e-03 1.994556671850210208e-03 1.996692475026280028e-03 1.998828787265059803e-03 2.000965607833670064e-03 2.003102936002270143e-03 2.005240771044010037e-03 2.007379112235069870e-03 2.009517958854639946e-03 2.011657310184860031e-03 2.013797165510850147e-03 2.015937524120690189e-03 2.018078385305380022e-03 2.020219748358879821e-03 2.022361612578029832e-03 2.024503977262559918e-03 2.026646841715139865e-03 2.028790205241230195e-03 2.030934067149220076e-03 2.033078426750309798e-03 2.035223283358519875e-03 2.037368636290730079e-03 2.039514484866590104e-03 2.041660828408559895e-03 2.043807666241870182e-03 2.045954997694509909e-03 2.048102822097240105e-03 2.050251138783570036e-03 2.052399947089699958e-03 2.054549246354580097e-03 2.056699035919849934e-03 2.058849315129839940e-03 2.061000083331569841e-03 2.063151339874719995e-03 2.065303084111600167e-03 2.067455315397219787e-03 2.069608033089160009e-03 2.071761236547640071e-03 2.073914925135499944e-03 2.076069098218159999e-03 2.078223755163610166e-03 2.080378895342439860e-03 2.082534518127779864e-03 2.084690622895300164e-03 2.086847209023219921e-03 2.089004275892280150e-03 2.091161822885729844e-03 2.093319849389309924e-03 2.095478354791280133e-03 2.097637338482340099e-03 2.099796799855690056e-03 2.101956738306970125e-03 2.104117153234239933e-03 2.106278044038060147e-03 2.108439410121339813e-03 2.110601250889449984e-03 2.112763565750140019e-03 2.114926354113550160e-03 2.117089615392209797e-03 2.119253349001010145e-03 2.121417554357189934e-03 2.123582230880350155e-03 2.125747377992430204e-03 2.127912995117690106e-03 2.130079081682690126e-03 2.132245637116319831e-03 2.134412660849749951e-03 2.136580152316430205e-03 2.138748110952110124e-03 2.140916536194780069e-03 2.143085427484689876e-03 2.145254784264330212e-03 2.147424605978439944e-03 2.149594892073980121e-03 2.151765642000090170e-03 2.153936855208149915e-03 2.156108531151750083e-03 2.158280669286609908e-03 2.160453269070669938e-03 2.162626329964020041e-03 2.164799851428909818e-03 2.166973832929719977e-03 2.169148273932990090e-03 2.171323173907360043e-03 2.173498532323619916e-03 2.175674348654650127e-03 2.177850622375420136e-03 2.180027352963020103e-03 2.182204539896590197e-03 2.184382182657340112e-03 2.186560280728579858e-03 2.188738833595629991e-03 2.190917840745880158e-03 2.193097301668750065e-03 2.195277215855679937e-03 2.197457582800120112e-03 2.199638401997550119e-03 2.201819672945450057e-03 2.204001395143259830e-03 2.206183568092429884e-03 2.208366191296389988e-03
1.998460179226970151e-03 2.000596504196049813e-03 2.002733336637359945e-03 2.004870675824139883e-03 2.007008521032659955e-03 2.009146871542199803e-03 2.011285726634999809e-03 2.013425085596270200e-03 2.015564947714190182e-03 2.017705312279839854e-03 2.019846178587250077e-03 2.021987545933379930e-03 2.024129413618049912e-03 2.026271780943980118e-03 2.028414647216759872e-03 2.030558011744839925e-03 2.032701873839529855e-03 2.034846232814929972e-03 2.036991087987979898e-03 2.039136438678449889e-03 2.041282284208839788e-03 2.043428623904509998e-03 2.045575457093520150e-03 2.047722783106699796e-03 2.049870601277640168e-03 2.052018910942639968e-03 2.054167711440710135e-03 2.056317002113589899e-03 2.058466782305679987e-03 2.060617051364079921e-03 2.062767808638549857e-03 2.064919053481490199e-03 2.067070785247949842e-03 2.069223003295630071e-03 2.071375706984809970e-03 2.073528895678400201e-03 2.075682568741900064e-03 2.077836725543390130e-03 2.079991365453510120e-03 2.082146487845480155e-03 2.084302092095050019e-03 2.086458177580490046e-03 2.088614743682630157e-03 2.090771789784790034e-03 2.092929315272789963e-03 2.095087319534939992e-03 2.097245801962029955e-03 2.099404761947319936e-03 2.101564198886519876e-03 2.103724112177780044e-03 2.105884501221700136e-03 2.108045365421279838e-03 2.110206704181940077e-03 2.112368516911510008e-03 2.114530803020200130e-03 2.116693561920580165e-03 2.118856793027660158e-03 2.121020495758690113e-03 2.123184669533369900e-03 2.125349313773690092e-03 2.127514427903970124e-03 2.129680011350850062e-03 2.131846063543280188e-03 2.134012583912490209e-03 2.136179571891990130e-03 2.138347026917600171e-03 2.140514948427360131e-03 2.142683335861590103e-03 2.144852188662850143e-03 2.147021506275929859e-03 2.149191288147830198e-03 2.151361533727779926e-03 2.153532242467229990e-03 2.155703413819800175e-03 2.157875047241269995e-03 2.160047142189639845e-03 2.162219698125079827e-03 2.164392714509879873e-03 2.166566190808460156e-03 2.168740126487459993e-03 2.170914521015550065e-03 2.173089373863569887e-03 2.175264684504480111e-03 2.177440452413280120e-03 2.179616677067109948e-03 2.181793357945189995e-03 2.183970494528779827e-03 2.186148086301219814e-03 2.188326132747919848e-03 2.190504633356279984e-03 2.192683587615810135e-03 2.194862995017980017e-03 2.197042855056299815e-03 2.199223167226310206e-03 2.201403931025519914e-03 2.203585145953429990e-03 2.205766811511549862e-03 2.207948927203340090e-03 2.210131492534230142e-03 2.212314507011600186e-03 2.214497970144790190e-03
2.004501056251870028e-03 2.006638405720480040e-03 2.008776260362549974e-03 2.010914619460419956e-03 2.013053482299389987e-03 2.015192848167729912e-03 2.017332716356610035e-03 2.019473086160170072e-03 2.021613956875439790e-03 2.023755327802319922e-03 2.025897198243639848e-03 2.028039567505069991e-03 2.030182434895150007e-03 2.032325799725260163e-03 2.034469661309600084e-03 2.036614018965210004e-03 2.038758872011930002e-03 2.040904219772350127e-03 2.043050061571890195e-03 2.045196396738729969e-03 2.047343224603760149e-03 2.049490544500660004e-03 2.051638355765820175e-03 2.053786657738320125e-03 2.055935449759970206e-03 2.058084731175279999e-03 2.060234501331410176e-03 2.062384759578189848e-03 2.064535505268120033e-03 2.066686737756319881e-03 2.068838456400570042e-03 2.070990660561219856e-03 2.073143349601270190e-03 2.075296522886290167e-03 2.077450179784420207e-03 2.079604319666400209e-03 2.081758941905510144e-03 2.083914045877570051e-03 2.086069630960950012e-03 2.088225696536519845e-03 2.090382241987699848e-03 2.092539266700350203e-03 2.094696770062899789e-03 2.096854751466170098e-03 2.099013210303510117e-03 2.101172145970690072e-03 2.103331557865930051e-03 2.105491445389900008e-03 2.107651807945689834e-03 2.109812644938759921e-03 2.111973955777030065e-03 2.114135739870760203e-03 2.116297996632609830e-03 2.118460725477620214e-03 2.120623925823139806e-03 2.122787597088920085e-03 2.124951738697030117e-03 2.127116350071840082e-03 2.129281430640059865e-03 2.131446979830690057e-03 2.133612997075040162e-03 2.135779481806699982e-03 2.137946433461520093e-03 2.140113851477620094e-03 2.142281735295369950e-03 2.144450084357409948e-03 2.146618898108560054e-03 2.148788175995920095e-03 2.150957917468760035e-03 2.153128121978579827e-03 2.155298788979069947e-03 2.157469917926090140e-03 2.159641508277669857e-03 2.161813559494049890e-03 2.163986071037550096e-03 2.166159042372709908e-03 2.168332472966159972e-03 2.170506362286659871e-03 2.172680709805119813e-03 2.174855514994509988e-03 2.177030777329939937e-03 2.179206496288570074e-03 2.181382671349680214e-03 2.183559301994590206e-03 2.185736387706699833e-03 2.187913927971450213e-03 2.190091922276329872e-03 2.192270370110859998e-03 2.194449270966590104e-03 2.196628624337089788e-03 2.198808429717930089e-03 2.200988686606680008e-03 2.203169394502890038e-03 2.205350552908119915e-03 2.207532161325890044e-03 2.209714219261659819e-03 2.211896726222880097e-03 2.214079681718929878e-03 2.216263085261130188e-03 2.218446936362730194e-03 2.220631234538909815e-03
2.010543988391180151e-03 2.012682355350149926e-03 2.014821225211140075e-03 2.016960597265420214e-03 2.019100470807199885e-03 2.021240845133629848e-03 2.023381719544690201e-03 2.025523093343300097e-03 2.027664965835220164e-03 2.029807336329059880e-03 2.031950204136300127e-03 2.034093568571239841e-03 2.036237428950989949e-03 2.038381784595469891e-03 2.040526634827379872e-03 2.042671978972199990e-03 2.044817816358200212e-03 2.046964146316370119e-03 2.049110968180440154e-03 2.051258281286909811e-03 2.053406084974930112e-03 2.055554378586409853e-03 2.057703161465920198e-03 2.059852432960699881e-03 2.062002192420669955e-03 2.064152439198399958e-03 2.066303172649110089e-03 2.068454392130620028e-03 2.070606097003400113e-03 2.072758286630500216e-03 2.074910960377570127e-03 2.077064117612840034e-03 2.079217757707110120e-03 2.081371880033740154e-03 2.083526483968629970e-03 2.085681568890219908e-03 2.087837134179460017e-03 2.089993179219820033e-03 2.092149703397269862e-03 2.094306706100270039e-03 2.096464186719750045e-03 2.098622144649100064e-03 2.100780579284180095e-03 2.102939490023299999e-03 2.105098876267160087e-03 2.107258737418940021e-03 2.109419072884160043e-03 2.111579882070799795e-03 2.113741164389229803e-03 2.115902919252139920e-03 2.118065146074629961e-03 2.120227844274149859e-03 2.122391013270500098e-03 2.124554652485800051e-03 2.126718761344510104e-03 2.128883339273390015e-03 2.131048385701520172e-03 2.133213900060269928e-03 2.135379881783269849e-03 2.137546330306459852e-03 2.139713245067999866e-03 2.141880625508360038e-03 2.144048471070190195e-03 2.146216781198429999e-03 2.148385555340190118e-03 2.150554792944839831e-03 2.152724493463909882e-03 2.154894656351150160e-03 2.157065281062510182e-03 2.159236367056060167e-03 2.161407913792089911e-03 2.163579920732989961e-03 2.165752387343350058e-03 2.167925313089880211e-03 2.170098697441369927e-03 2.172272539868780154e-03 2.174446839845169989e-03 2.176621596845680195e-03 2.178796810347550118e-03 2.180972479830079955e-03 2.183148604774680195e-03 2.185325184664770135e-03 2.187502218985879800e-03 2.189679707225519831e-03 2.191857648873289915e-03 2.194036043420789870e-03 2.196214890361620087e-03 2.198394189191410150e-03 2.200573939407800186e-03 2.202754140510380151e-03 2.204934792000760087e-03 2.207115893382509842e-03 2.209297444161139982e-03 2.211479443844159912e-03 2.213661891940989831e-03 2.215844787962989795e-03 2.218028131423480098e-03 2.220211921837660172e-03 2.222396158722690120e-03 2.224580841597600077e-03 2.226765969983320135e-03
2.016588954736510050e-03 2.018728332258499809e-03 2.020868210437989834e-03 2.023008588575069943e-03 2.025149465972729979e-03 2.027290841936839859e-03 2.029432715776090159e-03 2.031575086802039822e-03 2.033717954329100110e-03 2.035861317674450034e-03 2.038005176158080162e-03 2.040149529102790009e-03 2.042294375834169829e-03 2.044439715680549871e-03 2.046585547972989971e-03 2.048731872045349810e-03 2.050878687234150132e-03 2.053025992878679869e-03 2.055173788320889885e-03 2.057322072905460198e-03 2.059470845979689824e-03 2.061620106893599993e-03 2.063769854999830070e-03 2.065920089653670074e-03 2.068070810213039866e-03 2.070222016038460091e-03 2.072373706493069959e-03 2.074525880942609899e-03 2.076678538755379923e-03 2.078831679302250036e-03 2.080985301956659803e-03 2.083139406094570208e-03 2.085293991094520037e-03 2.087449056337520054e-03 2.089604601207119793e-03 2.091760625089349873e-03 2.093917127372760170e-03 2.096074107448340010e-03 2.098231564709569785e-03 2.100389498552359801e-03 2.102547908375090174e-03 2.104706793578540146e-03 2.106866153565950094e-03 2.109025987742940006e-03 2.111186295517529857e-03 2.113347076300159996e-03 2.115508329503580122e-03 2.117670054542989799e-03 2.119832250835890133e-03 2.121994917802130180e-03 2.124158054863919953e-03 2.126321661445770145e-03 2.128485736974519878e-03 2.130650280879309820e-03 2.132815292591560066e-03 2.134980771544980113e-03 2.137146717175570157e-03 2.139313128921559951e-03 2.141480006223459975e-03 2.143647348524009826e-03 2.145815155268189934e-03 2.147983425903179922e-03 2.150152159878410216e-03 2.152321356645480084e-03 2.154491015658200129e-03 2.156661136372549793e-03 2.158831718246699907e-03 2.161002760740959785e-03 2.163174263317830127e-03 2.165346225441920191e-03 2.167518646579989858e-03 2.169691526200920144e-03 2.171864863775710159e-03 2.174038658777470174e-03 2.176212910681389959e-03 2.178387618964789958e-03 2.180562783107019807e-03 2.182738402589529895e-03 2.184914476895820183e-03 2.187091005511440211e-03 2.189267987923989960e-03 2.191445423623089930e-03 2.193623312100410200e-03 2.195801652849610139e-03 2.197980445366370071e-03 2.200159689148370023e-03 2.202339383695259799e-03 2.204519528508700182e-03 2.206700123092300049e-03 2.208881166951639791e-03 2.211062659594270011e-03 2.213244600529659916e-03 2.215426989269229843e-03 2.217609825326330008e-03 2.219793108216240075e-03 2.221976837456130123e-03 2.224161012565100109e-03 2.226345633064129997e-03 2.228530698476080193e-03 2.230716208325720165e-03 2.232902162139659922e-03
2.022635934622939863e-03 2.024776315861310030e-03 2.026917195539189916e-03 2.029058572965359870e-03 2.031200447451479880e-03 2.033342818312040140e-03 2.035485684864299892e-03 2.037629046428349883e-03 2.039772902327099784e-03 2.041917251886170206e-03 2.044062094433999818e-03 2.046207429301749939e-03 2.048353255823340095e-03 2.050499573335389913e-03 2.052646381177269854e-03 2.054793678691010147e-03 2.056941465221370172e-03 2.059089740115730045e-03 2.061238502724189927e-03 2.063387752399479819e-03 2.065537488496950024e-03 2.067687710374620149e-03 2.069838417393090203e-03 2.071989608915570085e-03 2.074141284307860073e-03 2.076293442938349949e-03 2.078446084177999927e-03 2.080599207400309850e-03 2.082752811981340019e-03 2.084906897299669982e-03 2.087061462736399843e-03 2.089216507675149825e-03 2.091372031502049863e-03 2.093528033605690161e-03 2.095684513377139846e-03 2.097841470209959973e-03 2.099998903500129802e-03 2.102156812646090167e-03 2.104315197048720054e-03 2.106474056111300175e-03 2.108633389239529879e-03 2.110793195841499832e-03 2.112953475327699823e-03 2.115114227111000115e-03 2.117275450606619785e-03 2.119437145232140173e-03 2.121599310407480156e-03 2.123761945554920004e-03 2.125925050099039797e-03 2.128088623466729834e-03 2.130252665087200171e-03 2.132417174391939858e-03 2.134582150814729948e-03 2.136747593791620079e-03 2.138913502760909826e-03 2.141079877163169949e-03 2.143246716441229820e-03 2.145414020040079840e-03 2.147581787407009789e-03 2.149750017991480019e-03 2.151918711245170025e-03 2.154087866621929876e-03 2.156257483577840063e-03 2.158427561571090066e-03 2.160598100062049911e-03 2.162769098513310072e-03 2.164940556389510166e-03 2.167112473157479895e-03 2.169284848286160122e-03 2.171457681246599832e-03 2.173630971511979985e-03 2.175804718557539791e-03 2.177978921860640026e-03 2.180153580900720100e-03 2.182328695159249914e-03 2.184504264119790148e-03 2.186680287267970136e-03 2.188856764091430193e-03 2.191033694079829851e-03 2.193211076724919852e-03 2.195388911520399899e-03 2.197567197961990213e-03 2.199745935547450185e-03 2.201925123776459978e-03 2.204104762150739787e-03 2.206284850173960074e-03 2.208465387351729852e-03 2.210646373191660005e-03 2.212827807203270047e-03 2.215009688898040164e-03 2.217192017789370011e-03 2.219374793392570044e-03 2.221558015224870189e-03 2.223741682805419843e-03 2.225925795655240170e-03 2.228110353297250122e-03 2.230295355256259934e-03 2.232480801058929921e-03 2.234666690233789998e-03 2.236853022311250088e-03 2.239039796823509912e-03
2.028684907626619911e-03 2.030826285814239796e-03 2.032968160249560164e-03 2.035110530249949982e-03 2.037253395135569817e-03 2.039396754229400033e-03 2.041540606857190042e-03 2.043684952347430122e-03 2.045829790031390011e-03 2.047975119243049952e-03 2.050120939319130184e-03 2.052267249599070125e-03 2.054414049425010158e-03 2.056561338141749996e-03 2.058709115096789884e-03 2.060857379640299806e-03 2.063006131125080019e-03 2.065155368906580139e-03 2.067305092342860105e-03 2.069455300794640056e-03 2.071605993625190174e-03 2.073757170200400072e-03 2.075908829888729792e-03 2.078060972061209800e-03 2.080213596091420175e-03 2.082366701355500144e-03 2.084520287232109921e-03 2.086674353102419867e-03 2.088828898350130001e-03 2.090983922361420132e-03 2.093139424524990185e-03 2.095295404231960028e-03 2.097451860875960104e-03 2.099608793853049906e-03 2.101766202561750063e-03 2.103924086402989869e-03 2.106082444780139808e-03 2.108241277098969919e-03 2.110400582767629849e-03 2.112560361196690051e-03 2.114720611799069793e-03 2.116881333990050171e-03 2.119042527187330049e-03 2.121204190810859966e-03 2.123366324282980038e-03 2.125528927028350144e-03 2.127691998473919995e-03 2.129855538048979879e-03 2.132019545185079995e-03 2.134184019316049969e-03 2.136348959878010129e-03 2.138514366309349820e-03 2.140680238050670162e-03 2.142846574544869914e-03 2.145013375237020143e-03 2.147180639574440119e-03 2.149348367006699914e-03 2.151516556985499842e-03 2.153685208964770201e-03 2.155854322400620107e-03 2.158023896751340084e-03 2.160193931477369985e-03 2.162364426041309823e-03 2.164535379907889853e-03 2.166706792543980110e-03 2.168878663418609930e-03 2.171050992002859954e-03 2.173223777769960150e-03 2.175397020195239933e-03 2.177570718756099977e-03 2.179744872932020024e-03 2.181919482204550207e-03 2.184094546057310186e-03 2.186270063975960087e-03 2.188446035448190097e-03 2.190622459963759931e-03 2.192799337014419894e-03 2.194976666093949921e-03 2.197154446698140057e-03 2.199332678324750125e-03 2.201511360473579985e-03 2.203690492646349832e-03 2.205870074346799950e-03 2.208050105080610042e-03 2.210230584355400100e-03 2.212411511680779843e-03 2.214592886568249840e-03 2.216774708531270028e-03 2.218956977085209843e-03 2.221139691747339977e-03 2.223322852036860135e-03 2.225506457474840053e-03 2.227690507584249857e-03 2.229875001889940114e-03 2.232059939918630120e-03 2.234245321198880148e-03 2.236431145261149993e-03 2.238617411637710067e-03 2.240804119862689972e-03 2.242991269472029928e-03 2.245178860003499855e-03
2.034735853560799921e-03 2.036878222008999938e-03 2.039021084538890013e-03 2.041164440476279842e-03 2.043308289149759881e-03 2.045452629890690075e-03 2.047597462033140005e-03 2.049742784913900166e-03 2.051888597872510156e-03 2.054034900251170206e-03 2.056181691394769803e-03 2.058328970650920211e-03 2.060476737369830013e-03 2.062624990904410056e-03 2.064773730610169802e-03 2.066922955845280213e-03 2.069072665970510001e-03 2.071222860349219985e-03 2.073373538347380012e-03 2.075524699333529920e-03 2.077676342678760023e-03 2.079828467756760120e-03 2.081981073943720180e-03 2.084134160618369806e-03 2.086287727161979973e-03 2.088441772958310114e-03 2.090596297393619834e-03 2.092751299856670209e-03 2.094906779738679985e-03 2.097062736433319939e-03 2.099219169336770125e-03 2.101376077847569822e-03 2.103533461366749804e-03 2.105691319297749945e-03 2.107849651046390157e-03 2.110008456020919833e-03 2.112167733631960167e-03 2.114327483292509791e-03 2.116487704417920057e-03 2.118648396425940137e-03 2.120809558736599931e-03 2.122971190772309814e-03 2.125133291957799920e-03 2.127295861720090216e-03 2.129458899488510023e-03 2.131622404694690203e-03 2.133786376772530205e-03 2.135950815158220179e-03 2.138115719290210187e-03 2.140281088609159894e-03 2.142446922558020102e-03 2.144613220581949916e-03 2.146779982128320212e-03 2.148947206646760043e-03 2.151114893589030005e-03 2.153283042409129787e-03 2.155451652563240058e-03 2.157620723509679969e-03 2.159790254708970035e-03 2.161960245623760143e-03 2.164130695718859913e-03 2.166301604461180145e-03 2.168472971319800047e-03 2.170644795765890034e-03 2.172817077272719971e-03 2.174989815315679989e-03 2.177163009372209794e-03 2.179336658921859817e-03 2.181510763446250015e-03 2.183685322429029969e-03 2.185860335355930065e-03 2.188035801714689928e-03 2.190211720995129986e-03 2.192388092689069937e-03 2.194564916290300122e-03 2.196742191294689950e-03 2.198919917200079909e-03 2.201098093506259883e-03 2.203276719715049816e-03 2.205455795330239863e-03 2.207635319857530112e-03 2.209815292804629891e-03 2.211995713681180146e-03 2.214176581998730017e-03 2.216357897270790182e-03 2.218539659012789926e-03 2.220721866742049813e-03 2.222904519977799906e-03 2.225087618241180197e-03 2.227271161055189869e-03 2.229455147944750179e-03 2.231639578436609914e-03 2.233824452059380086e-03 2.236009768343579906e-03 2.238195526821520117e-03 2.240381727027349838e-03 2.242568368497089952e-03 2.244755450768549845e-03 2.246942973381369901e-03 2.249130935876989847e-03 2.251319337798640078e-03
2.040788752472759860e-03 2.042932104570200063e-03 2.045075948608750076e-03 2.047220283922560145e-03 2.049365109848530053e-03 2.051510425726260113e-03 2.053656230898049870e-03 2.055802524708879881e-03 2.057949306506419961e-03 2.060096575640970196e-03 2.062244331465529906e-03 2.064392573335690085e-03 2.066541300609690216e-03 2.068690512648380109e-03 2.070840208815209922e-03 2.072990388476230166e-03 2.075141051000040093e-03 2.077292195757840174e-03 2.079443822123360104e-03 2.081595929472890034e-03 2.083748517185229823e-03 2.085901584641729808e-03 2.088055131226220114e-03 2.090209156325040143e-03 2.092363659327019926e-03 2.094518639623450199e-03 2.096674096608100186e-03 2.098830029677169889e-03 2.100986438229320019e-03 2.103143321665629922e-03 2.105300679389630111e-03 2.107458510807189937e-03 2.109616815326639892e-03 2.111775592358670125e-03 2.113934841316339984e-03 2.116094561615100133e-03 2.118254752672730102e-03 2.120415413909349997e-03 2.122576544747430041e-03 2.124738144611770189e-03 2.126900212929459799e-03 2.129062749129890207e-03 2.131225752644759931e-03 2.133389222908059924e-03 2.135553159355999854e-03 2.137717561427110013e-03 2.139882428562119888e-03 2.142047760204050105e-03 2.144213555798110075e-03 2.146379814791760012e-03 2.148546536634649787e-03 2.150713720778630201e-03 2.152881366677759922e-03 2.155049473788279903e-03 2.157218041568560035e-03 2.159387069479200196e-03 2.161556556982900147e-03 2.163726503544509839e-03 2.165896908631039820e-03 2.168067771711600089e-03 2.170239092257420042e-03 2.172410869741839799e-03 2.174583103640289825e-03 2.176755793430300030e-03 2.178928938591439927e-03 2.181102538605410139e-03 2.183276592955900146e-03 2.185451101128700179e-03 2.187626062611640072e-03 2.189801476894539817e-03 2.191977343469289803e-03 2.194153661829760169e-03 2.196330431471849812e-03 2.198507651893459938e-03 2.200685322594439844e-03 2.202863443076649805e-03 2.205042012843929852e-03 2.207221031402059868e-03 2.209400498258769999e-03 2.211580412923770146e-03 2.213760774908650215e-03 2.215941583726979865e-03 2.218122838894230012e-03 2.220304539927780204e-03 2.222486686346889992e-03 2.224669277672780034e-03 2.226852313428489844e-03 2.229035793138960195e-03 2.231219716331010131e-03 2.233404082533320054e-03 2.235588891276410039e-03 2.237774142092670195e-03 2.239959834516289973e-03 2.242145968083340130e-03 2.244332542331669948e-03 2.246519556800960146e-03 2.248707011032689915e-03 2.250894904570169882e-03 2.253083236958450166e-03 2.255272007744410154e-03 2.257461216476660051e-03
2.046843584640300161e-03 2.048987913851879963e-03 2.051132732889079935e-03 2.053278041094279849e-03 2.055423837812550038e-03 2.057570122391650085e-03 2.059716894181959877e-03 2.061864152536539881e-03 2.064011896811109893e-03 2.066160126363940190e-03 2.068308840555979893e-03 2.070458038750769801e-03 2.072607720314419838e-03 2.074757884615619895e-03 2.076908531025649807e-03 2.079059658918319935e-03 2.081211267669989817e-03 2.083363356659539978e-03 2.085515925268390143e-03 2.087668972880460209e-03 2.089822498882139886e-03 2.091976502662359818e-03 2.094130983612490105e-03 2.096285941126339869e-03 2.098441374600200186e-03 2.100597283432819803e-03 2.102753667025340084e-03 2.104910524781340112e-03 2.107067856106809804e-03 2.109225660410100033e-03 2.111383937101999828e-03 2.113542685595640094e-03 2.115701905306520067e-03 2.117861595652499943e-03 2.120021756053780057e-03 2.122182385932900022e-03 2.124343484714700126e-03 2.126505051826349958e-03 2.128667086697320215e-03 2.130829588759370133e-03 2.132992557446530130e-03 2.135155992195120027e-03 2.137319892443700041e-03 2.139484257633099840e-03 2.141649087206369973e-03 2.143814380608800082e-03 2.145980137287889847e-03 2.148146356693390185e-03 2.150313038277210011e-03 2.152480181493440087e-03 2.154647785798389885e-03 2.156815850650519936e-03 2.158984375510450068e-03 2.161153359840979789e-03 2.163322803106999814e-03 2.165492704775570133e-03 2.167663064315890082e-03 2.169833881199209873e-03 2.172005154898949859e-03 2.174176884890609892e-03 2.176349070651739832e-03 2.178521711662009808e-03 2.180694807403149929e-03 2.182868357358919934e-03 2.185042361015159928e-03 2.187216817859750050e-03 2.189391727382580116e-03 2.191567089075570005e-03 2.193742902432690035e-03 2.195919166949849947e-03 2.198095882125009927e-03 2.200273047458079986e-03 2.202450662451000199e-03 2.204628726607620135e-03 2.206807239433789935e-03 2.208986200437300026e-03 2.211165609127889800e-03 2.213345465017229827e-03 2.215525767618920124e-03 2.217706516448480179e-03 2.219887711023349822e-03 2.222069350862860160e-03 2.224251435488230118e-03 2.226433964422579875e-03 2.228616937190890102e-03 2.230800353320050097e-03 2.232984212338760214e-03 2.235168513777599942e-03 2.237353257169000156e-03 2.239538442047200179e-03 2.241724067948330183e-03 2.243910134410269808e-03 2.246096640972750080e-03 2.248283587177320013e-03 2.250470972567279824e-03 2.252658796687779814e-03 2.254847059085710211e-03 2.257035759309750176e-03 2.259224896910350024e-03 2.261414471439719947e-03 2.263604482451800088e-03
2.052900330568820011e-03 2.055045630434639958e-03 2.057191418035330191e-03 2.059337692721379884e-03 2.061484453845930168e-03 2.063631700764739871e-03 2.065779432836230192e-03 2.067927649421380173e-03 2.070076349883839904e-03 2.072225533589780021e-03 2.074375199907970216e-03 2.076525348209780093e-03 2.078675977869079861e-03 2.080827088262330107e-03 2.082978678768479877e-03 2.085130748769020020e-03 2.087283297647949797e-03 2.089436324791749990e-03 2.091589829589389840e-03 2.093743811432330088e-03 2.095898269714470061e-03 2.098053203832180198e-03 2.100208613184259988e-03 2.102364497171920182e-03 2.104520855198830070e-03 2.106677686671029875e-03 2.108834990996969784e-03 2.110992767587490000e-03 2.113151015855799925e-03 2.115309735217469917e-03 2.117468925090429995e-03 2.119628584894939910e-03 2.121788714053599988e-03 2.123949311991349832e-03 2.126110378135410203e-03 2.128271911915309914e-03 2.130433912762890163e-03 2.132596380112229944e-03 2.134759313399740149e-03 2.136922712064020027e-03 2.139086575545979911e-03 2.141250903288730197e-03 2.143415694737629915e-03 2.145580949340259846e-03 2.147746666546380013e-03 2.149912845808009919e-03 2.152079486579279791e-03 2.154246588316580200e-03 2.156414150478419816e-03 2.158582172525490023e-03 2.160750653920619820e-03 2.162919594128810078e-03 2.165088992617139867e-03 2.167258848854880082e-03 2.169429162313359864e-03 2.171599932466039898e-03 2.173771158788469909e-03 2.175942840758279991e-03 2.178114977855180167e-03 2.180287569560959964e-03 2.182460615359439835e-03 2.184634114736530141e-03 2.186808067180130103e-03 2.188982472180220178e-03 2.191157329228770115e-03 2.193332637819790133e-03 2.195508397449259796e-03 2.197684607615180055e-03 2.199861267817539850e-03 2.202038377558290100e-03 2.204215936341370145e-03 2.206393943672660049e-03 2.208572399060020064e-03 2.210751302013249861e-03 2.212930652044029986e-03 2.215110448666049794e-03 2.217290691394869975e-03 2.219471379747969819e-03 2.221652513244739852e-03 2.223834091406450171e-03 2.226016113756269961e-03 2.228198579819230200e-03 2.230381489122260086e-03 2.232564841194109844e-03 2.234748635565420114e-03 2.236932871768659934e-03 2.239117549338130210e-03 2.241302667809959813e-03 2.243488226722139840e-03 2.245674225614400013e-03 2.247860664028360038e-03 2.250047541507379980e-03 2.252234857596610140e-03 2.254422611843010134e-03 2.256610803795319840e-03 2.258799433004009954e-03 2.260988499021340109e-03 2.263178001401309862e-03 2.265367939699669975e-03 2.267558313473919812e-03 2.269749122283240116e-03
2.058958970987929873e-03 2.061105235122229987e-03 2.063251984925059800e-03 2.065399219754889947e-03 2.067546938972790113e-03 2.069695141942490182e-03 2.071843828030230181e-03 2.073992996604899931e-03 2.076142647037899826e-03 2.078292778703209800e-03 2.080443390977349850e-03 2.082594483239350123e-03 2.084746054870799913e-03 2.086898105255740113e-03 2.089050633780749951e-03 2.091203639834890177e-03 2.093357122809670103e-03 2.095511082099070152e-03 2.097665517099520181e-03 2.099820427209919856e-03 2.101975811831529803e-03 2.104131670368109951e-03 2.106288002225779887e-03 2.108444806813040105e-03 2.110602083540810171e-03 2.112759831822370177e-03 2.114918051073359870e-03 2.117076740711779960e-03 2.119235900157960019e-03 2.121395528834580171e-03 2.123555626166629892e-03 2.125716191581400200e-03 2.127877224508500139e-03 2.130038724379829888e-03 2.132200690629549970e-03 2.134363122694109879e-03 2.136526020012199933e-03 2.138689382024779907e-03 2.140853208175039993e-03 2.143017497908379990e-03 2.145182250672460038e-03 2.147347465917109986e-03 2.149513143094390101e-03 2.151679281658539899e-03 2.153845881065959925e-03 2.156012940775249923e-03 2.158180460247149848e-03 2.160348438944569797e-03 2.162516876332540132e-03 2.164685771878240104e-03 2.166855125050960122e-03 2.169024935322109993e-03 2.171195202165209816e-03 2.173365925055860057e-03 2.175537103471749788e-03 2.177708736892660160e-03 2.179880824800430137e-03 2.182053366678930045e-03 2.184226362014130094e-03 2.186399810294010169e-03 2.188573711008559835e-03 2.190748063649849888e-03 2.192922867711910064e-03 2.195098122690800155e-03 2.197273828084550171e-03 2.199449983393250100e-03 2.201626588118849991e-03 2.203803641765369851e-03 2.205981143838760001e-03 2.208159093846900206e-03 2.210337491299630037e-03 2.212516335708740196e-03 2.214695626587920036e-03 2.216875363452820019e-03 2.219055545820939820e-03 2.221236173211709863e-03 2.223417245146490015e-03 2.225598761148479821e-03 2.227780720742760130e-03 2.229963123456310016e-03 2.232145968817930010e-03 2.234329256358300216e-03 2.236512985609949954e-03 2.238697156107210054e-03 2.240881767386290052e-03 2.243066818985180177e-03 2.245252310443719874e-03 2.247438241303510199e-03 2.249624611107980173e-03 2.251811419402339944e-03 2.253998665733599870e-03 2.256186349650520211e-03 2.258374470703619803e-03 2.260563028445219860e-03 2.262752022429359838e-03 2.264941452211819990e-03 2.267131317350149985e-03 2.269321617403589984e-03 2.271512351933120070e-03 2.273703520501459824e-03 2.275895122672979849e-03
2.065019486848619981e-03 2.067166708938780132e-03 2.069314414655180033e-03 2.071462603364139943e-03 2.073611274434609963e-03 2.075760427238100211e-03 2.077910061148660007e-03 2.080060175542870066e-03 2.082210769799879794e-03 2.084361843301300171e-03 2.086513395431300027e-03 2.088665425576510196e-03 2.090817933126059951e-03 2.092970917471550108e-03 2.095124378007040024e-03 2.097278314129029809e-03 2.099432725236479846e-03 2.101587610730750073e-03 2.103742970015639886e-03 2.105898802497359942e-03 2.108055107584480125e-03 2.110211884687999799e-03 2.112369133221260204e-03 2.114526852599980019e-03 2.116685042242230207e-03 2.118843701568400191e-03 2.121002830001249891e-03 2.123162426965819957e-03 2.125322491889499853e-03 2.127483024201939823e-03 2.129644023335129817e-03 2.131805488723269824e-03 2.133967419802899976e-03 2.136129816012770008e-03 2.138292676793899973e-03 2.140456001589539914e-03 2.142619789845189807e-03 2.144784041008530179e-03 2.146948754529480214e-03 2.149113929860160029e-03 2.151279566454859880e-03 2.153445663770060109e-03 2.155612221264409899e-03 2.157779238398729871e-03 2.159946714635960045e-03 2.162114649441230097e-03 2.164283042281740094e-03 2.166451892626870216e-03 2.168621199948090120e-03 2.170790963718959802e-03 2.172961183415149985e-03 2.175131858514419998e-03 2.177302988496580046e-03 2.179474572843550194e-03 2.181646611039260181e-03 2.183819102569720116e-03 2.185992046922980141e-03 2.188165443589090101e-03 2.190339292060149851e-03 2.192513591830269788e-03 2.194688342395560016e-03 2.196863543254129903e-03 2.199039193906049926e-03 2.201215293853410210e-03 2.203391842600229897e-03 2.205568839652539970e-03 2.207746284518250120e-03 2.209924176707270174e-03 2.212102515731449812e-03 2.214281301104510050e-03 2.216460532342149920e-03 2.218640208961939787e-03 2.220820330483369923e-03 2.223000896427820144e-03 2.225181906318549844e-03 2.227363359680690179e-03 2.229545256041270095e-03 2.231727594929149971e-03 2.233910375875049811e-03 2.236093598411540134e-03 2.238277262073029832e-03 2.240461366395720202e-03 2.242645910917719868e-03 2.244830895178840085e-03 2.247016318720789895e-03 2.249202181087020004e-03 2.251388481822790000e-03 2.253575220475130189e-03 2.255762396592890170e-03 2.257950009726610030e-03 2.260138059428659987e-03 2.262326545253119832e-03 2.264515466755810148e-03 2.266704823494340021e-03 2.268894615027979966e-03 2.271084840917759941e-03 2.273275500726429886e-03 2.275466594018419816e-03 2.277658120359890136e-03 2.279850079318670054e-03 2.282042470464280132e-03
2.071081859319839902e-03 2.073230033125349810e-03 2.075378688538489797e-03 2.077527824933409796e-03 2.079677441686759911e-03 2.081827538177770213e-03 2.083978113788140154e-03 2.086129167902090169e-03 2.088280699906369924e-03 2.090432709190139914e-03 2.092585195145099837e-03 2.094738157165380171e-03 2.096891594647559958e-03 2.099045506990659862e-03 2.101199893596140001e-03 2.103354753867860052e-03 2.105510087212100062e-03 2.107665893037510146e-03 2.109822170755149950e-03 2.111978919778440076e-03 2.114136139523169894e-03 2.116293829407470215e-03 2.118451988851830208e-03 2.120610617279050127e-03 2.122769714114259958e-03 2.124929278784889932e-03 2.127089310720700014e-03 2.129249809353710079e-03 2.131410774118209887e-03 2.133572204450789878e-03 2.135734099790289990e-03 2.137896459577770178e-03 2.140059283256569821e-03 2.142222570272240070e-03 2.144386320072519999e-03 2.146550532107419865e-03 2.148715205829090143e-03 2.150880340691909993e-03 2.153045936152410064e-03 2.155211991669320204e-03 2.157378506703490090e-03 2.159545480717949949e-03 2.161712913177880196e-03 2.163880803550559829e-03 2.166049151305399819e-03 2.168217955913950053e-03 2.170387216849809994e-03 2.172556933588740136e-03 2.174727105608540139e-03 2.176897732389090033e-03 2.179068813412339805e-03 2.181240348162319809e-03 2.183412336125060103e-03 2.185584776788679785e-03 2.187757669643299822e-03 2.189931014181059968e-03 2.192104809896149985e-03 2.194279056284699925e-03 2.196453752844879873e-03 2.198628899076850076e-03 2.200804494482710202e-03 2.202980538566580004e-03 2.205157030834490033e-03 2.207333970794460136e-03 2.209511357956420088e-03 2.211689191832269877e-03 2.213867471935799906e-03 2.216046197782730025e-03 2.218225368890729913e-03 2.220404984779309789e-03 2.222585044969900211e-03 2.224765548985810013e-03 2.226946496352230197e-03 2.229127886596249993e-03 2.231309719246750162e-03 2.233491993834510123e-03 2.235674709892159807e-03 2.237857866954150177e-03 2.240041464556740206e-03 2.242225502238049794e-03 2.244409979537999918e-03 2.246594895998280106e-03 2.248780251162439941e-03 2.250966044575749853e-03 2.253152275785309973e-03 2.255338944339999822e-03 2.257526049790409793e-03 2.259713591688959980e-03 2.261901569589760096e-03 2.264089983048700114e-03 2.266278831623399961e-03 2.268468114873209950e-03 2.270657832359189963e-03 2.272847983644119864e-03 2.275038568292489950e-03 2.277229585870470165e-03 2.279421035945979924e-03 2.281612918088550199e-03 2.283805231869430203e-03 2.285997976861540125e-03 2.288191152639459849e-03
2.077146069785480113e-03 2.079295189136909795e-03 2.081444788100809875e-03 2.083594866058950060e-03 2.085745422395640127e-03 2.087896456497690019e-03 2.090047967754369955e-03 2.092199955557429939e-03 2.094352419301079814e-03 2.096505358381990126e-03 2.098658772199230114e-03 2.100812660154350101e-03 2.102967021651289993e-03 2.105121856096380147e-03 2.107277162898369988e-03 2.109432941468379879e-03 2.111589191219909786e-03 2.113745911568799818e-03 2.115903101933260151e-03 2.118060761733870159e-03 2.120218890393469995e-03 2.122377487337289825e-03 2.124536551992830136e-03 2.126696083789879951e-03 2.128856082160550216e-03 2.131016546539220031e-03 2.133177476362510191e-03 2.135338871069349977e-03 2.137500730100870029e-03 2.139663052900460036e-03 2.141825838913740104e-03 2.143989087588529970e-03 2.146152798374890199e-03 2.148316970725029813e-03 2.150481604093409937e-03 2.152646697936620203e-03 2.154812251713429921e-03 2.156978264884779842e-03 2.159144736913760042e-03 2.161311667265599940e-03 2.163479055407650092e-03 2.165646900809370043e-03 2.167815202942379935e-03 2.169983961280349920e-03 2.172153175299079957e-03 2.174322844476439965e-03 2.176492968292359845e-03 2.178663546228869815e-03 2.180834577770030154e-03 2.183006062401959824e-03 2.185177999612800039e-03 2.187350388892759807e-03 2.189523229734020079e-03 2.191696521630820058e-03 2.193870264079360050e-03 2.196044456577869990e-03 2.198219098626550023e-03 2.200394189727560099e-03 2.202569729385069845e-03 2.204745717105180067e-03 2.206922152395940102e-03 2.209099034767349982e-03 2.211276363731350027e-03 2.213454138801810005e-03 2.215632359494480123e-03 2.217811025327079931e-03 2.219990135819159983e-03 2.222169690492240175e-03 2.224349688869660131e-03 2.226530130476669835e-03 2.228711014840359817e-03 2.230892341489730101e-03 2.233074109955570079e-03 2.235256319770569967e-03 2.237438970469220190e-03 2.239622061587840003e-03 2.241805592664590074e-03 2.243989563239429975e-03 2.246173972854109951e-03 2.248358821052219916e-03 2.250544107379100125e-03 2.252729831381869788e-03 2.254915992609460035e-03 2.257102590612509833e-03 2.259289624943470066e-03 2.261477095156519835e-03 2.263665000807589880e-03 2.265853341454330053e-03 2.268042116656140104e-03 2.270231325974109843e-03 2.272420968971099794e-03 2.274611045211620206e-03 2.276801554261890029e-03 2.278992495689849927e-03 2.281183869065099828e-03 2.283375673958920170e-03 2.285567909944280149e-03 2.287760576595780030e-03 2.289953673489700161e-03 2.292147200203970177e-03 2.294341156318159894e-03
2.083212099841890048e-03 2.085362158639979951e-03 2.087512695078419869e-03 2.089663708546549842e-03 2.091815198436210079e-03 2.093967164141689787e-03 2.096119605059719795e-03 2.098272520589459979e-03 2.100425910132540028e-03 2.102579773092950154e-03 2.104734108877110051e-03 2.106888916893839836e-03 2.109044196554330126e-03 2.111199947272159819e-03 2.113356168463240148e-03 2.115512859545870192e-03 2.117670019940650142e-03 2.119827649070549821e-03 2.121985746360809805e-03 2.124144311239049843e-03 2.126303343135110130e-03 2.128462841481170136e-03 2.130622805711680084e-03 2.132783235263320185e-03 2.134944129575099946e-03 2.137105488088199886e-03 2.139267310246089921e-03 2.141429595494450007e-03 2.143592343281180111e-03 2.145755553056369856e-03 2.147919224272350127e-03 2.150083356383589855e-03 2.152247948846780154e-03 2.154413001120729799e-03 2.156578512666470181e-03 2.158744482947119996e-03 2.160910911427990199e-03 2.163077797576479916e-03 2.165245140862140198e-03 2.167412940756619812e-03 2.169581196733679981e-03 2.171749908269140182e-03 2.173919074840960104e-03 2.176088695929139904e-03 2.178258771015730184e-03 2.180429299584880128e-03 2.182600281122749897e-03 2.184771715117550094e-03 2.186943601059550008e-03 2.189115938440980031e-03 2.191288726756120131e-03 2.193461965501259953e-03 2.195635654174659789e-03 2.197809792276590041e-03 2.199984379309260097e-03 2.202159414776899866e-03 2.204334898185650055e-03 2.206510829043619847e-03 2.208687206860879965e-03 2.210864031149399785e-03 2.213041301423099814e-03 2.215219017197820033e-03 2.217397177991289967e-03 2.219575783323139966e-03 2.221754832714909877e-03 2.223934325690029960e-03 2.226114261773770153e-03 2.228294640493289937e-03 2.230475461377630104e-03 2.232656723957639894e-03 2.234838427766049854e-03 2.237020572337389875e-03 2.239203157208039929e-03 2.241386181916220095e-03 2.243569646001909897e-03 2.245753549006939808e-03 2.247937890474920129e-03 2.250122669951240117e-03 2.252307886983080133e-03 2.254493541119389956e-03 2.256679631910910033e-03 2.258866158910079972e-03 2.261053121671159974e-03 2.263240519750099860e-03 2.265428352704610196e-03 2.267616620094130200e-03 2.269805321479809960e-03 2.271994456424510003e-03 2.274184024492829914e-03 2.276374025251009896e-03 2.278564458267030076e-03 2.280755323110549796e-03 2.282946619352879854e-03 2.285138346567030208e-03 2.287330504327650133e-03 2.289523092211049899e-03 2.291716109795209882e-03 2.293909556659729822e-03 2.296103432385860049e-03 2.298297736556459848e-03 2.300492468756020013e-03
2.089279931294569983e-03 2.091430923509210102e-03 2.093582391414849832e-03 2.095734334408279852e-03 2.097886751888749807e-03 2.100039643257950103e-03 2.102193007919969832e-03 2.104346845281289836e-03 2.106501154750800055e-03 2.108655935739780010e-03 2.110811187661849799e-03 2.112966909933029942e-03 2.115123101971649877e-03 2.117279763198429924e-03 2.119436893036379804e-03 2.121594490910829866e-03 2.123752556249440190e-03 2.125911088482149852e-03 2.128070087041189929e-03 2.130229551361080033e-03 2.132389480878580171e-03 2.134549875032750160e-03 2.136710733264869828e-03 2.138872055018449861e-03 2.141033839739230060e-03 2.143196086875200166e-03 2.145358795876500108e-03 2.147521966195520184e-03 2.149685597286819967e-03 2.151849688607110084e-03 2.154014239615319876e-03 2.156179249772499813e-03 2.158344718541860101e-03 2.160510645388759830e-03 2.162677029780650170e-03 2.164843871187170209e-03 2.167011169080009913e-03 2.169178922932979946e-03 2.171347132222009937e-03 2.173515796425069986e-03 2.175684915022230072e-03 2.177854487495620162e-03 2.180024513329430202e-03 2.182194992009890179e-03 2.184365923025270110e-03 2.186537305865870074e-03 2.188709140023999827e-03 2.190881424994000053e-03 2.193054160272219812e-03 2.195227345356960159e-03 2.197400979748550046e-03 2.199575062949269983e-03 2.201749594463369829e-03 2.203924573797090038e-03 2.206100000458560174e-03 2.208275873957919917e-03 2.210452193807199792e-03 2.212628959520360206e-03 2.214806170613290142e-03 2.216983826603779843e-03 2.219161927011509966e-03 2.221340471358080205e-03 2.223519459166949878e-03 2.225698889963470019e-03 2.227878763274830035e-03 2.230059078630130132e-03 2.232239835560259882e-03 2.234421033597990165e-03 2.236602672277929801e-03 2.238784751136509935e-03 2.240967269711960190e-03 2.243150227544339886e-03 2.245333624175519828e-03 2.247517459149150215e-03 2.249701732010680154e-03 2.251886442307319929e-03 2.254071589588090008e-03 2.256257173403749920e-03 2.258443193306809964e-03 2.260629648851549857e-03 2.262816539594000084e-03 2.265003865091869909e-03 2.267191624904690058e-03 2.269379818593620160e-03 2.271568445721590130e-03 2.273757505853219937e-03 2.275946998554810065e-03 2.278136923394380106e-03 2.280327279941620194e-03 2.282518067767900106e-03 2.284709286446260160e-03 2.286900935551399935e-03 2.289093014659670036e-03 2.291285523349089869e-03 2.293478461199309915e-03 2.295671827791590045e-03 2.297865622708849826e-03 2.300059845535629924e-03 2.302254495858079963e-03 2.304449573263939871e-03 2.306645077342559837e-03
2.095349546155339960e-03 2.097501465824650000e-03 2.099653859258040090e-03 2.101806725859670013e-03 2.103960065036099975e-03 2.106113876196310120e-03 2.108268158751629845e-03 2.110422912115759910e-03 2.112578135704810175e-03 2.114733828937189874e-03 2.116889991233630169e-03 2.119046622017270020e-03 2.121203720713500055e-03 2.123361286750029796e-03 2.125519319556889823e-03 2.127677818566370196e-03 2.129836783213069889e-03 2.131996212933830008e-03 2.134156107167729886e-03 2.136316465356159940e-03 2.138477286942669885e-03 2.140638571373100138e-03 2.142800318095479904e-03 2.144962526560030211e-03 2.147125196219189930e-03 2.149288326527590189e-03 2.151451916942030088e-03 2.153615966921470191e-03 2.155780475927039901e-03 2.157945443422000162e-03 2.160110868871789862e-03 2.162276751743920020e-03 2.164443091508080029e-03 2.166609887636040087e-03 2.168777139601659864e-03 2.170944846880930139e-03 2.173113008951879990e-03 2.175281625294650089e-03 2.177450695391409865e-03 2.179620218726429932e-03 2.181790194785990147e-03 2.183960623058409968e-03 2.186131503034070139e-03 2.188302834205329856e-03 2.190474616066570134e-03 2.192646848114209856e-03 2.194819529846599952e-03 2.196992660764140060e-03 2.199166240369160134e-03 2.201340268165969880e-03 2.203514743660840106e-03 2.205689666361990153e-03 2.207865035779580081e-03 2.210040851425720213e-03 2.212217112814409987e-03 2.214393819461599969e-03 2.216570970885129842e-03 2.218748566604740111e-03 2.220926606142059959e-03 2.223105089020629803e-03 2.225284014765830168e-03 2.227463382904919850e-03 2.229643192967019870e-03 2.231823444483100032e-03 2.234004136985979789e-03 2.236185270010310026e-03 2.238366843092550081e-03 2.240548855770999829e-03 2.242731307585770200e-03 2.244914198078780138e-03 2.247097526793720174e-03 2.249281293276080181e-03 2.251465497073139831e-03 2.253650137733959925e-03 2.255835214809319943e-03 2.258020727851800004e-03 2.260206676415740107e-03 2.262393060057169870e-03 2.264579878333910015e-03 2.266767130805460041e-03 2.268954817033090165e-03 2.271142936579729869e-03 2.273331489010069813e-03 2.275520473890439970e-03 2.277709890788909806e-03 2.279899739275209787e-03 2.282090018920759997e-03 2.284280729298619837e-03 2.286471869983560008e-03 2.288663440551960172e-03 2.290855440581880068e-03 2.293047869653000101e-03 2.295240727346649964e-03 2.297434013245770040e-03 2.299627726934950003e-03 2.301821868000349883e-03 2.304016436029789842e-03 2.306211430612640015e-03 2.308406851339899878e-03 2.310602697804130159e-03 2.312798969599500105e-03
2.101420926639630156e-03 2.103573767869010205e-03 2.105727080957710100e-03 2.107880865317109977e-03 2.110035120361009910e-03 2.112189845505570065e-03 2.114345040169279908e-03 2.116500703772959940e-03 2.118656835739809834e-03 2.120813435495270093e-03 2.122970502467159959e-03 2.125128036085549912e-03 2.127286035782819783e-03 2.129444500993620155e-03 2.131603431154870196e-03 2.133762825705729903e-03 2.135922684087630027e-03 2.138083005744220028e-03 2.140243790121379788e-03 2.142405036667220045e-03 2.144566744832009965e-03 2.146728914068299875e-03 2.148891543830739985e-03 2.151054633576210059e-03 2.153218182763720102e-03 2.155382190854500130e-03 2.157546657311850118e-03 2.159711581601260130e-03 2.161876963190340062e-03 2.164042801548810100e-03 2.166209096148519805e-03 2.168375846463380021e-03 2.170543051969440074e-03 2.172710712144810142e-03 2.174878826469669926e-03 2.177047394426269954e-03 2.179216415498919871e-03 2.181385889173959817e-03 2.183555814939789914e-03 2.185726192286819962e-03 2.187897020707489822e-03 2.190068299696229948e-03 2.192240028749499990e-03 2.194412207365760165e-03 2.196584835045410113e-03 2.198757911290850041e-03 2.200931435606449937e-03 2.203105407498550002e-03 2.205279826475409904e-03 2.207454692047249988e-03 2.209630003726220041e-03 2.211805761026400165e-03 2.213981963463760010e-03 2.216158610556229897e-03 2.218335701823579819e-03 2.220513236787500112e-03 2.222691214971569788e-03 2.224869635901230089e-03 2.227048499103800091e-03 2.229227804108439848e-03 2.231407550446179878e-03 2.233587737649869991e-03 2.235768365254230030e-03 2.237949432795770070e-03 2.240130939812819914e-03 2.242312885845579827e-03 2.244495270435950107e-03 2.246678093127730137e-03 2.248861353466440147e-03 2.251045050999400145e-03 2.253229185275709961e-03 2.255413755846220197e-03 2.257598762263540032e-03 2.259784204082060204e-03 2.261970080857860204e-03 2.264156392148789811e-03 2.266343137514420080e-03 2.268530316516039879e-03 2.270717928716639838e-03 2.272905973680950081e-03 2.275094450975350020e-03 2.277283360167949890e-03 2.279472700828520052e-03 2.281662472528510083e-03 2.283852674841060047e-03 2.286043307340940214e-03 2.288234369604600065e-03 2.290425861210130132e-03 2.292617781737249852e-03 2.294810130767330116e-03 2.297002907883379831e-03 2.299196112669989970e-03 2.301389744713389952e-03 2.303583803601409914e-03 2.305778288923489815e-03 2.307973200270649946e-03 2.310168537235500041e-03 2.312364299412240139e-03 2.314560486396629799e-03 2.316757097785999801e-03 2.318954133179240013e-03
2.107494055163370086e-03 2.109647812124609834e-03 2.111802039062209927e-03 2.113956735394730089e-03 2.116111900543080158e-03 2.118267533930510114e-03 2.120423634982560208e-03 2.122580203127099989e-03 2.124737237794290141e-03 2.126894738416549961e-03 2.129052704428630212e-03 2.131211135267489960e-03 2.133370030372389817e-03 2.135529389184809973e-03 2.137689211148470145e-03 2.139849495709330012e-03 2.142010242315550185e-03 2.144171450417490035e-03 2.146333119467729814e-03 2.148495248921009938e-03 2.150657838234260044e-03 2.152820886866599857e-03 2.154984394279259828e-03 2.157148359935650087e-03 2.159312783301310136e-03 2.161477663843910154e-03 2.163643001033230175e-03 2.165808794341180041e-03 2.167975043241759936e-03 2.170141747211049976e-03 2.172308905727240134e-03 2.174476518270540039e-03 2.176644584323299964e-03 2.178813103369879860e-03 2.180982074896660201e-03 2.183151498392120037e-03 2.185321373346719911e-03 2.187491699252949989e-03 2.189662475605330064e-03 2.191833701900340169e-03 2.194005377636509910e-03 2.196177502314300076e-03 2.198350075436159880e-03 2.200523096506539975e-03 2.202696565031810050e-03 2.204870480520290058e-03 2.207044842482250215e-03 2.209219650429910132e-03 2.211394903877399783e-03 2.213570602340739994e-03 2.215746745337900114e-03 2.217923332388729938e-03 2.220100363014950156e-03 2.222277836740220013e-03 2.224455753089989857e-03 2.226634111591659863e-03 2.228812911774449932e-03 2.230992153169420074e-03 2.233171835309479946e-03 2.235351957729400131e-03 2.237532519965730170e-03 2.239713521556870122e-03 2.241894962043029793e-03 2.244076840966230044e-03 2.246259157870229926e-03 2.248441912300669799e-03 2.250625103804880078e-03 2.252808731932010033e-03 2.254992796232980091e-03 2.257177296260429785e-03 2.259362231568800162e-03 2.261547601714200204e-03 2.263733406254549944e-03 2.265919644749459904e-03 2.268106316760250176e-03 2.270293421849979912e-03 2.272480959583390078e-03 2.274668929526939883e-03 2.276857331248749970e-03 2.279046164318670065e-03 2.281235428308180102e-03 2.283425122790440093e-03 2.285615247340290132e-03 2.287805801534210058e-03 2.289996784950339842e-03 2.292188197168440120e-03 2.294380037769919948e-03 2.296572306337799942e-03 2.298765002456769953e-03 2.300958125713049862e-03 2.303151675694550034e-03 2.305345651990719971e-03 2.307540054192629836e-03 2.309734881892940104e-03 2.311930134685869897e-03 2.314125812167229946e-03 2.316321913934380090e-03 2.318518439586250094e-03 2.320715388723340079e-03 2.322912760947669786e-03 2.325110555862789849e-03
2.113568914340830177e-03 2.115723581271160020e-03 2.117878716316439879e-03 2.120034318902289799e-03 2.122190388456650020e-03 2.124346924409760157e-03 2.126503926194110196e-03 2.128661393244499905e-03 2.130819324997989834e-03 2.132977720893890032e-03 2.135136580373750079e-03 2.137295902881359948e-03 2.139455687862750009e-03 2.141615934766139852e-03 2.143776643041969947e-03 2.145937812142879961e-03 2.148099441523690107e-03 2.150261530641379894e-03 2.152424078955119790e-03 2.154587085926230015e-03 2.156750551018180116e-03 2.158914473696569875e-03 2.161078853429140162e-03 2.163243689685729991e-03 2.165408981938309919e-03 2.167574729660930004e-03 2.169740932329760133e-03 2.171907589423030180e-03 2.174074700421030001e-03 2.176242264806150205e-03 2.178410282062820131e-03 2.180578751677480099e-03 2.182747673138659902e-03 2.184917045936899879e-03 2.187086869564740070e-03 2.189257143516740167e-03 2.191427867289469974e-03 2.193599040381479914e-03 2.195770662293320113e-03 2.197942732527490093e-03 2.200115250588479971e-03 2.202288215982720152e-03 2.204461628218599978e-03 2.206635486806459920e-03 2.208809791258539972e-03 2.210984541089019983e-03 2.213159735814000141e-03 2.215335374951500104e-03 2.217511458021409997e-03 2.219687984545529874e-03 2.221864954047529823e-03 2.224042366052969913e-03 2.226220220089239910e-03 2.228398515685649922e-03 2.230577252373289882e-03 2.232756429685150111e-03 2.234936047156019841e-03 2.237116104322510197e-03 2.239296600723090190e-03 2.241477535897999987e-03 2.243658909389289937e-03 2.245840720740810165e-03 2.248022969498210139e-03 2.250205655208910045e-03 2.252388777422079970e-03 2.254572335688679804e-03 2.256756329561420207e-03 2.258940758594760005e-03 2.261125622344890146e-03 2.263310920369760153e-03 2.265496652229020014e-03 2.267682817484030153e-03 2.269869415697910002e-03 2.272056446435449968e-03 2.274243909263130078e-03 2.276431803749139927e-03 2.278620129463350061e-03 2.280808885977299826e-03 2.282998072864190001e-03 2.285187689698900144e-03 2.287377736057969943e-03 2.289568211519539803e-03 2.291759115663460130e-03 2.293950448071149957e-03 2.296142208325700155e-03 2.298334396011800142e-03 2.300527010715750029e-03 2.302720052025470157e-03 2.304913519530479848e-03 2.307107412821860111e-03 2.309301731492329965e-03 2.311496475136150166e-03 2.313691643349150093e-03 2.315887235728749868e-03 2.318083251873920021e-03 2.320279691385159805e-03 2.322476553864560086e-03 2.324673838915730043e-03 2.326871546143789802e-03 2.329069675155419870e-03 2.331268225558799992e-03
2.119645486981279817e-03 2.121801058182510007e-03 2.123957095658539785e-03 2.126113598841929825e-03 2.128270567167550153e-03 2.130428000072539813e-03 2.132585896996270006e-03 2.134744257380350157e-03 2.136903080668679962e-03 2.139062366307300199e-03 2.141222113744540179e-03 2.143382322430889813e-03 2.145542991819059889e-03 2.147704121363930036e-03 2.149865710522569969e-03 2.152027758754200028e-03 2.154190265520199848e-03 2.156353230284110099e-03 2.158516652511589980e-03 2.160680531670450179e-03 2.162844867230589996e-03 2.165009658664049808e-03 2.167174905444949930e-03 2.169340607049480198e-03 2.171506762955980208e-03 2.173673372644780149e-03 2.175840435598340016e-03 2.178007951301119943e-03 2.180175919239679943e-03 2.182344338902559785e-03 2.184513209780380039e-03 2.186682531365720210e-03 2.188852303153219787e-03 2.191022524639510156e-03 2.193193195323179905e-03 2.195364314704849849e-03 2.197535882287069819e-03 2.199707897574390211e-03 2.201880360073309954e-03 2.204053269292250046e-03 2.206226624741609941e-03 2.208400425933689914e-03 2.210574672382750044e-03 2.212749363604920010e-03 2.214924499118270211e-03 2.217100078442760160e-03 2.219276101100209862e-03 2.221452566614380043e-03 2.223629474510869803e-03 2.225806824317130058e-03 2.227984615562499972e-03 2.230162847778150142e-03 2.232341520497089973e-03 2.234520633254189793e-03 2.236700185586089785e-03 2.238880177031320109e-03 2.241060607130169937e-03 2.243241475424729951e-03 2.245422781458920099e-03 2.247604524778430181e-03 2.249786704930689923e-03 2.251969321464980002e-03 2.254152373932269849e-03 2.256335861885329971e-03 2.258519784878649985e-03 2.260704142468510178e-03 2.262888934212850100e-03 2.265074159671389992e-03 2.267259818405570077e-03 2.269445909978499813e-03 2.271632433955049837e-03 2.273819389901720125e-03 2.276006777386770097e-03 2.278194595980110194e-03 2.280382845253300147e-03 2.282571524779610124e-03 2.284760634133950041e-03 2.286950172892899917e-03 2.289140140634660005e-03 2.291330536939099796e-03 2.293521361387709876e-03 2.295712613563589792e-03 2.297904293051490111e-03 2.300096399437749975e-03 2.302288932310330057e-03 2.304481891258780037e-03 2.306675275874239903e-03 2.308869085749449927e-03 2.311063320478719870e-03 2.313257979657909903e-03 2.315453062884490019e-03 2.317648569757470214e-03 2.319844499877390075e-03 2.322040852846359981e-03 2.324237628268039854e-03 2.326434825747580176e-03 2.328632444891710028e-03 2.330830485308649919e-03 2.333028946608120026e-03 2.335227828401390069e-03 2.337427130301189971e-03
2.125723756087119932e-03 2.127880225924770174e-03 2.130037160218009856e-03 2.132194558406270025e-03 2.134352419931259855e-03 2.136510744236899857e-03 2.138669530769350072e-03 2.140828778976980144e-03 2.142988488310360214e-03 2.145148658222260050e-03 2.147309288167619998e-03 2.149470377603580028e-03 2.151631925989439843e-03 2.153793932786639796e-03 2.155956397458779969e-03 2.158119319471589817e-03 2.160282698292939878e-03 2.162446533392790166e-03 2.164610824243250013e-03 2.166775570318500016e-03 2.168940771094799835e-03 2.171106426050539804e-03 2.173272534666139885e-03 2.175439096424070049e-03 2.177606110808900149e-03 2.179773577307220125e-03 2.181941495407649974e-03 2.184109864600850166e-03 2.186278684379489978e-03 2.188447954238240123e-03 2.190617673673800076e-03 2.192787842184820007e-03 2.194958459271960198e-03 2.197129524437859815e-03 2.199301037187100048e-03 2.201472997026250079e-03 2.203645403463779916e-03 2.205818256010150160e-03 2.207991554177720066e-03 2.210165297480790048e-03 2.212339485435560037e-03 2.214514117560139900e-03 2.216689193374549866e-03 2.218864712400700143e-03 2.221040674162340182e-03 2.223217078185150183e-03 2.225393923996640041e-03 2.227571211126190120e-03 2.229748939105039972e-03 2.231927107466240203e-03 2.234105715744700172e-03 2.236284763477149832e-03 2.238464250202109804e-03 2.240644175459969873e-03 2.242824538792850212e-03 2.245005339744730183e-03 2.247186577861319968e-03 2.249368252690149908e-03 2.251550363780489838e-03 2.253732910683409803e-03 2.255915892951689851e-03 2.258099310139889855e-03 2.260283161804310052e-03 2.262467447502969787e-03 2.264652166795630070e-03 2.266837319243750204e-03 2.269022904410519879e-03 2.271208921860820139e-03 2.273395371161239867e-03 2.275582251880040215e-03 2.277769563587190172e-03 2.279957305854310185e-03 2.282145478254699912e-03 2.284334080363320009e-03 2.286523111756770012e-03 2.288712572013319995e-03 2.290902460712880215e-03 2.293092777436949933e-03 2.295283521768720202e-03 2.297474693292949829e-03 2.299666291596049947e-03 2.301858316265979927e-03 2.304050766892360141e-03 2.306243643066360066e-03 2.308436944380759873e-03 2.310630670429920062e-03 2.312824820809739838e-03 2.315019395117710009e-03 2.317214392952890011e-03 2.319409813915849789e-03 2.321605657608769979e-03 2.323801923635310067e-03 2.325998611600679951e-03 2.328195721111639936e-03 2.330393251776440022e-03 2.332591203204859801e-03 2.334789575008179834e-03 2.336988366799179918e-03 2.339187578192149924e-03 2.341387208802839931e-03 2.343587258248520065e-03
2.131803704850319860e-03 2.133961067752739808e-03 2.136118893312210013e-03 2.138277180974939955e-03 2.140435930189369968e-03 2.142595140406149991e-03 2.144754811078110075e-03 2.146914941660259951e-03 2.149075531609819824e-03 2.151236580386130161e-03 2.153398087450709812e-03 2.155560052267220007e-03 2.157722474301460025e-03 2.159885353021359818e-03 2.162048687896960062e-03 2.164212478400419967e-03 2.166376724005989948e-03 2.168541424189989950e-03 2.170706578430860179e-03 2.172872186209089986e-03 2.175038247007230006e-03 2.177204760309889991e-03 2.179371725603730138e-03 2.181539142377429859e-03 2.183707010121699928e-03 2.185875328329279881e-03 2.188044096494909819e-03 2.190213314115320008e-03 2.192382980689249958e-03 2.194553095717399847e-03 2.196723658702469991e-03 2.198894669149100128e-03 2.201066126563910180e-03 2.203238030455439977e-03 2.205410380334190019e-03 2.207583175712599793e-03 2.209756416104990094e-03 2.211930101027639785e-03 2.214104229998719881e-03 2.216278802538290075e-03 2.218453818168300042e-03 2.220629276412589871e-03 2.222805176796880094e-03 2.224981518848720072e-03 2.227158302097559991e-03 2.229335526074670195e-03 2.231513190313169810e-03 2.233691294348009830e-03 2.235869837715990030e-03 2.238048819955670062e-03 2.240228240607470070e-03 2.242408099213599997e-03 2.244588395318040074e-03 2.246769128466610203e-03 2.248950298206829884e-03 2.251131904088060024e-03 2.253313945661400159e-03 2.255496422479680210e-03 2.257679334097519898e-03 2.259862680071249817e-03 2.262046459958940055e-03 2.264230673320400192e-03 2.266415319717129864e-03 2.268600398712389884e-03 2.270785909871079946e-03 2.272971852759840105e-03 2.275158226946990062e-03 2.277345032002520055e-03 2.279532267498119921e-03 2.281719933007110134e-03 2.283908028104519872e-03 2.286096552366969920e-03 2.288285505372790202e-03 2.290474886701920031e-03 2.292664695935919816e-03 2.294854932658000127e-03 2.297045596452970077e-03 2.299236686907279829e-03 2.301428203608939932e-03 2.303620146147599811e-03 2.305812514114500070e-03 2.308005307102410034e-03 2.310198524705770005e-03 2.312392166520500000e-03 2.314586232144139836e-03 2.316780721175790148e-03 2.318975633216069886e-03 2.321170967867150145e-03 2.323366724732780185e-03 2.325562903418189852e-03 2.327759503530180216e-03 2.329956524677029902e-03 2.332153966468570108e-03 2.334351828516100045e-03 2.336550110432449815e-03 2.338748811831940083e-03 2.340947932330359957e-03 2.343147471545019896e-03 2.345347429094649799e-03 2.347547804599500049e-03 2.349748597681259980e-03
2.137885316650470127e-03 2.140043567108000210e-03 2.142202278444430008e-03 2.144361450112669803e-03 2.146521081567780067e-03 2.148681172267059934e-03 2.150841721669910153e-03 2.153002729237919830e-03 2.155164194434829993e-03 2.157326116726489794e-03 2.159488495580889900e-03 2.161651330468149917e-03 2.163814620860469821e-03 2.165978366232179826e-03 2.168142566059680105e-03 2.170307219821449897e-03 2.172472326998050110e-03 2.174637887072089926e-03 2.176803899528249788e-03 2.178970363853229789e-03 2.181137279535790008e-03 2.183304646066700199e-03 2.185472462938750204e-03 2.187640729646739973e-03 2.189809445687480004e-03 2.191978610559740161e-03 2.194148223764299990e-03 2.196318284803910111e-03 2.198488793183270111e-03 2.200659748409039811e-03 2.202831149989850114e-03 2.205002997436230142e-03 2.207175290260680097e-03 2.209348027977600139e-03 2.211521210103289947e-03 2.213694836155989925e-03 2.215868905655820047e-03 2.218043418124789837e-03 2.220218373086780151e-03 2.222393770067560091e-03 2.224569608594750142e-03 2.226745888197829981e-03 2.228922608408150183e-03 2.231099768758870207e-03 2.233277368784990051e-03 2.235455408023349824e-03 2.237633886012579867e-03 2.239812802293150197e-03 2.241992156407309790e-03 2.244171947899100024e-03 2.246352176314369859e-03 2.248532841200719893e-03 2.250713942107530115e-03 2.252895478585959909e-03 2.255077450188889936e-03 2.257259856470989791e-03 2.259442696988639941e-03 2.261625971299949939e-03 2.263809678964770131e-03 2.265993819544679950e-03 2.268178392602929801e-03 2.270363397704510018e-03 2.272548834416100120e-03 2.274734702306060140e-03 2.276921000944420216e-03 2.279107729902920057e-03 2.281294888754920036e-03 2.283482477075490097e-03 2.285670494441319981e-03 2.287858940430759994e-03 2.290047814623790215e-03 2.292237116602020060e-03 2.294426845948699997e-03 2.296617002248709828e-03 2.298807585088490178e-03 2.300998594056120113e-03 2.303190028741310211e-03 2.305381888735289798e-03 2.307574173630930117e-03 2.309766883022660190e-03 2.311960016506489808e-03 2.314153573679950116e-03 2.316347554142209834e-03 2.318541957493910032e-03 2.320736783337279917e-03 2.322932031276099974e-03 2.325127700915639948e-03 2.327323791862710017e-03 2.329520303725679878e-03 2.331717236114359913e-03 2.333914588640149945e-03 2.336112360915870104e-03 2.338310552555890060e-03 2.340509163176040120e-03 2.342708192393659801e-03 2.344907639827520200e-03 2.347107505097909864e-03 2.349307787826539814e-03 2.351508487636609895e-03 2.353709604152760208e-03 2.355911137001069806e-03
2.143968575052379848e-03 2.146127707616519911e-03 2.148287299301519793e-03 2.150447349566879992e-03 2.152607857874259869e-03 2.154768823687449892e-03 2.156930246472379877e-03 2.159092125697099906e-03 2.161254460831789868e-03 2.163417251348729968e-03 2.165580496722299859e-03 2.167744196428959998e-03 2.169908349947269853e-03 2.172072956757840206e-03 2.174238016343340088e-03 2.176403528188530171e-03 2.178569491780159989e-03 2.180735906607039927e-03 2.182902772160029946e-03 2.185070087931949810e-03 2.187237853417670162e-03 2.189406068114070018e-03 2.191574731519969985e-03 2.193743843136219864e-03 2.195913402465600201e-03 2.198083409012889945e-03 2.200253862284820040e-03 2.202424761790050013e-03 2.204596107039190084e-03 2.206767897544769947e-03 2.208940132821269990e-03 2.211112812385040201e-03 2.213285935754379964e-03 2.215459502449450020e-03 2.217633511992310198e-03 2.219807963906919850e-03 2.221982857719090147e-03 2.224158192956490147e-03 2.226333969148670214e-03 2.228510185827009982e-03 2.230686842524740032e-03 2.232863938776899829e-03 2.235041474120379786e-03 2.237219448093880070e-03 2.239397860237900186e-03 2.241576710094759801e-03 2.243755997208530216e-03 2.245935721125119806e-03 2.248115881392189885e-03 2.250296477559149931e-03 2.252477509177220043e-03 2.254658975799339864e-03 2.256840876980189831e-03 2.259023212276240183e-03 2.261205981245619986e-03 2.263389183448249846e-03 2.265572818445739985e-03 2.267756885801389816e-03 2.269941385080239977e-03 2.272126315849019862e-03 2.274311677676109887e-03 2.276497470131619988e-03 2.278683692787309822e-03 2.280870345216610019e-03 2.283057426994600063e-03 2.285244937698049927e-03 2.287432876905319892e-03 2.289621244196449884e-03 2.291810039153110035e-03 2.293999261358569894e-03 2.296188910397740056e-03 2.298378985857140074e-03 2.300569487324869832e-03 2.302760414390679806e-03 2.304951766645850064e-03 2.307143543683280035e-03 2.309335745097449918e-03 2.311528370484389888e-03 2.313721419441710017e-03 2.315914891568579895e-03 2.318108786465719953e-03 2.320303103735359834e-03 2.322497842981329896e-03 2.324693003808940214e-03 2.326888585825059950e-03 2.329084588638060099e-03 2.331281011857829974e-03 2.333477855095759858e-03 2.335675117964750112e-03 2.337872800079169970e-03 2.340070901054929972e-03 2.342269420509360094e-03 2.344468358061299953e-03 2.346667713331049808e-03 2.348867485940390066e-03 2.351067675512520140e-03 2.353268281672130004e-03 2.355469304045339912e-03 2.357670742259689988e-03 2.359872595944190101e-03 2.362074864729240067e-03
2.150053463803080003e-03 2.152213473085630175e-03 2.154373939750880203e-03 2.156534863264799803e-03 2.158696243095520155e-03 2.160858078713310051e-03 2.163020369590480056e-03 2.165183115201480078e-03 2.167346315022859911e-03 2.169509968533219792e-03 2.171674075213229915e-03 2.173838634545649951e-03 2.176003646015260088e-03 2.178169109108920014e-03 2.180335023315470040e-03 2.182501388125829972e-03 2.184668203032899807e-03 2.186835467531610035e-03 2.189003181118860056e-03 2.191171343293590174e-03 2.193339953556660161e-03 2.195509011410929929e-03 2.197678516361259958e-03 2.199848467914389868e-03 2.202018865579069822e-03 2.204189708865949941e-03 2.206360997287640149e-03 2.208532730358649891e-03 2.210704907595409819e-03 2.212877528516250109e-03 2.215050592641419971e-03 2.217224099493000054e-03 2.219398048595019966e-03 2.221572439473349855e-03 2.223747271655709956e-03 2.225922544671700073e-03 2.228098258052740172e-03 2.230274411332129787e-03 2.232451004044969968e-03 2.234628035728190160e-03 2.236805505920549941e-03 2.238983414162580045e-03 2.241161759996659984e-03 2.243340542966939990e-03 2.245519762619350122e-03 2.247699418501589858e-03 2.249879510163150208e-03 2.252060037155279894e-03 2.254240999030980141e-03 2.256422395344979959e-03 2.258604225653759994e-03 2.260786489515559904e-03 2.262969186490309832e-03 2.265152316139659901e-03 2.267335878026980212e-03 2.269519871717350003e-03 2.271704296777539867e-03 2.273889152775980093e-03 2.276074439282820081e-03 2.278260155869880205e-03 2.280446302110610175e-03 2.282632877580170142e-03 2.284819881855340053e-03 2.287007314514540035e-03 2.289195175137849914e-03 2.291383463307000105e-03 2.293572178605280103e-03 2.295761320617639972e-03 2.297950888930659977e-03 2.300140883132489877e-03 2.302331302812890123e-03 2.304522147563200195e-03 2.306713416976369831e-03 2.308905110646919997e-03 2.311097228170889972e-03 2.313289769145960087e-03 2.315482733171339829e-03 2.317676119847760039e-03 2.319869928777530156e-03 2.322064159564500054e-03 2.324258811814020140e-03 2.326453885132989934e-03 2.328649379129839846e-03 2.330845293414470030e-03 2.333041627598320209e-03 2.335238381294340183e-03 2.337435554116939953e-03 2.339633145682030058e-03 2.341831155607009864e-03 2.344029583510739805e-03 2.346228429013570010e-03 2.348427691737309947e-03 2.350627371305199793e-03 2.352827467341949905e-03 2.355027979473720001e-03 2.357228907328090105e-03 2.359430250534100010e-03 2.361632008722199839e-03 2.363834181524250046e-03 2.366036768573560010e-03 2.368239769504809980e-03
2.156139966829609921e-03 2.158300847501909946e-03 2.160462183838320147e-03 2.162623975311210069e-03 2.164786221395109851e-03 2.166948921566620029e-03 2.169112075304409793e-03 2.171275682089210055e-03 2.173439741403869821e-03 2.175604252733200072e-03 2.177769215564109937e-03 2.179934629385549879e-03 2.182100493688460090e-03 2.184266807965829903e-03 2.186433571712630142e-03 2.188600784425840003e-03 2.190768445604430147e-03 2.192936554749350120e-03 2.195105111363510140e-03 2.197274114951810152e-03 2.199443565021070007e-03 2.201613461080100149e-03 2.203783802639610115e-03 2.205954589212240184e-03 2.208125820312570060e-03 2.210297495457100216e-03 2.212469614164199860e-03 2.214642175954169810e-03 2.216815180349180053e-03 2.218988626873290120e-03 2.221162515052410059e-03 2.223336844414339902e-03 2.225511614488719786e-03 2.227686824807049906e-03 2.229862474902640206e-03 2.232038564310659823e-03 2.234215092568110194e-03 2.236392059213769979e-03 2.238569463788260116e-03 2.240747305833980067e-03 2.242925584895149888e-03 2.245104300517720020e-03 2.247283452249480146e-03 2.249463039639969849e-03 2.251643062240449994e-03 2.253823519603989894e-03 2.256004411285370166e-03 2.258185736841130005e-03 2.260367495829549832e-03 2.262549687810590151e-03 2.264732312345980013e-03 2.266915368999119877e-03 2.269098857335120206e-03 2.271282776920820114e-03 2.273467127324689790e-03 2.275651908116929807e-03 2.277837118869400004e-03 2.280022759155599966e-03 2.282208828550720200e-03 2.284395326631600068e-03 2.286582252976700029e-03 2.288769607166150216e-03 2.290957388781700126e-03 2.293145597406709944e-03 2.295334232626170066e-03 2.297523294026699789e-03 2.299712781196480097e-03 2.301902693725320012e-03 2.304093031204620164e-03 2.306283793227339833e-03 2.308474979388049856e-03 2.310666589282849796e-03 2.312858622509449905e-03 2.315051078667080056e-03 2.317243957356550019e-03 2.319437258180170099e-03 2.321630980741850019e-03 2.323825124646980086e-03 2.326019689502490176e-03 2.328214674916850163e-03 2.330410080500020052e-03 2.332605905863449972e-03 2.334802150620140029e-03 2.336998814384520177e-03 2.339195896772559933e-03 2.341393397401689887e-03 2.343591315890809941e-03 2.345789651860310122e-03 2.347988404932009870e-03 2.350187574729200105e-03 2.352387160876640189e-03 2.354587163000520199e-03 2.356787580728440107e-03 2.358988413689499988e-03 2.361189661514149964e-03 2.363391323834309905e-03 2.365593400283310006e-03 2.367795890495879955e-03 2.369998794108129844e-03 2.372202110757619994e-03 2.374405840083259906e-03
2.162228068236779922e-03 2.164389815028909883e-03 2.166552015785850032e-03 2.168714669986329842e-03 2.170877777111150046e-03 2.173041336643219933e-03 2.175205348067419872e-03 2.177369810870720141e-03 2.179534724542130184e-03 2.181700088572660016e-03 2.183865902455340170e-03 2.186032165685219963e-03 2.188198877759340178e-03 2.190366038176720046e-03 2.192533646438379804e-03 2.194701702047299925e-03 2.196870204508409846e-03 2.199039153328610080e-03 2.201208548016750106e-03 2.203378388083610147e-03 2.205548673041889899e-03 2.207719402406240188e-03 2.209890575693190112e-03 2.212062192421180001e-03 2.214234252110560113e-03 2.216406754283559849e-03 2.218579698464289915e-03 2.220753084178730182e-03 2.222926910954720146e-03 2.225101178321949816e-03 2.227275885811980105e-03 2.229451032958179937e-03 2.231626619295780031e-03 2.233802644361810013e-03 2.235979107695110126e-03 2.238156008836359855e-03 2.240333347328009837e-03 2.242511122714320026e-03 2.244689334541309818e-03 2.246867982356810095e-03 2.249047065710389932e-03 2.251226584153389991e-03 2.253406537238919916e-03 2.255586924521820174e-03 2.257767745558659882e-03 2.259948999907770203e-03 2.262130687129160211e-03 2.264312806784620109e-03 2.266495358437579846e-03 2.268678341653230113e-03 2.270861755998400053e-03 2.273045601041670007e-03 2.275229876353240116e-03 2.277414581505030067e-03 2.279599716070590185e-03 2.281785279625150008e-03 2.283971271745600072e-03 2.286157692010449844e-03 2.288344539999849839e-03 2.290531815295619809e-03 2.292719517481149865e-03 2.294907646141489815e-03 2.297096200863269801e-03 2.299285181234750168e-03 2.301474586845749914e-03 2.303664417287739925e-03 2.305854672153699863e-03 2.308045351038240031e-03 2.310236453537529815e-03 2.312427979249299850e-03 2.314619927772819906e-03 2.316812298708940086e-03 2.319005091660020137e-03 2.321198306230000136e-03 2.323391942024309858e-03 2.325585998649929917e-03 2.327780475715350138e-03 2.329975372830579965e-03 2.332170689607109861e-03 2.334366425657969854e-03 2.336562580597650179e-03 2.338759154042129897e-03 2.340956145608889902e-03 2.343153554916860021e-03 2.345351381586460206e-03 2.347549625239570177e-03 2.349748285499509912e-03 2.351947361991060022e-03 2.354146854340460025e-03 2.356346762175329842e-03 2.358547085124819854e-03 2.360747822819410108e-03 2.362948974891059938e-03 2.365150540973119924e-03 2.367352520700360084e-03 2.369554913708929976e-03 2.371757719636419844e-03 2.373960938121760008e-03 2.376164568805310198e-03 2.378368611328800144e-03 2.380573065335290107e-03
2.168317752304459948e-03 2.170480360004410202e-03 2.172643419988950012e-03 2.174806931743049950e-03 2.176970894753730169e-03 2.179135308510069934e-03 2.181300172503149951e-03 2.183465486226039785e-03 2.185631249173879825e-03 2.187797460843729936e-03 2.189964120734699989e-03 2.192131228347870067e-03 2.194298783186260111e-03 2.196466784754890194e-03 2.198635232560699863e-03 2.200804126112610153e-03 2.202973464921439885e-03 2.205143248499969854e-03 2.207313476362879941e-03 2.209484148026769935e-03 2.211655263010149988e-03 2.213826820833409825e-03 2.215998821018849967e-03 2.218171263090620154e-03 2.220344146574760105e-03 2.222517470999160055e-03 2.224691235893589813e-03 2.226865440789629804e-03 2.229040085220730053e-03 2.231215168722159876e-03 2.233390690831000072e-03 2.235566651086159842e-03 2.237743049028349893e-03 2.239919884200079845e-03 2.242097156145659957e-03 2.244274864411179883e-03 2.246453008544499995e-03 2.248631588095240108e-03 2.250810602614809839e-03 2.252990051656350058e-03 2.255169934774749804e-03 2.257350251526640209e-03 2.259531001470390169e-03 2.261712184166079879e-03 2.263893799175509952e-03 2.266075846062190133e-03 2.268258324391330197e-03 2.270441233729839949e-03 2.272624573646320114e-03 2.274808343711029815e-03 2.276992543495929937e-03 2.279177172574619811e-03 2.281362230522380151e-03 2.283547716916130114e-03 2.285733631334429909e-03 2.287919973357489898e-03 2.290106742567160191e-03 2.292293938546869931e-03 2.294481560881720100e-03 2.296669609158389844e-03 2.298858082965169868e-03 2.301046981891929910e-03 2.303236305530169913e-03 2.305426053472950203e-03 2.307616225314880216e-03 2.309806820652190052e-03 2.311997839082639838e-03 2.314189280205550085e-03 2.316381143621809927e-03 2.318573428933829849e-03 2.320766135745569881e-03 2.322959263662510102e-03 2.325152812291670160e-03 2.327346781241590185e-03 2.329541170122280055e-03 2.331735978545310031e-03 2.333931206123720115e-03 2.336126852472059957e-03 2.338322917206329867e-03 2.340519399944070156e-03 2.342716300304240138e-03 2.344913617907270174e-03 2.347111352375109809e-03 2.349309503331089861e-03 2.351508070400049923e-03 2.353707053208239919e-03 2.355906451383360002e-03 2.358106264554530197e-03 2.360306492352319888e-03 2.362507134408690142e-03 2.364708190357060064e-03 2.366909659832200103e-03 2.369111542470310125e-03 2.371313837909009865e-03 2.373516545787269973e-03 2.375719665745470131e-03 2.377923197425369992e-03 2.380127140470100072e-03 2.382331494524140073e-03 2.384536259233370047e-03 2.386741434245000151e-03
2.174409003485559908e-03 2.176572466938499900e-03 2.178736381014610181e-03 2.180900745205020027e-03 2.183065559002890076e-03 2.185230821903410160e-03 2.187396533403699987e-03 2.189562693002950096e-03 2.191729300202270060e-03 2.193896354504760050e-03 2.196063855415480038e-03 2.198231802441449802e-03 2.200400195091629842e-03 2.202569032876930052e-03 2.204738315310149875e-03 2.206908041906059832e-03 2.209078212181310018e-03 2.211248825654440076e-03 2.213419881845929936e-03 2.215591380278120019e-03 2.217763320475219912e-03 2.219935701963320074e-03 2.222108524270380130e-03 2.224281786926209786e-03 2.226455489462450185e-03 2.228629631412599923e-03 2.230804212311979923e-03 2.232979231697739941e-03 2.235154689108829942e-03 2.237330584086010075e-03 2.239506916171870188e-03 2.241683684910730084e-03 2.243860889848750106e-03 2.246038530533850039e-03 2.248216606515700006e-03 2.250395117345739982e-03 2.252574062577179792e-03 2.254753441764960082e-03 2.256933254465750150e-03 2.259113500237970064e-03 2.261294178641749895e-03 2.263475289238920177e-03 2.265656831593089969e-03 2.267838805269479889e-03 2.270021209835040073e-03 2.272204044858429795e-03 2.274387309909959784e-03 2.276571004561629957e-03 2.278755128387099926e-03 2.280939680961679896e-03 2.283124661862329791e-03 2.285310070667690048e-03 2.287495906957970164e-03 2.289682170315080097e-03 2.291868860322510137e-03 2.294055976565389891e-03 2.296243518630450113e-03 2.298431486106010131e-03 2.300619878581999962e-03 2.302808695649969858e-03 2.304997936902970172e-03 2.307187601935720058e-03 2.309377690344450052e-03 2.311568201726980128e-03 2.313759135682649879e-03 2.315950491812419996e-03 2.318142269718720047e-03 2.320334469005549960e-03 2.322527089278440121e-03 2.324720130144450076e-03 2.326913591212139906e-03 2.329107472091580203e-03 2.331301772394379825e-03 2.333496491733619976e-03 2.335691629723849871e-03 2.337887185981160024e-03 2.340083160123089881e-03 2.342279551768649930e-03 2.344476360538319971e-03 2.346673586054069931e-03 2.348871227939290044e-03 2.351069285818809928e-03 2.353267759318960171e-03 2.355466648067450035e-03 2.357665951693459824e-03 2.359865669827580174e-03 2.362065802101799908e-03 2.364266348149569787e-03 2.366467307605720112e-03 2.368668680106459853e-03 2.370870465289449946e-03 2.373072662793710048e-03 2.375275272259629814e-03 2.377478293329020071e-03 2.379681725645029985e-03 2.381885568852180023e-03 2.384089822596380161e-03 2.386294486524870046e-03 2.388499560286239803e-03 2.390705043530459966e-03 2.392910935908789966e-03
2.180501806403640098e-03 2.182666120511139903e-03 2.184830883598950103e-03 2.186996095164270206e-03 2.189161754706319806e-03 2.191327861726309958e-03 2.193494415727369889e-03 2.195661416214639804e-03 2.197828862695210168e-03 2.199996754678060131e-03 2.202165091674169843e-03 2.204333873196429820e-03 2.206503098759630098e-03 2.208672767880500137e-03 2.210842880077639860e-03 2.213013434871579938e-03 2.215184431784709800e-03 2.217355870341300179e-03 2.219527750067500083e-03 2.221700070491329851e-03 2.223872831142629982e-03 2.226046031553130088e-03 2.228219671256359991e-03 2.230393749787700029e-03 2.232568266684359804e-03 2.234743221485340024e-03 2.236918613731449842e-03 2.239094442965319873e-03 2.241270708731350151e-03 2.243447410575740049e-03 2.245624548046440145e-03 2.247802120693199925e-03 2.249980128067510105e-03 2.252158569722619973e-03 2.254337445213500102e-03 2.256516754096909994e-03 2.258696495931300074e-03 2.260876670276839879e-03 2.263057276695450148e-03 2.265238314750719992e-03 2.267419784007949825e-03 2.269601684034170015e-03 2.271784014398049809e-03 2.273966774669959785e-03 2.276149964421950167e-03 2.278333583227700083e-03 2.280517630662589994e-03 2.282702106303630130e-03 2.284887009729480011e-03 2.287072340520440207e-03 2.289258098258430216e-03 2.291444282526990204e-03 2.293630892911280132e-03 2.295817928998100145e-03 2.298005390375799928e-03 2.300193276634370215e-03 2.302381587365369929e-03 2.304570322161930088e-03 2.306759480618779824e-03 2.308949062332219925e-03 2.311139066900069934e-03 2.313329493921780031e-03 2.315520342998270142e-03 2.317711613732070016e-03 2.319903305727199962e-03 2.322095418589239808e-03 2.324287951925269914e-03 2.326480905343899803e-03 2.328674278455259913e-03 2.330868070870959971e-03 2.333062282204140161e-03 2.335256912069390029e-03 2.337451960082839991e-03 2.339647425862059846e-03 2.341843309026099985e-03 2.344039609195480104e-03 2.346236325992200056e-03 2.348433459039679996e-03 2.350631007962819801e-03 2.352828972387960033e-03 2.355027351942859826e-03 2.357226146256699920e-03 2.359425354960139904e-03 2.361624977685220211e-03 2.363825014065369916e-03 2.366025463735499986e-03 2.368226326331850182e-03 2.370427601492100089e-03 2.372629288855300153e-03 2.374831388061889904e-03 2.377033898753690144e-03 2.379236820573909887e-03 2.381440153167099956e-03 2.383643896179179870e-03 2.385848049257440016e-03 2.388052612050500009e-03 2.390257584208349897e-03 2.392462965382309830e-03 2.394668755225020079e-03 2.396874953390470096e-03 2.399081559533959920e-03
2.186596145850230183e-03 2.188761305569509805e-03 2.190926912644549935e-03 2.193092966578560031e-03 2.195259466876699813e-03 2.197426413046139979e-03 2.199593804595929934e-03 2.201761641037100134e-03 2.203929921882600076e-03 2.206098646647280080e-03 2.208267814847919910e-03 2.210437426003190181e-03 2.212607479633660161e-03 2.214777975261789968e-03 2.216948912411910184e-03 2.219120290610220123e-03 2.221292109384799974e-03 2.223464368265540107e-03 2.225637066784220009e-03 2.227810204474440191e-03 2.229983780871620021e-03 2.232157795513019845e-03 2.234332247937710191e-03 2.236507137686550087e-03 2.238682464302220020e-03 2.240858227329169897e-03 2.243034426313659808e-03 2.245211060803679794e-03 2.247388130349030084e-03 2.249565634501269912e-03 2.251743572813679796e-03 2.253921944841290152e-03 2.256100750140909925e-03 2.258279988271039845e-03 2.260459658791900191e-03 2.262639761265449866e-03 2.264820295255339996e-03 2.267001260326920002e-03 2.269182656047260150e-03 2.271364481985070020e-03 2.273546737710790012e-03 2.275729422796489865e-03 2.277912536815919833e-03 2.280096079344499840e-03 2.282280049959280015e-03 2.284464448238980160e-03 2.286649273763909952e-03 2.288834526116060013e-03 2.291020204879029923e-03 2.293206309638019975e-03 2.295392839979839856e-03 2.297579795492919914e-03 2.299767175767259992e-03 2.301954980394500111e-03 2.304143208967799911e-03 2.306331861081920183e-03 2.308520936333209855e-03 2.310710434319540076e-03 2.312900354640380109e-03 2.315090696896730110e-03 2.317281460691109855e-03 2.319472645627629857e-03 2.321664251311869945e-03 2.323856277350979868e-03 2.326048723353589965e-03 2.328241588929890089e-03 2.330434873691509916e-03 2.332628577251619987e-03 2.334822699224900055e-03 2.337017239227460151e-03 2.339212196876939900e-03 2.341407571792410072e-03 2.343603363594439805e-03 2.345799571905070151e-03 2.347996196347749889e-03 2.350193236547410119e-03 2.352390692130430002e-03 2.354588562724619846e-03 2.356786847959189881e-03 2.358985547464830055e-03 2.361184660873619830e-03 2.363384187819019943e-03 2.365584127935979955e-03 2.367784480860760012e-03 2.369985246231099980e-03 2.372186423686069821e-03 2.374388012866139857e-03 2.376590013413179894e-03 2.378792424970409790e-03 2.380995247182409857e-03 2.383198479695169871e-03 2.385402122155979784e-03 2.387606174213509954e-03 2.389810635517769944e-03 2.392015505720109826e-03 2.394220784473210205e-03 2.396426471431090024e-03 2.398632566249080111e-03 2.400839068583840094e-03 2.403045978093330207e-03 2.405253294436839918e-03
2.192692006783310017e-03 2.194858007126529887e-03 2.197024453219020151e-03 2.199191344569890062e-03 2.201358680690229924e-03 2.203526461093049948e-03 2.205694685293259870e-03 2.207863352807690194e-03 2.210032463155090030e-03 2.212202015856059873e-03 2.214372010433130096e-03 2.216542446410689829e-03 2.218713323314989994e-03 2.220884640674159784e-03 2.223056398018169802e-03 2.225228594878839866e-03 2.227401230789819928e-03 2.229574305286590070e-03 2.231747817906470054e-03 2.233921768188579845e-03 2.236096155673820106e-03 2.238270979904939846e-03 2.240446240426450120e-03 2.242621936784620126e-03 2.244798068527540085e-03 2.246974635205050124e-03 2.249151636368749811e-03 2.251329071571959994e-03 2.253506940369809971e-03 2.255685242319100010e-03 2.257863976978410209e-03 2.260043143908009849e-03 2.262222742669909876e-03 2.264402772827800014e-03 2.266583233947089965e-03 2.268764125594879919e-03 2.270945447339960122e-03 2.273127198752780079e-03 2.275309379405479789e-03 2.277491988871849834e-03 2.279675026727360013e-03 2.281858492549099920e-03 2.284042385915840100e-03 2.286226706407960049e-03 2.288411453607449957e-03 2.290596627097990067e-03 2.292782226464779808e-03 2.294968251294729911e-03 2.297154701176289809e-03 2.299341575699510084e-03 2.301528874456049839e-03 2.303716597039139839e-03 2.305904743043569929e-03 2.308093312065740213e-03 2.310282303703550030e-03 2.312471717556529791e-03 2.314661553225710010e-03 2.316851810313649927e-03 2.319042488424499955e-03 2.321233587163889795e-03 2.323425106138999989e-03 2.325617044958509880e-03 2.327809403232630140e-03 2.330002180573069806e-03 2.332195376592999855e-03 2.334388990907149911e-03 2.336583023131669906e-03 2.338777472884239796e-03 2.340972339783979790e-03 2.343167623451479845e-03 2.345363323508820041e-03 2.347559439579489926e-03 2.349755971288470038e-03 2.351952918262159922e-03 2.354150280128399809e-03 2.356348056516449803e-03 2.358546247057040184e-03 2.360744851382269929e-03 2.362943869125650083e-03 2.365143299922150156e-03 2.367343143408100117e-03 2.369543399221219881e-03 2.371744067000650102e-03 2.373945146386890158e-03 2.376146637021840213e-03 2.378348538548750047e-03 2.380550850612259822e-03 2.382753572858339799e-03 2.384956704934360159e-03 2.387160246488999934e-03 2.389364197172309887e-03 2.391568556635679989e-03 2.393773324531789978e-03 2.395978500514729919e-03 2.398184084239850158e-03 2.400390075363819861e-03 2.402596473544650005e-03 2.404803278441659982e-03 2.407010489715429892e-03 2.409218107027879911e-03 2.411426130042200033e-03
2.198789374324649874e-03 2.200956210358150176e-03 2.203123490552239862e-03 2.205291214421899789e-03 2.207459381484019878e-03 2.209627991257399979e-03 2.211797043262719951e-03 2.213966537022540090e-03 2.216136472061330191e-03 2.218306847905380207e-03 2.220477664082880047e-03 2.222648920123860162e-03 2.224820615560189809e-03 2.226992749925580089e-03 2.229165322755570066e-03 2.231338333587529806e-03 2.233511781960620043e-03 2.235685667415819936e-03 2.237859989495920125e-03 2.240034747745469831e-03 2.242209941710809808e-03 2.244385570940090127e-03 2.246561634983189944e-03 2.248738133391740054e-03 2.250915065719160182e-03 2.253092431520590036e-03 2.255270230352900140e-03 2.257448461774710056e-03 2.259627125346360191e-03 2.261806220629870162e-03 2.263985747189029875e-03 2.266165704589259873e-03 2.268346092397720195e-03 2.270526910183250091e-03 2.272708157516339835e-03 2.274889833969200113e-03 2.277071939115660106e-03 2.279254472531219971e-03 2.281437433793020043e-03 2.283620822479889845e-03 2.285804638172230126e-03 2.287988880452110005e-03 2.290173548903230109e-03 2.292358643110880070e-03 2.294544162661939831e-03 2.296730107144959870e-03 2.298916476150009852e-03 2.301103269268800055e-03 2.303290486094599840e-03 2.305478126222260202e-03 2.307666189248199894e-03 2.309854674770389811e-03 2.312043582388359931e-03 2.314232911703220132e-03 2.316422662317560010e-03 2.318612833835569879e-03 2.320803425862920204e-03 2.322994438006830125e-03 2.325185869876020186e-03 2.327377721080750063e-03 2.329569991232750045e-03 2.331762679945260062e-03 2.333955786833010176e-03 2.336149311512230112e-03 2.338343253600589852e-03 2.340537612717299813e-03 2.342732388482969899e-03 2.344927580519680192e-03 2.347123188451019984e-03 2.349319211901969816e-03 2.351515650498979971e-03 2.353712503869899789e-03 2.355909771644080011e-03 2.358107453452230103e-03 2.360305548926510191e-03 2.362504057700479890e-03 2.364702979409110013e-03 2.366902313688789943e-03 2.369102060177279926e-03 2.371302218513750108e-03 2.373502788338729790e-03 2.375703769294129977e-03 2.377905161023279815e-03 2.380106963170819899e-03 2.382309175382769928e-03 2.384511797306520034e-03 2.386714828590790014e-03 2.388918268885670097e-03 2.391122117842559795e-03 2.393326375114199992e-03 2.395531040354699839e-03 2.397736113219430063e-03 2.399941593365100163e-03 2.402147480449760147e-03 2.404353774132739815e-03 2.406560474074670008e-03 2.408767579937499959e-03 2.410975091384440043e-03 2.413183008079999945e-03 2.415391329689970008e-03 2.417600055881429909e-03
2.204888233757740061e-03 2.207055900601319950e-03 2.209224010034439942e-03 2.211392561577809820e-03 2.213561554754070113e-03 2.215730989087730078e-03 2.217900864105159901e-03 2.220071179334589823e-03 2.222241934306130092e-03 2.224413128551669915e-03 2.226584761605000188e-03 2.228756833001709851e-03 2.230929342279210168e-03 2.233102288976739937e-03 2.235275672635319948e-03 2.237449492797779875e-03 2.239623749008760011e-03 2.241798440814640140e-03 2.243973567763589850e-03 2.246149129405579804e-03 2.248325125292279826e-03 2.250501554977159951e-03 2.252678418015399784e-03 2.254855713963950081e-03 2.257033442381459892e-03 2.259211602828309958e-03 2.261390194866600128e-03 2.263569218060139821e-03 2.265748671974429813e-03 2.267928556176640117e-03 2.270108870235700189e-03 2.272289613722119819e-03 2.274470786208159997e-03 2.276652387267710190e-03 2.278834416476300043e-03 2.281016873411150121e-03 2.283199757651089949e-03 2.285383068776600073e-03 2.287566806369799918e-03 2.289750970014400085e-03 2.291935559295760032e-03 2.294120573800810005e-03 2.296306013118129975e-03 2.298491876837849886e-03 2.300678164551709943e-03 2.302864875853039787e-03 2.305052010336699955e-03 2.307239567599179888e-03 2.309427547238499922e-03 2.311615948854229934e-03 2.313804772047479801e-03 2.315994016420940167e-03 2.318183681578800046e-03 2.320373767126800157e-03 2.322564272672180026e-03 2.324755197823720042e-03 2.326946542191699833e-03 2.329138305387890018e-03 2.331330487025589943e-03 2.333523086719560026e-03 2.335716104086059917e-03 2.337909538742819881e-03 2.340103390309069848e-03 2.342297658405450081e-03 2.344492342654110051e-03 2.346687442678659866e-03 2.348882958104109991e-03 2.351078888556940201e-03 2.353275233665080065e-03 2.355471993057869917e-03 2.357669166366069963e-03 2.359866753221890202e-03 2.362064753258910198e-03 2.364263166112170154e-03 2.366461991418039937e-03 2.368661228814340075e-03 2.370860877940280179e-03 2.373060938436419905e-03 2.375261409944720136e-03 2.377462292108510015e-03 2.379663584572499959e-03 2.381865286982720077e-03 2.384067398986609940e-03 2.386269920232910163e-03 2.388472850371730054e-03 2.390676189054529843e-03 2.392879935934089878e-03 2.395084090664489820e-03 2.397288652901200141e-03 2.399493622300939884e-03 2.401698998521789846e-03 2.403904781223100209e-03 2.406110970065539981e-03 2.408317564711080078e-03 2.410524564822979880e-03 2.412731970065759915e-03 2.414939780105269940e-03 2.417147994608580090e-03 2.419356613244069785e-03 2.421565635681370045e-03 2.423775061591360025e-03
2.210988570525720086e-03 2.213157063351979797e-03 2.215325997214059785e-03 2.217495371638380109e-03 2.219665186153220015e-03 2.221835440288740058e-03 2.224006133576930059e-03 2.226177265551580048e-03 2.228348835748389985e-03 2.230520843704789785e-03 2.232693288960079826e-03 2.234866171055329906e-03 2.237039489533439954e-03 2.239213243939090162e-03 2.241387433818720163e-03 2.243562058720559825e-03 2.245737118194610169e-03 2.247912611792609976e-03 2.250088539068080019e-03 2.252264899576260186e-03 2.254441692874119881e-03 2.256618918520390121e-03 2.258796576075510192e-03 2.260974665101589919e-03 2.263153185162519818e-03 2.265332135823830157e-03 2.267511516652779852e-03 2.269691327218290120e-03 2.271871567090970063e-03 2.274052235843090214e-03 2.276233333048609860e-03 2.278414858283099847e-03 2.280596811123840155e-03 2.282779191149689798e-03 2.284961997941180063e-03 2.287145231080469840e-03 2.289328890151339987e-03 2.291512974739169910e-03 2.293697484430960113e-03 2.295882418815300106e-03 2.298067777482390092e-03 2.300253560024010172e-03 2.302439766033529886e-03 2.304626395105870054e-03 2.306813446837540065e-03 2.309000920826620104e-03 2.311188816672699996e-03 2.313377133976959876e-03 2.315565872342119878e-03 2.317755031372410214e-03 2.319944610673599795e-03 2.322134609853010109e-03 2.324325028519419814e-03 2.326515866283170118e-03 2.328707122756069805e-03 2.330898797551439906e-03 2.333090890284120200e-03 2.335283400570369906e-03 2.337476328027989977e-03 2.339669672276219886e-03 2.341863432935760176e-03 2.344057609628789809e-03 2.346252201978940143e-03 2.348447209611300140e-03 2.350642632152359982e-03 2.352838469230090004e-03 2.355034720473870007e-03 2.357231385514490119e-03 2.359428463984199805e-03 2.361625955516640212e-03 2.363823859746829858e-03 2.366022176311220141e-03 2.368220904847670189e-03 2.370420044995400020e-03 2.372619596395010057e-03 2.374819558688500212e-03 2.377019931519239963e-03 2.379220714531950134e-03 2.381421907372719814e-03 2.383623509689009826e-03 2.385825521129609789e-03 2.388027941344639856e-03 2.390230769985620101e-03 2.392434006705310059e-03 2.394637651157890002e-03 2.396841702998819996e-03 2.399046161884859849e-03 2.401251027474109873e-03 2.403456299425970125e-03 2.405661977401139968e-03 2.407868061061619810e-03 2.410074550070689849e-03 2.412281444092910076e-03 2.414488742794150197e-03 2.416696445841519814e-03 2.418904552903420029e-03 2.421113063649510053e-03 2.423321977750709805e-03 2.425531294879199919e-03 2.427741014708390075e-03 2.429951136912960209e-03
2.217090370229149975e-03 2.219259684262760070e-03 2.221429437795610119e-03 2.223599630359719866e-03 2.225770261488989928e-03 2.227941330719119834e-03 2.230112837587640111e-03 2.232284781633880194e-03 2.234457162398990112e-03 2.236629979425900153e-03 2.238803232259339946e-03 2.240976920445809841e-03 2.243151043533609963e-03 2.245325601072769954e-03 2.247500592615100153e-03 2.249676017714169907e-03 2.251851875925269843e-03 2.254028166805410131e-03 2.256204889913389876e-03 2.258382044809670048e-03 2.260559631056449810e-03 2.262737648217640063e-03 2.264916095858850002e-03 2.267094973547349821e-03 2.269274280852140099e-03 2.271454017343869838e-03 2.273634182594859877e-03 2.275814776179099861e-03 2.277995797672239999e-03 2.280177246651559839e-03 2.282359122696029849e-03 2.284541425386180016e-03 2.286724154304239920e-03 2.288907309034019909e-03 2.291090889160950130e-03 2.293274894272080092e-03 2.295459323956050048e-03 2.297644177803090122e-03 2.299829455405039830e-03 2.302015156355299939e-03 2.304201280248849813e-03 2.306387826682230070e-03 2.308574795253549947e-03 2.310762185562489912e-03 2.312949997210230098e-03 2.315138229799550054e-03 2.317326882934699940e-03 2.319515956221540175e-03 2.321705449267380105e-03 2.323895361681069943e-03 2.326085693072969980e-03 2.328276443054970099e-03 2.330467611240390029e-03 2.332659197244119857e-03 2.334851200682469975e-03 2.337043621173269959e-03 2.339236458335810023e-03 2.341429711790809793e-03 2.343623381160509812e-03 2.345817466068570063e-03 2.348011966140099889e-03 2.350206881001660163e-03 2.352402210281239869e-03 2.354597953608250031e-03 2.356794110613529784e-03 2.358990680929380201e-03 2.361187664189429852e-03 2.363385060028770114e-03 2.365582868083900090e-03 2.367781087992680208e-03 2.369979719394379927e-03 2.372178761929640001e-03 2.374378215240499808e-03 2.376578078970350075e-03 2.378778352763949791e-03 2.380979036267420138e-03 2.383180129128260102e-03 2.385381630995290093e-03 2.387583541518670163e-03 2.389785860349919952e-03 2.391988587141900043e-03 2.394191721548759918e-03 2.396395263226009948e-03 2.398599211830459814e-03 2.400803567020219804e-03 2.403008328454739849e-03 2.405213495794730153e-03 2.407419068702230155e-03 2.409625046840549976e-03 2.411831429874289941e-03 2.414038217469340140e-03 2.416245409292850071e-03 2.418453005013229944e-03 2.420661004300190145e-03 2.422869406824670110e-03 2.425078212258879960e-03 2.427287420276260169e-03 2.429497030551520161e-03 2.431707042760569790e-03 2.433917456580609977e-03 2.436128271690009978e-03
2.223193618624150214e-03 2.225363749141169838e-03 2.227534317637770017e-03 2.229705323651489952e-03 2.231876766721750151e-03 2.234048646389750082e-03 2.236220962198469907e-03 2.238393713692699970e-03 2.240566900419010011e-03 2.242740521925710127e-03 2.244914577762910195e-03 2.247089067482479965e-03 2.249263990638020010e-03 2.251439346784889911e-03 2.253615135480150147e-03 2.255791356282640155e-03 2.257968008752889860e-03 2.260145092453140058e-03 2.262322606947349789e-03 2.264500551801169881e-03 2.266678926581939917e-03 2.268857730858699941e-03 2.271036964202140154e-03 2.273216626184639943e-03 2.275396716380240127e-03 2.277577234364629947e-03 2.279758179715160073e-03 2.281939552010810082e-03 2.284121350832180215e-03 2.286303575761539954e-03 2.288486226382749952e-03 2.290669302281289794e-03 2.292852803044250192e-03 2.295036728260309994e-03 2.297221077519760041e-03 2.299405850414480180e-03 2.301591046537899803e-03 2.303776665485059855e-03 2.305962706852539984e-03 2.308149170238500171e-03 2.310336055242639963e-03 2.312523361466210185e-03 2.314711088512009900e-03 2.316899235984369934e-03 2.319087803489139864e-03 2.321276790633710133e-03 2.323466197026950036e-03 2.325656022279290122e-03 2.327846266002619839e-03 2.330036927810340015e-03 2.332228007317349843e-03 2.334419504140019998e-03 2.336611417896200006e-03 2.338803748205239928e-03 2.340996494687890180e-03 2.343189656966419929e-03 2.345383234664559849e-03 2.347577227407420149e-03 2.349771634821609841e-03 2.351966456535159976e-03 2.354161692177530150e-03 2.356357341379589857e-03 2.358553403773650144e-03 2.360749878993419811e-03 2.362946766674000210e-03 2.365144066451939885e-03 2.367341777965120079e-03 2.369539900852850149e-03 2.371738434755819858e-03 2.373937379316079857e-03 2.376136734177089829e-03 2.378336498983600091e-03 2.380536673381799910e-03 2.382737257019209957e-03 2.384938249544670159e-03 2.387139650608409956e-03 2.389341459861959831e-03 2.391543676958189906e-03 2.393746301551319920e-03 2.395949333296890169e-03 2.398152771851719874e-03 2.400356616873960090e-03 2.402560868023110186e-03 2.404765524959879934e-03 2.406970587346369921e-03 2.409176054845899809e-03 2.411381927123119797e-03 2.413588203843919974e-03 2.415794884675510120e-03 2.418001969286319962e-03 2.420209457346100216e-03 2.422417348525799860e-03 2.424625642497659807e-03 2.426834338935169970e-03 2.429043437513040207e-03 2.431252937907239786e-03 2.433462839794970061e-03 2.435673142854650162e-03 2.437883846765939982e-03 2.440094951209699839e-03 2.442306455868019973e-03
2.229298301619990052e-03 2.231469243947219877e-03 2.233640622751029842e-03 2.235812437574459955e-03 2.237984687962350002e-03 2.240157373461320028e-03 2.242330493619749954e-03 2.244504047987799962e-03 2.246678036117390111e-03 2.248852457562150031e-03 2.251027311877519966e-03 2.253202598620609835e-03 2.255378317350299842e-03 2.257554467627180192e-03 2.259731049013539821e-03 2.261908061073389809e-03 2.264085503372429992e-03 2.266263375478059800e-03 2.268441676959340094e-03 2.270620407387040005e-03 2.272799566333580119e-03 2.274979153373039853e-03 2.277159168081180005e-03 2.279339610035359918e-03 2.281520478814639836e-03 2.283701773999669872e-03 2.285883495172739890e-03 2.288065641917779933e-03 2.290248213820299944e-03 2.292431210467450048e-03 2.294614631447949860e-03 2.296798476352140093e-03 2.298982744771930087e-03 2.301167436300819921e-03 2.303352550533860083e-03 2.305538087067710018e-03 2.307724045500550089e-03 2.309910425432130151e-03 2.312097226463760008e-03 2.314284448198250001e-03 2.316472090239999910e-03 2.318660152194880128e-03 2.320848633670350054e-03 2.323037534275310210e-03 2.325226853620199815e-03 2.327416591316999826e-03 2.329606746979120176e-03 2.331797320221509935e-03 2.333988310660590083e-03 2.336179717914240068e-03 2.338371541601829903e-03 2.340563781344189801e-03 2.342756436763610180e-03 2.344949507483839925e-03 2.347142993130049964e-03 2.349336893328890074e-03 2.351531207708429903e-03 2.353725935898139891e-03 2.355921077528970193e-03 2.358116632233230123e-03 2.360312599644670117e-03 2.362508979398460045e-03 2.364705771131150186e-03 2.366902974480679898e-03 2.369100589086369814e-03 2.371298614588979951e-03 2.373497050630570069e-03 2.375695896854609825e-03 2.377895152905950150e-03 2.380094818430779878e-03 2.382294893076650037e-03 2.384495376492440019e-03 2.386696268328400081e-03 2.388897568236120119e-03 2.391099275868479798e-03 2.393301390879750030e-03 2.395503912925479786e-03 2.397706841662539893e-03 2.399910176749120005e-03 2.402113917844719924e-03 2.404318064610130087e-03 2.406522616707429830e-03 2.408727573800009941e-03 2.410932935552520182e-03 2.413138701630910057e-03 2.415344871702400191e-03 2.417551445435470181e-03 2.419758422499859903e-03 2.421965802566599865e-03 2.424173585307920140e-03 2.426381770397360079e-03 2.428590357509659899e-03 2.430799346320810118e-03 2.433008736508039845e-03 2.435218527749799869e-03 2.437428719725780006e-03 2.439639312116860092e-03 2.441850304605149881e-03 2.444061696873979939e-03 2.446273488607879961e-03 2.448485679492550145e-03
2.235404405277730076e-03 2.237576154792020149e-03 2.239748339296390202e-03 2.241920958339240107e-03 2.244094011470799867e-03 2.246267498243039850e-03 2.248441418209669914e-03 2.250615770926139847e-03 2.252790555949650206e-03 2.254965772839109817e-03 2.257141421155160060e-03 2.259317500460150153e-03 2.261494010318130209e-03 2.263670950294869883e-03 2.265848319957799832e-03 2.268026118876049872e-03 2.270204346620429900e-03 2.272383002763399967e-03 2.274562086879110181e-03 2.276741598543339986e-03 2.278921537333519851e-03 2.281101902828749917e-03 2.283282694609740145e-03 2.285463912258809890e-03 2.287645555359949911e-03 2.289827623498710048e-03 2.292010116262279892e-03 2.294193033239440207e-03 2.296376374020559896e-03 2.298560138197609879e-03 2.300744325364140110e-03 2.302928935115220160e-03 2.305113967047570187e-03 2.307299420759419996e-03 2.309485295850549798e-03 2.311671591922320138e-03 2.313858308577589930e-03 2.316045445420790178e-03 2.318233002057849823e-03 2.320420978096229998e-03 2.322609373144920129e-03 2.324798186814400203e-03 2.326987418716659848e-03 2.329177068465180123e-03 2.331367135674930046e-03 2.333557619962380036e-03 2.335748520945429927e-03 2.337939838243529959e-03 2.340131571477529863e-03 2.342323720269749981e-03 2.344516284243979964e-03 2.346709263025450153e-03 2.348902656240819866e-03 2.351096463518219902e-03 2.353290684487150189e-03 2.355485318778579966e-03 2.357680366024900078e-03 2.359875825859870067e-03 2.362071697918680189e-03 2.364267981837940135e-03 2.366464677255620055e-03 2.368661783811099996e-03 2.370859301145130001e-03 2.373057228899830111e-03 2.375255566718719857e-03 2.377454314246670117e-03 2.379653471129890112e-03 2.381853037015959924e-03 2.384053011553840043e-03 2.386253394393779859e-03 2.388454185187400061e-03 2.390655383587650135e-03 2.392856989248780177e-03 2.395059001826409847e-03 2.397261420977429922e-03 2.399464246360059980e-03 2.401667477633840156e-03 2.403871114459579968e-03 2.406075156499409926e-03 2.408279603416729926e-03 2.410484454876250012e-03 2.412689710543910147e-03 2.414895370087009885e-03 2.417101433174010175e-03 2.419307899474709873e-03 2.421514768660169847e-03 2.423722040402640117e-03 2.425929714375689959e-03 2.428137790254099922e-03 2.430346267713870065e-03 2.432555146432279804e-03 2.434764426087789903e-03 2.436974106360130076e-03 2.439184186930200109e-03 2.441394667480160062e-03 2.443605547693330094e-03 2.445816827254290206e-03 2.448028505848780061e-03 2.450240583163730210e-03 2.452453058887279873e-03 2.454665932708760025e-03
2.241511915807480049e-03 2.243684467935100086e-03 2.245857453582530017e-03 2.248030872303520035e-03 2.250204723653569799e-03 2.252379007189950124e-03 2.254553722471610167e-03 2.256728869059239882e-03 2.258904446515260043e-03 2.261080454403749818e-03 2.263256892290530040e-03 2.265433759743099885e-03 2.267611056330619962e-03 2.269788781623969989e-03 2.271966935195649916e-03 2.274145516619840209e-03 2.276324525472410085e-03 2.278503961330809961e-03 2.280683823774189850e-03 2.282864112383310023e-03 2.285044826740540141e-03 2.287225966429909992e-03 2.289407531037040110e-03 2.291589520149140032e-03 2.293771933355049936e-03 2.295954770245189902e-03 2.298138030411559906e-03 2.300321713447749800e-03 2.302505818948909818e-03 2.304690346511770096e-03 2.306875295734629825e-03 2.309060666217290034e-03 2.311246457561159841e-03 2.313432669369170150e-03 2.315619301245749797e-03 2.317806352796910122e-03 2.319993823630140013e-03 2.322181713354460122e-03 2.324370021580409850e-03 2.326558747920000076e-03 2.328747891986769972e-03 2.330937453395720213e-03 2.333127431763380201e-03 2.335317826707680126e-03 2.337508637848090178e-03 2.339699864805529911e-03 2.341891507202330074e-03 2.344083564662350141e-03 2.346276036810849945e-03 2.348468923274520028e-03 2.350662223681509837e-03 2.352855937661409939e-03 2.355050064845180032e-03 2.357244604865269943e-03 2.359439557355470004e-03 2.361634921951019910e-03 2.363830698288550171e-03 2.366026886006079941e-03 2.368223484743000110e-03 2.370420494140130108e-03 2.372617913839619903e-03 2.374815743485009841e-03 2.377013982721189883e-03 2.379212631194459887e-03 2.381411688552389962e-03 2.383611154443980064e-03 2.385811028519529888e-03 2.388011310430670098e-03 2.390211999830390080e-03 2.392413096373010185e-03 2.394614599714130123e-03 2.396816509510710062e-03 2.399018825420989962e-03 2.401221547104539882e-03 2.403424674222190156e-03 2.405628206436129842e-03 2.407832143409770111e-03 2.410036484807850064e-03 2.412241230296369946e-03 2.414446379542620202e-03 2.416651932215129871e-03 2.418857887983699977e-03 2.421064246519429985e-03 2.423271007494609813e-03 2.425478170582820014e-03 2.427685735458890142e-03 2.429893701798840205e-03 2.432102069279970004e-03 2.434310837580790175e-03 2.436520006381020023e-03 2.438729575361639999e-03 2.440939544204800190e-03 2.443149912593870193e-03 2.445360680213439983e-03 2.447571846749280015e-03 2.449783411888349898e-03 2.451995375318830050e-03 2.454207736730060121e-03 2.456420495812559803e-03 2.458633652258040113e-03 2.460847205759350044e-03
2.247620819567139935e-03 2.249794169783140077e-03 2.251967952064720148e-03 2.254142165970890021e-03 2.256316811062389956e-03 2.258491886901690168e-03 2.260667393052940080e-03 2.262843329081990016e-03 2.265019694556409842e-03 2.267196489045400064e-03 2.269373712119869893e-03 2.271551363352389968e-03 2.273729442317210143e-03 2.275907948590210044e-03 2.278086881748919885e-03 2.280266241372520038e-03 2.282446027041820213e-03 2.284626238339259891e-03 2.286806874848880140e-03 2.288987936156360037e-03 2.291169421848979811e-03 2.293351331515600024e-03 2.295533664746710143e-03 2.297716421134320119e-03 2.299899600272100036e-03 2.302083201755240026e-03 2.304267225180500148e-03 2.306451670146219927e-03 2.308636536252280189e-03 2.310821823100100026e-03 2.313007530292670189e-03 2.315193657434459849e-03 2.317380204131499859e-03 2.319567169991360207e-03 2.321754554623090168e-03 2.323942357637249958e-03 2.326130578645929821e-03 2.328319217262690179e-03 2.330508273102579846e-03 2.332697745782139932e-03 2.334887634919379992e-03 2.337077940133790166e-03 2.339268661046329904e-03 2.341459797279410188e-03 2.343651348456860135e-03 2.345843314204019807e-03 2.348035694147620079e-03 2.350228487915839888e-03 2.352421695138310134e-03 2.354615315446039955e-03 2.356809348471480044e-03 2.359003793848510073e-03 2.361198651212370169e-03 2.363393920199739848e-03 2.365589600448659950e-03 2.367785691598599859e-03 2.369982193290369899e-03 2.372179105166179885e-03 2.374376426869590113e-03 2.376574158045559933e-03 2.378772298340360147e-03 2.380970847401670150e-03 2.383169804878469949e-03 2.385369170421119955e-03 2.387568943681269915e-03 2.389769124311979902e-03 2.391969711967539911e-03 2.394170706303629884e-03 2.396372106977239912e-03 2.398573913646629904e-03 2.400776125971399843e-03 2.402978743612439912e-03 2.405181766231930061e-03 2.407385193493349982e-03 2.409589025061450052e-03 2.411793260602260007e-03 2.413997899783100216e-03 2.416202942272540049e-03 2.418408387740419996e-03 2.420614235857849929e-03 2.422820486297180050e-03 2.425027138731970094e-03 2.427234192837119872e-03 2.429441648288670208e-03 2.431649504763939984e-03 2.433857761941490144e-03 2.436066419501049969e-03 2.438275477123619858e-03 2.440484934491400203e-03 2.442694791287780120e-03 2.444905047197369966e-03 2.447115701905980094e-03 2.449326755100600037e-03 2.451538206469430162e-03 2.453750055701820094e-03 2.455962302488339834e-03 2.458174946520709937e-03 2.460387987491820163e-03 2.462601425095749860e-03 2.464815259027699872e-03 2.467029488984060197e-03
2.253731103060130012e-03 2.255905246887669920e-03 2.258079821342399984e-03 2.260254825988529913e-03 2.262430260391949926e-03 2.264606124120280197e-03 2.266782416742790188e-03 2.268959137830419900e-03 2.271136286955830180e-03 2.273313863693260037e-03 2.275491867618670196e-03 2.277670298309649854e-03 2.279849155345410171e-03 2.282028438306829814e-03 2.284208146776359975e-03 2.286388280338130189e-03 2.288568838577859869e-03 2.290749821082840084e-03 2.292931227442019868e-03 2.295113057245899962e-03 2.297295310086570116e-03 2.299477985557739877e-03 2.301661083254620196e-03 2.303844602774040087e-03 2.306028543714379840e-03 2.308212905675560180e-03 2.310397688259050071e-03 2.312582891067860216e-03 2.314768513706540014e-03 2.316954555781149810e-03 2.319141016899299926e-03 2.321327896670079965e-03 2.323515194704100020e-03 2.325702910613479824e-03 2.327891044011830106e-03 2.330079594514240012e-03 2.332268561737300093e-03 2.334457945299049826e-03 2.336647744819040067e-03 2.338837959918229834e-03 2.341028590219089954e-03 2.343219635345519802e-03 2.345411094922859874e-03 2.347602968577900025e-03 2.349795255938849983e-03 2.351987956635370140e-03 2.354181070298519939e-03 2.356374596560799946e-03 2.358568535056099810e-03 2.360762885419729912e-03 2.362957647288380179e-03 2.365152820300149995e-03 2.367348404094510046e-03 2.369544398312350020e-03 2.371740802595880167e-03 2.373937616588720195e-03 2.376134839935849837e-03 2.378332472283600178e-03 2.380530513279650179e-03 2.382728962573050103e-03 2.384927819814159928e-03 2.387127084654700089e-03 2.389326756747729794e-03 2.391526835747610161e-03 2.393727321310019831e-03 2.395928213092000068e-03 2.398129510751829865e-03 2.400331213949159943e-03 2.402533322344909978e-03 2.404735835601279868e-03 2.406938753381790072e-03 2.409142075351220023e-03 2.411345801175639788e-03 2.413549930522400095e-03 2.415754463060079855e-03 2.417959398458569865e-03 2.420164736388999947e-03 2.422370476523760200e-03 2.424576618536449825e-03 2.426783162101979908e-03 2.428990106896419896e-03 2.431197452597129872e-03 2.433405198882689861e-03 2.435613345432869909e-03 2.437821891928689932e-03 2.440030838052379813e-03 2.442240183487359891e-03 2.444449927918270014e-03 2.446660071030940051e-03 2.448870612512389893e-03 2.451081552050849831e-03 2.453292889335709822e-03 2.455504624057529891e-03 2.457716755908099984e-03 2.459929284580319835e-03 2.462142209768260117e-03 2.464355531167200172e-03 2.466569248473529999e-03 2.468783361384810100e-03 2.470997869599739823e-03 2.473212772818169942e-03
2.259842752933219866e-03 2.262017685943000164e-03 2.264193048157199864e-03 2.266368839145159984e-03 2.268545058477879940e-03 2.270721705728040093e-03 2.272898780469960120e-03 2.275076282279650183e-03 2.277254210734729837e-03 2.279432565414480066e-03 2.281611345899789943e-03 2.283790551773209974e-03 2.285970182618890078e-03 2.288150238022589999e-03 2.290330717571670196e-03 2.292511620855120034e-03 2.294692947463490128e-03 2.296874696988910128e-03 2.299056869025099988e-03 2.301239463167389920e-03 2.303422479012599833e-03 2.305605916159169863e-03 2.307789774207080150e-03 2.309974052757820043e-03 2.312158751414460089e-03 2.314343869781590023e-03 2.316529407465320062e-03 2.318715364073280043e-03 2.320901739214629826e-03 2.323088532500009861e-03 2.325275743541590188e-03 2.327463371953010160e-03 2.329651417349420071e-03 2.331839879347429988e-03 2.334028757565140104e-03 2.336218051622119922e-03 2.338407761139390043e-03 2.340597885739459892e-03 2.342788425046260069e-03 2.344979378685170101e-03 2.347170746283020176e-03 2.349362527468059920e-03 2.351554721870000031e-03 2.353747329119939852e-03 2.355940348850389925e-03 2.358133780695310152e-03 2.360327624290010050e-03 2.362521879271260207e-03 2.364716545277169985e-03 2.366911621947269916e-03 2.369107108922450123e-03 2.371303005844999784e-03 2.373499312358549884e-03 2.375696028108120056e-03 2.377893152740060030e-03 2.380090685902119894e-03 2.382288627243369858e-03 2.384486976414189850e-03 2.386685733066350179e-03 2.388884896852939976e-03 2.391084467428349850e-03 2.393284444448300075e-03 2.395484827569850129e-03 2.397685616451350130e-03 2.399886810752449931e-03 2.402088410134099999e-03 2.404290414258560080e-03 2.406492822789350200e-03 2.408695635391300098e-03 2.410898851730520175e-03 2.413102471474369830e-03 2.415306494291480019e-03 2.417510919851760184e-03 2.419715747826390023e-03 2.421920977887740117e-03 2.424126609709499874e-03 2.426332642966569971e-03 2.428539077335070163e-03 2.430745912492390023e-03 2.432953148117129958e-03 2.435160783889089939e-03 2.437368819489319806e-03 2.439577254600090207e-03 2.441786088904830156e-03 2.443995322088209857e-03 2.446204953836109922e-03 2.448414983835560214e-03 2.450625411774810108e-03 2.452836237343289892e-03 2.455047460231589949e-03 2.457259080131510200e-03 2.459471096735999819e-03 2.461683509739139887e-03 2.463896318836240103e-03 2.466109523723719957e-03 2.468323124099149925e-03 2.470537119661270122e-03 2.472751510109959944e-03 2.474966295146199900e-03 2.477181474472140137e-03 2.479397047791070084e-03
2.265955755975629805e-03 2.268131473785219877e-03 2.270307619391910212e-03 2.272484192370079897e-03 2.274661192295759915e-03 2.276838618746650049e-03 2.279016471302069882e-03 2.281194749542960094e-03 2.283373453051930173e-03 2.285552581413159961e-03 2.287732134212459943e-03 2.289912111037249991e-03 2.292092511476539855e-03 2.294273335120949973e-03 2.296454581562659865e-03 2.298636250395439794e-03 2.300818341214639923e-03 2.303000853617159956e-03 2.305183787201459979e-03 2.307367141567560030e-03 2.309550916317020149e-03 2.311735111052939939e-03 2.313919725379949902e-03 2.316104758904210126e-03 2.318290211233399890e-03 2.320476081976719819e-03 2.322662370744839853e-03 2.324849077149979907e-03 2.327036200805830072e-03 2.329223741327570135e-03 2.331411698331870008e-03 2.333600071436849836e-03 2.335788860262129861e-03 2.337978064428790099e-03 2.340167683559349950e-03 2.342357717277779913e-03 2.344548165209530202e-03 2.346739026981450090e-03 2.348930302221839943e-03 2.351121990560429975e-03 2.353314091628359861e-03 2.355506605058199990e-03 2.357699530483930214e-03 2.359892867540929872e-03 2.362086615865960013e-03 2.364280775097199819e-03 2.366475344874189798e-03 2.368670324837889897e-03 2.370865714630610108e-03 2.373061513896010041e-03 2.375257722279160068e-03 2.377454339426449820e-03 2.379651364985639790e-03 2.381848798605840090e-03 2.384046639937490060e-03 2.386244888632389934e-03 2.388443544343640118e-03 2.390642606725679794e-03 2.392842075434270001e-03 2.395041950126500143e-03 2.397242230460739851e-03 2.399442916096680180e-03 2.401644006695320167e-03 2.403845501918929969e-03 2.406047401431069942e-03 2.408249704896620134e-03 2.410452411981690076e-03 2.412655522353669962e-03 2.414859035681270107e-03 2.417062951634399957e-03 2.419267269884250050e-03 2.421471990103259923e-03 2.423677111965129825e-03 2.425882635144779951e-03 2.428088559318399876e-03 2.430294884163350117e-03 2.432501609358300038e-03 2.434708734583089940e-03 2.436916259518770098e-03 2.439124183847640216e-03 2.441332507253190023e-03 2.443541229420080185e-03 2.445750350034239882e-03 2.447959868782719796e-03 2.450169785353790118e-03 2.452380099436940117e-03 2.454590810722760176e-03 2.456801918903070165e-03 2.459013423670850049e-03 2.461225324720239891e-03 2.463437621746549823e-03 2.465650314446210176e-03 2.467863402516849974e-03 2.470076885657220174e-03 2.472290763567210146e-03 2.474505035947839864e-03 2.476719702501299809e-03 2.478934762930869867e-03 2.481150216940980046e-03 2.483366064237150193e-03 2.485582304526039871e-03
2.272070099115819884e-03 2.274246597389110135e-03 2.276423522067399802e-03 2.278600872730050103e-03 2.280778648958080215e-03 2.282956850334110031e-03 2.285135476442390085e-03 2.287314526868779868e-03 2.289494001200759968e-03 2.291673899027370058e-03 2.293854219939270040e-03 2.296034963528700151e-03 2.298216129389480094e-03 2.300397717116989954e-03 2.302579726308180176e-03 2.304762156561579803e-03 2.306945007477230122e-03 2.309128278656740179e-03 2.311311969703259885e-03 2.313496080221470047e-03 2.315680609817549838e-03 2.317865558099250090e-03 2.320050924675790081e-03 2.322236709157910004e-03 2.324422911157860133e-03 2.326609530289370023e-03 2.328796566167659794e-03 2.330984018409440126e-03 2.333171886632900115e-03 2.335360170457660006e-03 2.337548869504870071e-03 2.339737983397070092e-03 2.341927511758289983e-03 2.344117454214019857e-03 2.346307810391119828e-03 2.348498579917970060e-03 2.350689762424319849e-03 2.352881357541350069e-03 2.355073364901670140e-03 2.357265784139299814e-03 2.359458614889640114e-03 2.361651856789520176e-03 2.363845509477139999e-03 2.366039572592089964e-03 2.368234045775339993e-03 2.370428928669259926e-03 2.372624220917540164e-03 2.374819922165270162e-03 2.377016032058920213e-03 2.379212550246249946e-03 2.381409476376399829e-03 2.383606810099879892e-03 2.385804551068479960e-03 2.388002698935379805e-03 2.390201253355019907e-03 2.392400213983219854e-03 2.394599580477079891e-03 2.396799352495019957e-03 2.398999529696760162e-03 2.401200111743329903e-03 2.403401098297030126e-03 2.405602489021470194e-03 2.407804283581540129e-03 2.410006481643389795e-03 2.412209082874460127e-03 2.414412086943470113e-03 2.416615493520359991e-03 2.418819302276360196e-03 2.421023512883950166e-03 2.423228125016840123e-03 2.425433138350000135e-03 2.427638552559620213e-03 2.429844367323139801e-03 2.432050582319229999e-03 2.434257197227729808e-03 2.436464211729780140e-03 2.438671625507669860e-03 2.440879438244909945e-03 2.443087649626230016e-03 2.445296259337550147e-03 2.447505267065970026e-03 2.449714672499779793e-03 2.451924475328499942e-03 2.454134675242739937e-03 2.456345271934359982e-03 2.458556265096359991e-03 2.460767654422899974e-03 2.462979439609319990e-03 2.465191620352099808e-03 2.467404196348849804e-03 2.469617167298379917e-03 2.471830532900609872e-03 2.474044292856570054e-03 2.476258446868470024e-03 2.478472994639639975e-03 2.480687935874489967e-03 2.482903270278600128e-03 2.485118997558649970e-03 2.487335117422420118e-03 2.489551629578810096e-03 2.491768533737800159e-03
2.278185769421129953e-03 2.280363043867719881e-03 2.282540743342229787e-03 2.284718867428950102e-03 2.286897415713800164e-03 2.289076387784310003e-03 2.291255783229560056e-03 2.293435601640270074e-03 2.295615842608740142e-03 2.297796505728789962e-03 2.299977590595879851e-03 2.302159096807020102e-03 2.304341023960740191e-03 2.306523371657159902e-03 2.308706139497939888e-03 2.310889327086250011e-03 2.313072934026830056e-03 2.315256959925919913e-03 2.317441404391269982e-03 2.319626267032190176e-03 2.321811547459429800e-03 2.323997245285289864e-03 2.326183360123570184e-03 2.328369891589499984e-03 2.330556839299849792e-03 2.332744202872829957e-03 2.334931981928140086e-03 2.337120176086930016e-03 2.339308784971809788e-03 2.341497808206850079e-03 2.343687245417560086e-03 2.345877096230860204e-03 2.348067360275150114e-03 2.350258037180239824e-03 2.352449126577340136e-03 2.354640628099109907e-03 2.356832541379580166e-03 2.359024866054220022e-03 2.361217601759879863e-03 2.363410748134800021e-03 2.365604304818619882e-03 2.367798271452340158e-03 2.369992647678350207e-03 2.372187433140409817e-03 2.374382627483630128e-03 2.376578230354510057e-03 2.378774241400840022e-03 2.380970660271829881e-03 2.383167486617990098e-03 2.385364720091159938e-03 2.387562360344539988e-03 2.389760407032640119e-03 2.391958859811279918e-03 2.394157718337619912e-03 2.396356982270080038e-03 2.398556651268449798e-03 2.400756724993769863e-03 2.402957203108390186e-03 2.405158085275930103e-03 2.407359371161339918e-03 2.409561060430779906e-03 2.411763152751740004e-03 2.413965647792950045e-03 2.416168545224410113e-03 2.418371844717350210e-03 2.420575545944310056e-03 2.422779648579009848e-03 2.424984152296459985e-03 2.427189056772889944e-03 2.429394361685750011e-03 2.431600066713739908e-03 2.433806171536770195e-03 2.436012675835950124e-03 2.438219579293640117e-03 2.440426881593369800e-03 2.442634582419880070e-03 2.444842681459149982e-03 2.447051178398290065e-03 2.449260072925629923e-03 2.451469364730680077e-03 2.453679053504129789e-03 2.455889138937840128e-03 2.458099620724850040e-03 2.460310498559329945e-03 2.462521772136649825e-03 2.464733441153319805e-03 2.466945505307000137e-03 2.469157964296479942e-03 2.471370817821740094e-03 2.473584065583820085e-03 2.475797707284969808e-03 2.478011742628519892e-03 2.480226171318939809e-03 2.482440993061810122e-03 2.484656207563839831e-03 2.486871814532829947e-03 2.489087813677709916e-03 2.491304204708489917e-03 2.493520987336279946e-03 2.495738161273299786e-03 2.497955726232830003e-03
2.284302754094989785e-03 2.286480800469550042e-03 2.288659270509820019e-03 2.290838163804930026e-03 2.293017479945640147e-03 2.295197218524289932e-03 2.297377379134790155e-03 2.299557961372609809e-03 2.301738964834809924e-03 2.303920389119979827e-03 2.306102233828270093e-03 2.308284498561399920e-03 2.310467182922569963e-03 2.312650286516579855e-03 2.314833808949699843e-03 2.317017749829740174e-03 2.319202108766039820e-03 2.321386885369410100e-03 2.323572079252180216e-03 2.325757690028189880e-03 2.327943717312729900e-03 2.330130160722599861e-03 2.332317019876059983e-03 2.334504294392829825e-03 2.336691983894129913e-03 2.338880088002600211e-03 2.341068606342340021e-03 2.343257538538910147e-03 2.345446884219289964e-03 2.347636643011889995e-03 2.349826814546580097e-03 2.352017398454590152e-03 2.354208394368630195e-03 2.356399801922779823e-03 2.358591620752529833e-03 2.360783850494780050e-03 2.362976490787809837e-03 2.365169541271289807e-03 2.367363001586260136e-03 2.369556871375150080e-03 2.371751150281749786e-03 2.373945837951219832e-03 2.376140934030069977e-03 2.378336438166179980e-03 2.380532350008740181e-03 2.382728669208310050e-03 2.384925395416780027e-03 2.387122528287380190e-03 2.389320067474659873e-03 2.391518012634449939e-03 2.393716363423959922e-03 2.395915119501670042e-03 2.398114280527359823e-03 2.400313846162119812e-03 2.402513816068339858e-03 2.404714189909680066e-03 2.406914967351109821e-03 2.409116148058830162e-03 2.411317731700340136e-03 2.413519717944439830e-03 2.415722106461109814e-03 2.417924896921679837e-03 2.420128088998660127e-03 2.422331682365849812e-03 2.424535676698250184e-03 2.426740071672140158e-03 2.428944866965009920e-03 2.431150062255560060e-03 2.433355657223750142e-03 2.435561651550730185e-03 2.437768044918870152e-03 2.439974837011730027e-03 2.442182027514110121e-03 2.444389616111979947e-03 2.446597602492489934e-03 2.448805986344000044e-03 2.451014767356059828e-03 2.453223945219369824e-03 2.455433519625820158e-03 2.457643490268480134e-03 2.459853856841570045e-03 2.462064619040449896e-03 2.464275776561690098e-03 2.466487329102930084e-03 2.468699276363050046e-03 2.470911618041990096e-03 2.473124353840879929e-03 2.475337483461939950e-03 2.477551006608560199e-03 2.479764922985220124e-03 2.481979232297540187e-03 2.484193934252229823e-03 2.486409028557139914e-03 2.488624514921209882e-03 2.490840393054469856e-03 2.493056662668060187e-03 2.495273323474230150e-03 2.497490375186279827e-03 2.499707817518619958e-03 2.501925650186729872e-03 2.504143872907170065e-03
2.290421040475579869e-03 2.292599854577360031e-03 2.294779090997269878e-03 2.296958749329240136e-03 2.299138829168800077e-03 2.301319330113070147e-03 2.303500251760670029e-03 2.305681593711810147e-03 2.307863355568240057e-03 2.310045536933219828e-03 2.312228137411579884e-03 2.314411156609649887e-03 2.316594594135289956e-03 2.318778449597859882e-03 2.320962722608229962e-03 2.323147412778780140e-03 2.325332519723370076e-03 2.327518043057349995e-03 2.329703982397559811e-03 2.331890337362300079e-03 2.334077107571350205e-03 2.336264292645939822e-03 2.338451892208789993e-03 2.340639905884000019e-03 2.342828333297200093e-03 2.345017174075389975e-03 2.347206427847050008e-03 2.349396094242050051e-03 2.351586172891700216e-03 2.353776663428720078e-03 2.355967565487249952e-03 2.358158878702810123e-03 2.360350602712329906e-03 2.362542737154139840e-03 2.364735281667940028e-03 2.366928235894820085e-03 2.369121599477240058e-03 2.371315372059029994e-03 2.373509553285389935e-03 2.375704142802850024e-03 2.377899140259329917e-03 2.380094545304069827e-03 2.382290357587679968e-03 2.384486576762059884e-03 2.386683202480479986e-03 2.388880234397509992e-03 2.391077672169050154e-03 2.393275515452319979e-03 2.395473763905830045e-03 2.397672417189420160e-03 2.399871474964199950e-03 2.402070936892590058e-03 2.404270802638290051e-03 2.406471071866280158e-03 2.408671744242819966e-03 2.410872819435450152e-03 2.413074297112969939e-03 2.415276176945430151e-03 2.417478458604150129e-03 2.419681141761699950e-03 2.421884226091899992e-03 2.424087711269780170e-03 2.426291596971670139e-03 2.428495882875060085e-03 2.430700568658710013e-03 2.432905654002609844e-03 2.435111138587900056e-03 2.437317022097010028e-03 2.439523304213550049e-03 2.441729984622310022e-03 2.443937063009299793e-03 2.446144539061710123e-03 2.448352412467920056e-03 2.450560682917519908e-03 2.452769350101220193e-03 2.454978413710940093e-03 2.457187873439790112e-03 2.459397728982000084e-03 2.461607980032979887e-03 2.463818626289299932e-03 2.466029667448679883e-03 2.468241103209950060e-03 2.470452933273139910e-03 2.472665157339360049e-03 2.474877775110889862e-03 2.477090786291129797e-03 2.479304190584580118e-03 2.481517987696889912e-03 2.483732177334809811e-03 2.485946759206199806e-03 2.488161733020020135e-03 2.490377098486339959e-03 2.492592855316320011e-03 2.494809003222219976e-03 2.497025541917379833e-03 2.499242471116209889e-03 2.501459790534250188e-03 2.503677499888049950e-03 2.505895598895269919e-03 2.508114087274649837e-03 2.510332964745939921e-03
