-3.338507326105789819e+00 -3.341705605440980165e+00 -3.344905857558630125e+00 -3.348108074053150141e+00 -3.351312246564900121e+00 -3.354518366779939864e+00 -3.357726426429609834e+00 -3.360936417290310008e+00 -3.364148331183209883e+00 -3.367362159973799951e+00 -3.370577895571779781e+00 -3.373795529930649906e+00 -3.377015055047420056e+00 -3.380236462962349808e+00 -3.383459745758639947e+00 -3.386684895562139808e+00 -3.389911904541059950e+00 -3.393140764905679951e+00 -3.396371468908120139e+00 -3.399604008841989877e+00 -3.402838377042110007e+00 -3.406074565884349870e+00 -3.409312567785200088e+00 -3.412552375201590049e+00 -3.415793980630609905e+00 -3.419037376609249890e+00 -3.422282555714089902e+00 -3.425529510561100111e+00 -3.428778233805310105e+00 -3.432028718140629930e+00 -3.435280956299540112e+00 -3.438534941052830085e+00 -3.441790665209389921e+00 -3.445048121615939873e+00 -3.448307303156759929e+00 -3.451568202753469983e+00 -3.454830813364790032e+00 -3.458095127986270167e+00 -3.461361139650060093e+00 -3.464628841424690187e+00 -3.467898226414820151e+00 -3.471169287760989874e+00 -3.474442018639420038e+00 -3.477716412261739887e+00 -3.480992461874779842e+00 -3.484270160760380097e+00 -3.487549502235050003e+00 -3.490830479649900120e+00 -3.494113086390319811e+00 -3.497397315875740098e+00 -3.500683161559490220e+00 -3.503970616928520077e+00 -3.507259675503199947e+00 -3.510550330837169941e+00 -3.513842576516979843e+00 -3.517136406162030049e+00 -3.520431813424299783e+00 -3.523728791988100184e+00 -3.527027335569949962e+00 -3.530327437918309830e+00 -3.533629092813390216e+00 -3.536932294066979843e+00 -3.540237035522229903e+00 -3.543543311053409806e+00 -3.546851114565780172e+00 -3.550160439995409867e+00 -3.553471281308839824e+00 -3.556783632503070169e+00 -3.560097487605290212e+00 -3.563412840672639970e+00 -3.566729685792129789e+00 -3.570048017080340141e+00 -3.573367828683339908e+00 -3.576689114776439915e+00 -3.580011869563989979e+00 -3.583336087279279880e+00 -3.586661762184299995e+00 -3.589988888569569880e+00 -3.593317460753960191e+00 -3.596647473084550128e+00 -3.599978919936400068e+00 -3.603311795712380139e+00 -3.606646094843120043e+00 -3.609981811786600048e+00 -3.613318941028250020e+00 -3.616657477080610139e+00 -3.619997414483170139e+00 -3.623338747802280047e+00 -3.626681471630960107e+00 -3.630025580588669865e+00 -3.633371069321280178e+00 -3.636717932500769912e+00 -3.640066164825119799e+00 -3.643415761018249821e+00 -3.646766715829670158e+00 -3.650119024034499837e+00 -3.653472680433230035e+00 -3.656827679851560209e+00 -3.660184017140299950e+00 -3.663541687175159822e+00 -3.666900684856610138e+00
-3.347195299853820138e+00 -3.350398376697989899e+00 -3.353603401001989948e+00 -3.356810364498750143e+00 -3.360019258966270073e+00 -3.363230076227250009e+00 -3.366442808148809807e+00 -3.369657446642139842e+00 -3.372873983662330044e+00 -3.376092411207880062e+00 -3.379312721320599788e+00 -3.382534906085190141e+00 -3.385758957629009913e+00 -3.388984868121789784e+00 -3.392212629775280153e+00 -3.395442234843080165e+00 -3.398673675620280221e+00 -3.401906944443179981e+00 -3.405142033689049885e+00 -3.408378935775890017e+00 -3.411617643162020208e+00 -3.414858148346000100e+00 -3.418100443866220139e+00 -3.421344522300659996e+00 -3.424590376266719804e+00 -3.427837998420820043e+00 -3.431087381458259866e+00 -3.434338518112889815e+00 -3.437591401156899984e+00 -3.440846023400519815e+00 -3.444102377691840022e+00 -3.447360456916490179e+00 -3.450620253997429998e+00 -3.453881761894720182e+00 -3.457144973605219995e+00 -3.460409882162419848e+00 -3.463676480636160182e+00 -3.466944762132400104e+00 -3.470214719792990010e+00 -3.473486346795410018e+00 -3.476759636352590110e+00 -3.480034581712649899e+00 -3.483311176158669920e+00 -3.486589413008479799e+00 -3.489869285614379812e+00 -3.493150787363029863e+00 -3.496433911675090211e+00 -3.499718652005149977e+00 -3.503005001841379862e+00 -3.506292954705370057e+00 -3.509582504151940174e+00 -3.512873643768899878e+00 -3.516166367176809970e+00 -3.519460668028859818e+00 -3.522756540010529847e+00 -3.526053976839540027e+00 -3.529352972265530131e+00 -3.532653520069859887e+00 -3.535955614065489971e+00 -3.539259248096710220e+00 -3.542564416038950004e+00 -3.545871111798640118e+00 -3.549179329312900144e+00 -3.552489062549510024e+00 -3.555800305506509940e+00 -3.559113052212250050e+00 -3.562427296724969938e+00 -3.565743033132759976e+00 -3.569060255553360150e+00 -3.572378958133870075e+00 -3.575699135050720123e+00 -3.579020780509329924e+00 -3.582343888744090155e+00 -3.585668454018040130e+00 -3.588994470622739907e+00 -3.592321932878160151e+00 -3.595650835132400136e+00 -3.598981171761590048e+00 -3.602312937169640072e+00 -3.605646125788190215e+00 -3.608980732076319864e+00 -3.612316750520399911e+00 -3.615654175634019918e+00 -3.618993001957699907e+00 -3.622333224058789991e+00 -3.625674836531299849e+00 -3.629017833995720199e+00 -3.632362211098870031e+00 -3.635707962513750058e+00 -3.639055082939319785e+00 -3.642403567100449990e+00 -3.645753409747659823e+00 -3.649104605657019995e+00 -3.652457149629960043e+00 -3.655811036493179955e+00 -3.659166261098400152e+00 -3.662522818322289986e+00 -3.665880703066290103e+00 -3.669239910256469894e+00 -3.672600434843340089e+00 -3.675962271801759940e+00
-3.355895214734660126e+00 -3.359103013571099972e+00 -3.362312734960899885e+00 -3.365524370772739804e+00 -3.368737912919390176e+00 -3.371953353357469929e+00 -3.375170684087040129e+00 -3.378389897151429899e+00 -3.381610984636890027e+00 -3.384833938672250131e+00 -3.388058751428740134e+00 -3.391285415119659863e+00 -3.394513922000060191e+00 -3.397744264366500122e+00 -3.400976434556779893e+00 -3.404210424949619895e+00 -3.407446227964470165e+00 -3.410683836061100038e+00 -3.413923241739489800e+00 -3.417164437539479849e+00 -3.420407416040450066e+00 -3.423652169861230110e+00 -3.426898691659639784e+00 -3.430146974132359805e+00 -3.433397010014640038e+00 -3.436648792080049919e+00 -3.439902313140200008e+00 -3.443157566044519946e+00 -3.446414543680030196e+00 -3.449673238971000089e+00 -3.452933644878859898e+00 -3.456195754401790055e+00 -3.459459560574610126e+00 -3.462725056468490159e+00 -3.465992235190670012e+00 -3.469261089884330129e+00 -3.472531613728239819e+00 -3.475803799936620031e+00 -3.479077641758880013e+00 -3.482353132479349966e+00 -3.485630265417130058e+00 -3.488909033925799985e+00 -3.492189431393259991e+00 -3.495471451241439986e+00 -3.498755086926129909e+00 -3.502040331936739914e+00 -3.505327179796109860e+00 -3.508615624060269944e+00 -3.511905658318230206e+00 -3.515197276191770026e+00 -3.518490471335260050e+00 -3.521785237435420157e+00 -3.525081568211080096e+00 -3.528379457413110210e+00 -3.531678898824019974e+00 -3.534979886257950010e+00 -3.538282413560359885e+00 -3.541586474607810064e+00 -3.544892063307869989e+00 -3.548199173598849843e+00 -3.551507799449579839e+00 -3.554817934859329842e+00 -3.558129573857490069e+00 -3.561442710503460063e+00 -3.564757338886419991e+00 -3.568073453125220063e+00 -3.571391047368070115e+00 -3.574710115792460119e+00 -3.578030652604939910e+00 -3.581352652040940221e+00 -3.584676108364590164e+00 -3.588001015868529819e+00 -3.591327368873789894e+00 -3.594655161729519932e+00 -3.597984388812879963e+00 -3.601315044528860199e+00 -3.604647123310130041e+00 -3.607980619616789841e+00 -3.611315527936259873e+00 -3.614651842783140001e+00 -3.617989558698989860e+00 -3.621328670252129900e+00 -3.624669172037640053e+00 -3.628011058676960054e+00 -3.631354324817920087e+00 -3.634698965134520066e+00 -3.638044974326700043e+00 -3.641392347120310014e+00 -3.644741078266850121e+00 -3.648091162543340094e+00 -3.651442594752229986e+00 -3.654795369721139942e+00 -3.658149482302730071e+00 -3.661504927374660046e+00 -3.664861699839310205e+00 -3.668219794623659880e+00 -3.671579206679170149e+00 -3.674939930981659941e+00 -3.678301962531069780e+00 -3.681665296351389838e+00 -3.685029927490509838e+00
-3.364606847146839996e+00 -3.367819293704469974e+00 -3.371033638316749848e+00 -3.374249872985290111e+00 -3.377467989754929789e+00 -3.380687980713480201e+00 -3.383909837991290193e+00 -3.387133553761080051e+00 -3.390359120237690149e+00 -3.393586529677630192e+00 -3.396815774378939778e+00 -3.400046846680929935e+00 -3.403279738963770118e+00 -3.406514443648350099e+00 -3.409750953195930023e+00 -3.412989260107920142e+00 -3.416229356925560179e+00 -3.419471236229730149e+00 -3.422714890640590202e+00 -3.425960312817430076e+00 -3.429207495458309829e+00 -3.432456431299890198e+00 -3.435707113117119960e+00 -3.438959533722960149e+00 -3.442213685968249948e+00 -3.445469562741330094e+00 -3.448727156967879903e+00 -3.451986461610620172e+00 -3.455247469669109783e+00 -3.458510174179489916e+00 -3.461774568214239789e+00 -3.465040644881930199e+00 -3.468308397327040105e+00 -3.471577818729659981e+00 -3.474848902305279985e+00 -3.478121641304610101e+00 -3.481396029013270166e+00 -3.484672058751619783e+00 -3.487949723874510077e+00 -3.491229017771090071e+00 -3.494509933864550000e+00 -3.497792465611920143e+00 -3.501076606503859878e+00 -3.504362350064429865e+00 -3.507649689850880215e+00 -3.510938619453439991e+00 -3.514229132495100050e+00 -3.517521222631439848e+00 -3.520814883550369867e+00 -3.524110108971930000e+00 -3.527406892648130121e+00 -3.530705228362720050e+00 -3.534005109930950184e+00 -3.537306531199469806e+00 -3.540609486046010002e+00 -3.543913968379269974e+00 -3.547219972138719868e+00 -3.550527491294340088e+00 -3.553836519846500064e+00 -3.557147051825729989e+00 -3.560459081292560057e+00 -3.563772602337300199e+00 -3.567087609079860222e+00 -3.570404095669609923e+00 -3.573722056285080217e+00 -3.577041485133960030e+00 -3.580362376452740136e+00 -3.583684724506610131e+00 -3.587008523589350073e+00 -3.590333768022969885e+00 -3.593660452157739993e+00 -3.596988570371860039e+00 -3.600318117071379831e+00 -3.603649086690010162e+00 -3.606981473688859907e+00 -3.610315272556429811e+00 -3.613650477808319827e+00 -3.616987083987110108e+00 -3.620325085662159825e+00 -3.623664477429540121e+00 -3.627005253911709914e+00 -3.630347409757490151e+00 -3.633690939641879947e+00 -3.637035838265810117e+00 -3.640382100356120088e+00 -3.643729720665299876e+00 -3.647078693971330221e+00 -3.650429015077619965e+00 -3.653780678812760030e+00 -3.657133680030390188e+00 -3.660488013609109803e+00 -3.663843674452239796e+00 -3.667200657487720061e+00 -3.670558957667970024e+00 -3.673918569969699899e+00 -3.677279489393780132e+00 -3.680641710965169899e+00 -3.684005229732650211e+00 -3.687370040768750190e+00 -3.690736139169600083e+00 -3.694103520054779821e+00
-3.373329977203399999e+00 -3.376546998431610103e+00 -3.379765893615190198e+00 -3.382986654886059874e+00 -3.386209274418450210e+00 -3.389433744428690165e+00 -3.392660057174799793e+00 -3.395888204956340140e+00 -3.399118180114069965e+00 -3.402349975029640206e+00 -3.405583582125410125e+00 -3.408818993864100033e+00 -3.412056202748559919e+00 -3.415295201321490115e+00 -3.418535982165180176e+00 -3.421778537901229988e+00 -3.425022861190349932e+00 -3.428268944731990064e+00 -3.431516781264210003e+00 -3.434766363563369840e+00 -3.438017684443800182e+00 -3.441270736757709781e+00 -3.444525513394849803e+00 -3.447782007282199856e+00 -3.451040211383869849e+00 -3.454300118700759814e+00 -3.457561722270340088e+00 -3.460825015166419938e+00 -3.464089990498909977e+00 -3.467356641413569918e+00 -3.470624961091839822e+00 -3.473894942750479942e+00 -3.477166579641500110e+00 -3.480439865051809800e+00 -3.483714792303020058e+00 -3.486991354751309835e+00 -3.490269545787040073e+00 -3.493549358834690199e+00 -3.496830787352520176e+00 -3.500113824832439935e+00 -3.503398464799739820e+00 -3.506684700812909838e+00 -3.509972526463390086e+00 -3.513261935375420197e+00 -3.516552921205740034e+00 -3.519845477643479992e+00 -3.523139598409879891e+00 -3.526435277258140211e+00 -3.529732507973200040e+00 -3.533031284371479952e+00 -3.536331600300779865e+00 -3.539633449640020135e+00 -3.542936826299039943e+00 -3.546241724218480051e+00 -3.549548137369419987e+00 -3.552856059753410012e+00 -3.556165485402130066e+00 -3.559476408377180157e+00 -3.562788822770010189e+00 -3.566102722701669947e+00 -3.569418102322570174e+00 -3.572734955812430169e+00 -3.576053277379970030e+00 -3.579373061262789868e+00 -3.582694301727180175e+00 -3.586016993067969949e+00 -3.589341129608259795e+00 -3.592666705699360197e+00 -3.595993715720580131e+00 -3.599322154078989922e+00 -3.602652015209330205e+00 -3.605983293573809867e+00 -3.609315983661910199e+00 -3.612650079990320062e+00 -3.615985577102580173e+00 -3.619322469569119960e+00 -3.622660751986999994e+00 -3.626000418979720141e+00 -3.629341465197080119e+00 -3.632683885315080019e+00 -3.636027674035680057e+00 -3.639372826086650026e+00 -3.642719336221509785e+00 -3.646067199219200194e+00 -3.649416409884110202e+00 -3.652766963045800175e+00 -3.656118853558880222e+00 -3.659472076302880073e+00 -3.662826626182110079e+00 -3.666182498125429845e+00 -3.669539687086219804e+00 -3.672898188042120093e+00 -3.676257995994959948e+00 -3.679619105970580062e+00 -3.682981513018719788e+00 -3.686345212212819966e+00 -3.689710198649919892e+00 -3.693076467450529865e+00 -3.696444013758430014e+00 -3.699812832740629887e+00 -3.703182919587100219e+00
-3.382064388657100018e+00 -3.385285912701080147e+00 -3.388509286992630098e+00 -3.391734503791279831e+00 -3.394961555398059883e+00 -3.398190434155270001e+00 -3.401421132446019957e+00 -3.404653642694130067e+00 -3.407887957363810116e+00 -3.411124068959329847e+00 -3.414361970024870185e+00 -3.417601653144150209e+00 -3.420843110940190002e+00 -3.424086336075129910e+00 -3.427331321249829976e+00 -3.430578059203770014e+00 -3.433826542714680130e+00 -3.437076764598329781e+00 -3.440328717708259987e+00 -3.443582394935599922e+00 -3.446837789208709868e+00 -3.450094893493079962e+00 -3.453353700790930070e+00 -3.456614204141069902e+00 -3.459876396618669858e+00 -3.463140271334950171e+00 -3.466405821437009926e+00 -3.469673040107560169e+00 -3.472941920564720064e+00 -3.476212456061760214e+00 -3.479484639886900155e+00 -3.482758465363040123e+00 -3.486033925847599857e+00 -3.489311014732249916e+00 -3.492589725442699855e+00 -3.495870051438489945e+00 -3.499151986212779786e+00 -3.502435523292089847e+00 -3.505720656236130051e+00 -3.509007378637599928e+00 -3.512295684121930162e+00 -3.515585566347080082e+00 -3.518877019003410211e+00 -3.522170035813359856e+00 -3.525464610531300114e+00 -3.528760736943350018e+00 -3.532058408867130073e+00 -3.535357620151620139e+00 -3.538658364676909862e+00 -3.541960636353989944e+00 -3.545264429124630023e+00 -3.548569736961129983e+00 -3.551876553866109898e+00 -3.555184873872419882e+00 -3.558494691042779934e+00 -3.561805999469759954e+00 -3.565118793275559916e+00 -3.568433066611679916e+00 -3.571748813658929933e+00 -3.575066028627159831e+00 -3.578384705755030204e+00 -3.581704839309950206e+00 -3.585026423587789779e+00 -3.588349452912800164e+00 -3.591673921637290157e+00 -3.594999824141670075e+00 -3.598327154834060071e+00 -3.601655908150230179e+00 -3.604986078553479967e+00 -3.608317660534320126e+00 -3.611650648610449821e+00 -3.614985037326480022e+00 -3.618320821253850017e+00 -3.621657994990620022e+00 -3.624996553161320190e+00 -3.628336490416769866e+00 -3.631677801433959907e+00 -3.635020480915850172e+00 -3.638364523591219868e+00 -3.641709924214549865e+00 -3.645056677565800207e+00 -3.648404778450290209e+00 -3.651754221698590097e+00 -3.655105002166270101e+00 -3.658457114733820070e+00 -3.661810554306499821e+00 -3.665165315814129965e+00 -3.668521394211030184e+00 -3.671878784475790081e+00 -3.675237481611179913e+00 -3.678597480643980067e+00 -3.681958776624839835e+00 -3.685321364628120211e+00 -3.688685239751800182e+00 -3.692050397117290217e+00 -3.695416831869279939e+00 -3.698784539175670183e+00 -3.702153514227370046e+00 -3.705523752238160107e+00 -3.708895248444609827e+00 -3.712267998105870159e+00
-3.390809868827330043e+00 -3.394035825004139806e+00 -3.397263608104259980e+00 -3.400493210512339992e+00 -3.403724624653650110e+00 -3.406957842993890040e+00 -3.410192858038790131e+00 -3.413429662333970160e+00 -3.416668248464609814e+00 -3.419908609055160031e+00 -3.423150736769169811e+00 -3.426394624308970016e+00 -3.429640264415399820e+00 -3.432887649867609969e+00 -3.436136773482759921e+00 -3.439387628115820217e+00 -3.442640206659259849e+00 -3.445894502042829988e+00 -3.449150507233349927e+00 -3.452408215234440192e+00 -3.455667619086229880e+00 -3.458928711865250083e+00 -3.462191486684050190e+00 -3.465455936691030026e+00 -3.468722055070259991e+00 -3.471989835041150219e+00 -3.475259269858269828e+00 -3.478530352811139981e+00 -3.481803077223959875e+00 -3.485077436455419786e+00 -3.488353423898470140e+00 -3.491631032980090144e+00 -3.494910257161070177e+00 -3.498191089935830167e+00 -3.501473524832130035e+00 -3.504757555410940029e+00 -3.508043175266169822e+00 -3.511330378024489995e+00 -3.514619157345079792e+00 -3.517909506919500107e+00 -3.521201420471399945e+00 -3.524494891756340120e+00 -3.527789914561660023e+00 -3.531086482706169871e+00 -3.534384590039989948e+00 -3.537684230444389843e+00 -3.540985397831540205e+00 -3.544288086144370187e+00 -3.547592289356349848e+00 -3.550898001471220145e+00 -3.554205216522960065e+00 -3.557513928575480211e+00 -3.560824131722439834e+00 -3.564135820087150019e+00 -3.567448987822240181e+00 -3.570763629109639847e+00 -3.574079738160299780e+00 -3.577397309213989907e+00 -3.580716336539190081e+00 -3.584036814432869811e+00 -3.587358737220339933e+00 -3.590682099255030124e+00 -3.594006894918360118e+00 -3.597333118619559844e+00 -3.600660764795450053e+00 -3.603989827910360155e+00 -3.607320302455870209e+00 -3.610652182950699896e+00 -3.613985463940519782e+00 -3.617320139997790118e+00 -3.620656205721589860e+00 -3.623993655737459907e+00 -3.627332484697260107e+00 -3.630672687278969857e+00 -3.634014258186539781e+00 -3.637357192149770047e+00 -3.640701483924119852e+00 -3.644047128290550219e+00 -3.647394120055349909e+00 -3.650742454050079910e+00 -3.654092125131259916e+00 -3.657443128180359881e+00 -3.660795458103609956e+00 -3.664149109831759787e+00 -3.667504078320099836e+00 -3.670860358548179825e+00 -3.674217945519679951e+00 -3.677576834262330063e+00 -3.680937019827720036e+00 -3.684298497291130126e+00 -3.687661261751459918e+00 -3.691025308331040033e+00 -3.694390632175479805e+00 -3.697757228453579792e+00 -3.701125092357139934e+00 -3.704494219100849861e+00 -3.707864603922180091e+00 -3.711236242081170200e+00 -3.714609128860390186e+00 -3.717983259564700216e+00 -3.721358629521230199e+00
-3.399566208528809863e+00 -3.402796527303900032e+00 -3.406028650053989804e+00 -3.409262569286290123e+00 -3.412498277547840075e+00 -3.415735767425310154e+00 -3.418975031544599918e+00 -3.422216062570659911e+00 -3.425458853207290044e+00 -3.428703396196690178e+00 -3.431949684319480109e+00 -3.435197710394190196e+00 -3.438447467277169878e+00 -3.441698947862299907e+00 -3.444952145080709904e+00 -3.448207051900590070e+00 -3.451463661326899857e+00 -3.454721966401160138e+00 -3.457981960201200078e+00 -3.461243635840950184e+00 -3.464506986470139882e+00 -3.467772005274139868e+00 -3.471038685473700092e+00 -3.474307020324680195e+00 -3.477577003117910071e+00 -3.480848627178890098e+00 -3.484121885867589974e+00 -3.487396772578250204e+00 -3.490673280739109874e+00 -3.493951403812229906e+00 -3.497231135293299875e+00 -3.500512468711309833e+00 -3.503795397628500119e+00 -3.507079915640010093e+00 -3.510366016373720033e+00 -3.513653693490080165e+00 -3.516942940681819785e+00 -3.520233751673810030e+00 -3.523526120222849833e+00 -3.526820040117439881e+00 -3.530115505177569890e+00 -3.533412509254580058e+00 -3.536711046230910149e+00 -3.540011110019909868e+00 -3.543312694565650123e+00 -3.546615793842760045e+00 -3.549920401856140106e+00 -3.553226512640930146e+00 -3.556534120262159870e+00 -3.559843218814629839e+00 -3.563153802422769800e+00 -3.566465865240359800e+00 -3.569779401450420053e+00 -3.573094405264999995e+00 -3.576410870924979779e+00 -3.579728792699949924e+00 -3.583048164887979947e+00 -3.586368981815430068e+00 -3.589691237836829973e+00 -3.593014927334690078e+00 -3.596340044719270157e+00 -3.599666584428479865e+00 -3.602994540927700218e+00 -3.606323908709560211e+00 -3.609654682293820027e+00 -3.612986856227209831e+00 -3.616320425083189960e+00 -3.619655383461879872e+00 -3.622991725989880063e+00 -3.626329447320019828e+00 -3.629668542131310183e+00 -3.633009005128709834e+00 -3.636350831043019927e+00 -3.639694014630700192e+00 -3.643038550673689979e+00 -3.646384433979270145e+00 -3.649731659379969795e+00 -3.653080221733310040e+00 -3.656430115921729840e+00 -3.659781336852390154e+00 -3.663133879457059816e+00 -3.666487738691920129e+00 -3.669842909537509801e+00 -3.673199386998430072e+00 -3.676557166103379792e+00 -3.679916241904860108e+00 -3.683276609479099850e+00 -3.686638263925909875e+00 -3.690001200368560053e+00 -3.693365413953539900e+00 -3.696730899850599883e+00 -3.700097653252440111e+00 -3.703465669374640168e+00 -3.706834943455569853e+00 -3.710205470756169799e+00 -3.713577246559859990e+00 -3.716950266172439843e+00 -3.720324524921890141e+00 -3.723700018158289993e+00 -3.727076741253629866e+00 -3.730454689601769847e+00
-3.408333202001580187e+00 -3.411567814965979828e+00 -3.414804209325479789e+00 -3.418042377707430024e+00 -3.421282312778230139e+00 -3.424524007243099799e+00 -3.427767453845710133e+00 -3.431012645368019864e+00 -3.434259574630050160e+00 -3.437508234489489833e+00 -3.440758617841619849e+00 -3.444010717618979811e+00 -3.447264526791120165e+00 -3.450520038364360165e+00 -3.453777245381600025e+00 -3.457036140922019829e+00 -3.460296718100880131e+00 -3.463558970069259946e+00 -3.466822890013849801e+00 -3.470088471156719923e+00 -3.473355706755060002e+00 -3.476624590100999779e+00 -3.479895114521350141e+00 -3.483167273377360207e+00 -3.486441060064549902e+00 -3.489716468012450168e+00 -3.492993490684400015e+00 -3.496272121577320036e+00 -3.499552354221509898e+00 -3.502834182180420086e+00 -3.506117599050440070e+00 -3.509402598460690026e+00 -3.512689174072840093e+00 -3.515977319580859906e+00 -3.519267028710829859e+00 -3.522558295220759916e+00 -3.525851112900340034e+00 -3.529145475570779844e+00 -3.532441377084590162e+00 -3.535738811325389808e+00 -3.539037772207710209e+00 -3.542338253676799997e+00 -3.545640249708439828e+00 -3.548943754308719889e+00 -3.552248761513869812e+00 -3.555555265390120123e+00 -3.558863260033370057e+00 -3.562172739569199997e+00 -3.565483698152529968e+00 -3.568796129967469977e+00 -3.572110029227209882e+00 -3.575425390173720075e+00 -3.578742207077690196e+00 -3.582060474238299985e+00 -3.585380185982990131e+00 -3.588701336667380115e+00 -3.592023920675050164e+00 -3.595347932417340076e+00 -3.598673366333219992e+00 -3.602000216889139850e+00 -3.605328478578770035e+00 -3.608658145922929883e+00 -3.611989213469379845e+00 -3.615321675792659839e+00 -3.618655527493880086e+00 -3.621990763200670038e+00 -3.625327377566899933e+00 -3.628665365272579990e+00 -3.632004721023709859e+00 -3.635345439552069902e+00 -3.638687515615119938e+00 -3.642030943995790082e+00 -3.645375719502379930e+00 -3.648721836968380039e+00 -3.652069291252289851e+00 -3.655418077237519991e+00 -3.658768189832219964e+00 -3.662119623969100068e+00 -3.665472374605330153e+00 -3.668826436722369966e+00 -3.672181805325810178e+00 -3.675538475445229825e+00 -3.678896442134139910e+00 -3.682255700469660109e+00 -3.685616245552540082e+00 -3.688978072506969852e+00 -3.692341176480379961e+00 -3.695705552643409941e+00 -3.699071196189680055e+00 -3.702438102335679826e+00 -3.705806266320680109e+00 -3.709175683406510160e+00 -3.712546348877499902e+00 -3.715918258040320055e+00 -3.719291406223829810e+00 -3.722665788778969809e+00 -3.726041401078649784e+00 -3.729418238517579809e+00 -3.732796296512140177e+00 -3.736175570500300136e+00 -3.739556055941450019e+00
-3.417110646843379840e+00 -3.420349486691339980e+00 -3.423590085715610076e+00 -3.426832436661329861e+00 -3.430076532311860049e+00 -3.433322365488639782e+00 -3.436569929050779848e+00 -3.439819215894960092e+00 -3.443070218955099904e+00 -3.446322931202109974e+00 -3.449577345643719983e+00 -3.452833455324169964e+00 -3.456091253324010015e+00 -3.459350732759860048e+00 -3.462611886784110027e+00 -3.465874708584840036e+00 -3.469139191385409937e+00 -3.472405328444330141e+00 -3.475673113055049779e+00 -3.478942538545689800e+00 -3.482213598278789846e+00 -3.485486285651159921e+00 -3.488760594093649914e+00 -3.492036517070820079e+00 -3.495314048080889968e+00 -3.498593180655420021e+00 -3.501873908359100174e+00 -3.505156224789589992e+00 -3.508440123577249992e+00 -3.511725598384969782e+00 -3.515012642907969997e+00 -3.518301250873519859e+00 -3.521591416040870115e+00 -3.524883132200910207e+00 -3.528176393176030157e+00 -3.531471192819979787e+00 -3.534767525017520118e+00 -3.538065383684390053e+00 -3.541364762767019947e+00 -3.544665656242320217e+00 -3.547968058117569878e+00 -3.551271962430170070e+00 -3.554577363247449995e+00 -3.557884254666530133e+00 -3.561192630814050020e+00 -3.564502485846090085e+00 -3.567813813947879886e+00 -3.571126609333730162e+00 -3.574440866246749948e+00 -3.577756578958709799e+00 -3.581073741769869923e+00 -3.584392349008799883e+00 -3.587712395032180090e+00 -3.591033874224700106e+00 -3.594356780998750001e+00 -3.597681109794399923e+00 -3.601006855079139868e+00 -3.604334011347719802e+00 -3.607662573121989791e+00 -3.610992534950780097e+00 -3.614323891409640055e+00 -3.617656637100759909e+00 -3.620990766652779858e+00 -3.624326274720590213e+00 -3.627663155985230148e+00 -3.631001405153719830e+00 -3.634341016958840154e+00 -3.637681986159039926e+00 -3.641024307538290206e+00 -3.644367975905860035e+00 -3.647712986096220078e+00 -3.651059332968849880e+00 -3.654407011408160155e+00 -3.657756016323280068e+00 -3.661106342647849843e+00 -3.664457985340030088e+00 -3.667810939382219804e+00 -3.671165199780979993e+00 -3.674520761566849814e+00 -3.677877619794239994e+00 -3.681235769541260083e+00 -3.684595205909539928e+00 -3.687955924024239884e+00 -3.691317919033699990e+00 -3.694681186109479931e+00 -3.698045720446100137e+00 -3.701411517260980055e+00 -3.704778571794269837e+00 -3.708146879308729993e+00 -3.711516435089550203e+00 -3.714887234444330222e+00 -3.718259272702800100e+00 -3.721632545216770005e+00 -3.725007047360040069e+00 -3.728382774528189891e+00 -3.731759722138450197e+00 -3.735137885629680188e+00 -3.738517260462120184e+00 -3.741897842117309914e+00 -3.745279626098009906e+00 -3.748662607927990109e+00
-3.425898343942889834e+00 -3.429141344450049811e+00 -3.432386082268770178e+00 -3.435632550259569928e+00 -3.438880741320530010e+00 -3.442130648386970027e+00 -3.445382264431189778e+00 -3.448635582462300064e+00 -3.451890595525939798e+00 -3.455147296703970028e+00 -3.458405679114390008e+00 -3.461665735910969932e+00 -3.464927460283059979e+00 -3.468190845455410010e+00 -3.471455884687860038e+00 -3.474722571275159932e+00 -3.477990898546739817e+00 -3.481260859866440072e+00 -3.484532448632379875e+00 -3.487805658276669885e+00 -3.491080482265190188e+00 -3.494356914097429989e+00 -3.497634947306190067e+00 -3.500914575457439781e+00 -3.504195792150099908e+00 -3.507478591015749991e+00 -3.510762965718559947e+00 -3.514048909954940125e+00 -3.517336417453420072e+00 -3.520625481974439808e+00 -3.523916097310119788e+00 -3.527208257284060178e+00 -3.530501955751189858e+00 -3.533797186597499973e+00 -3.537093943739869850e+00 -3.540392221125920003e+00 -3.543692012733770103e+00 -3.546993312571829815e+00 -3.550296114678659798e+00 -3.553600413122770085e+00 -3.556906202002379835e+00 -3.560213475445329845e+00 -3.563522227608800108e+00 -3.566832452679169929e+00 -3.570144144871850056e+00 -3.573457298431069962e+00 -3.576771907629709979e+00 -3.580087966769149865e+00 -3.583405470179049868e+00 -3.586724412217200175e+00 -3.590044787269320192e+00 -3.593366589748959949e+00 -3.596689814097190130e+00 -3.600014454782639817e+00 -3.603340506301050183e+00 -3.606667963175389957e+00 -3.609996819955529901e+00 -3.613327071218039865e+00 -3.616658711566170137e+00 -3.619991735629589868e+00 -3.623326138064220103e+00 -3.626661913552140071e+00 -3.629999056801359814e+00 -3.633337562545699839e+00 -3.636677425544609932e+00 -3.640018640583070120e+00 -3.643361202471310012e+00 -3.646705106044830114e+00 -3.650050346164119830e+00 -3.653396917714530012e+00 -3.656744815606160159e+00 -3.660094034773650140e+00 -3.663444570176110027e+00 -3.666796416796930025e+00 -3.670149569643589960e+00 -3.673504023747600211e+00 -3.676859774164309869e+00 -3.680216815972760180e+00 -3.683575144275569979e+00 -3.686934754198759823e+00 -3.690295640891660067e+00 -3.693657799526690155e+00 -3.697021225299359948e+00 -3.700385913427940210e+00 -3.703751859153519899e+00 -3.707119057739749923e+00 -3.710487504472749887e+00 -3.713857194660949990e+00 -3.717228123635019976e+00 -3.720600286747659968e+00 -3.723973679373520085e+00 -3.727348296909069880e+00 -3.730724134772419820e+00 -3.734101188403279981e+00 -3.737479453262769979e+00 -3.740858924833270205e+00 -3.744239598618400056e+00 -3.747621470142799893e+00 -3.751004534952009806e+00 -3.754388788612439853e+00 -3.757774226711120047e+00
-3.434696097415330218e+00 -3.437943193417530185e+00 -3.441192005213530081e+00 -3.444442525777020148e+00 -3.447694748118490082e+00 -3.450948665284959915e+00 -3.454204270359679807e+00 -3.457461556461970176e+00 -3.460720516747009867e+00 -3.463981144405469781e+00 -3.467243432663420055e+00 -3.470507374782049848e+00 -3.473772964057430190e+00 -3.477040193820299940e+00 -3.480309057435829967e+00 -3.483579548303440188e+00 -3.486851659856519792e+00 -3.490125385562239835e+00 -3.493400718921360060e+00 -3.496677653467989977e+00 -3.499956182769329960e+00 -3.503236300425559779e+00 -3.506518000069549945e+00 -3.509801275366649875e+00 -3.513086120014549785e+00 -3.516372527743020004e+00 -3.519660492313700040e+00 -3.522950007519949800e+00 -3.526241067186560052e+00 -3.529533665169669820e+00 -3.532827795356470180e+00 -3.536123451665030171e+00 -3.539420628044160022e+00 -3.542719318473139811e+00 -3.546019516961560036e+00 -3.549321217549170182e+00 -3.552624414305599831e+00 -3.555929101330260078e+00 -3.559235272752100165e+00 -3.562542922729449835e+00 -3.565852045449830143e+00 -3.569162635129779826e+00 -3.572474686014639911e+00 -3.575788192378429819e+00 -3.579103148523600009e+00 -3.582419548780960028e+00 -3.585737387509329910e+00 -3.589056659095600121e+00 -3.592377357954350092e+00 -3.595699478527770054e+00 -3.599023015285499838e+00 -3.602347962724440134e+00 -3.605674315368549987e+00 -3.609002067768769972e+00 -3.612331214502720211e+00 -3.615661750174719913e+00 -3.618993669415469849e+00 -3.622326966881909804e+00 -3.625661637257159953e+00 -3.628997675250249966e+00 -3.632335075595999996e+00 -3.635673833054919868e+00 -3.639013942412939961e+00 -3.642355398481349926e+00 -3.645698196096600174e+00 -3.649042330120189970e+00 -3.652387795438460039e+00 -3.655734586962450017e+00 -3.659082699627850044e+00 -3.662432128394700115e+00 -3.665782868247339898e+00 -3.669134914194230213e+00 -3.672488261267839782e+00 -3.675842904524460053e+00 -3.679198839044070191e+00 -3.682556059930239822e+00 -3.685914562309930087e+00 -3.689274341333379947e+00 -3.692635392173969855e+00 -3.695997710028089855e+00 -3.699361290114969947e+00 -3.702726127676580159e+00 -3.706092217977499992e+00 -3.709459556304719907e+00 -3.712828137967600028e+00 -3.716197958297689841e+00 -3.719569012648590078e+00 -3.722941296395799959e+00 -3.726314804936699865e+00 -3.729689533690269787e+00 -3.733065478097099987e+00 -3.736442633619140086e+00 -3.739820995739679965e+00 -3.743200559963149932e+00 -3.746581321815070087e+00 -3.749963276841839832e+00 -3.753346420610680134e+00 -3.756730748709479872e+00 -3.760116256746710128e+00 -3.763502940351270087e+00 -3.766890795172369799e+00
-3.443503714538350025e+00 -3.446754841910760092e+00 -3.450007663899449906e+00 -3.453262173589049855e+00 -3.456518364100260143e+00 -3.459776228589590108e+00 -3.463035760249089989e+00 -3.466296952306179957e+00 -3.469559798023380104e+00 -3.472824290698079963e+00 -3.476090423662329787e+00 -3.479358190282650032e+00 -3.482627583959729822e+00 -3.485898598128290171e+00 -3.489171226256779779e+00 -3.492445461847249799e+00 -3.495721298435079838e+00 -3.498998729588759904e+00 -3.502277748909699895e+00 -3.505558350032050186e+00 -3.508840526622409861e+00 -3.512124272379720136e+00 -3.515409581034969921e+00 -3.518696446351030183e+00 -3.521984862122479853e+00 -3.525274822175350042e+00 -3.528566320366960163e+00 -3.531859350585710100e+00 -3.535153906750890140e+00 -3.538449982812459815e+00 -3.541747572750920003e+00 -3.545046670577010062e+00 -3.548347270331650094e+00 -3.551649366085639858e+00 -3.554952951939549965e+00 -3.558258022023479850e+00 -3.561564570496909887e+00 -3.564872591548490011e+00 -3.568182079395890050e+00 -3.571493028285579907e+00 -3.574805432492690116e+00 -3.578119286320800008e+00 -3.581434584101800045e+00 -3.584751320195670221e+00 -3.588069488990329958e+00 -3.591389084901480011e+00 -3.594710102372379978e+00 -3.598032535873770144e+00 -3.601356379903609906e+00 -3.604681628986929898e+00 -3.608008277675709863e+00 -3.611336320548680145e+00 -3.614665752211149830e+00 -3.617996567294880172e+00 -3.621328760457859897e+00 -3.624662326384230138e+00 -3.627997259784069950e+00 -3.631333555393209789e+00 -3.634671207973160012e+00 -3.638010212310890168e+00 -3.641350563218659797e+00 -3.644692255533959813e+00 -3.648035284119250043e+00 -3.651379643861880187e+00 -3.654725329673880196e+00 -3.658072336491910104e+00 -3.661420659276970024e+00 -3.664770293014380176e+00 -3.668121232713600133e+00 -3.671473473408000121e+00 -3.674827010154860130e+00 -3.678181838035099904e+00 -3.681537952153239868e+00 -3.684895347637190177e+00 -3.688254019638089964e+00 -3.691613963330259818e+00 -3.694975173911040134e+00 -3.698337646600549977e+00 -3.701701376641699959e+00 -3.705066359299959977e+00 -3.708432589863249973e+00 -3.711800063641809810e+00 -3.715168775968090031e+00 -3.718538722196569779e+00 -3.721909897703679970e+00 -3.725282297887639871e+00 -3.728655918168330086e+00 -3.732030753987189975e+00 -3.735406800807079986e+00 -3.738784054112109789e+00 -3.742162509407609861e+00 -3.745542162219940074e+00 -3.748923008096329834e+00 -3.752305042604879848e+00 -3.755688261334320099e+00 -3.759072659893929913e+00 -3.762458233913470007e+00 -3.765844979042979990e+00 -3.769232890952709969e+00 -3.772621965333009975e+00 -3.776012197894139888e+00
-3.452321005690900169e+00 -3.455576101327769933e+00 -3.458832870736979981e+00 -3.462091307111939908e+00 -3.465351403681410147e+00 -3.468613153709259933e+00 -3.471876550494219948e+00 -3.475141587369670049e+00 -3.478408257703459849e+00 -3.481676554897560116e+00 -3.484946472388009919e+00 -3.488218003644560028e+00 -3.491491142170549900e+00 -3.494765881502650107e+00 -3.498042215210610095e+00 -3.501320136897140056e+00 -3.504599640197629817e+00 -3.507880718779940121e+00 -3.511163366344229875e+00 -3.514447576622779845e+00 -3.517733343379669808e+00 -3.521020660410699943e+00 -3.524309521543139923e+00 -3.527599920635500208e+00 -3.530891851577409923e+00 -3.534185308289340188e+00 -3.537480284722470003e+00 -3.540776774858449993e+00 -3.544074772709250087e+00 -3.547374272316909938e+00 -3.550675267753450104e+00 -3.553977753120559857e+00 -3.557281722549530123e+00 -3.560587170200950169e+00 -3.563894090264640102e+00 -3.567202476959399959e+00 -3.570512324532840065e+00 -3.573823627261190072e+00 -3.577136379449190162e+00 -3.580450575429789950e+00 -3.583766209564109850e+00 -3.587083276241150198e+00 -3.590401769877720195e+00 -3.593721684918190107e+00 -3.597043015834330060e+00 -3.600365757125199906e+00 -3.603689903316900089e+00 -3.607015448962489934e+00 -3.610342388641750055e+00 -3.613670716961039808e+00 -3.617000428553149849e+00 -3.620331518077160027e+00 -3.623663980218209790e+00 -3.626997809687420027e+00 -3.630333001221639933e+00 -3.633669549583399938e+00 -3.637007449560710093e+00 -3.640346695966810042e+00 -3.643687283640209884e+00 -3.647029207444369980e+00 -3.650372462267620133e+00 -3.653717043023000155e+00 -3.657062944648119984e+00 -3.660410162105010023e+00 -3.663758690379910199e+00 -3.667108524483269960e+00 -3.670459659449429868e+00 -3.673812090336610048e+00 -3.677165812226720121e+00 -3.680520820225190004e+00 -3.683877109460860222e+00 -3.687234675085859781e+00 -3.690593512275420096e+00 -3.693953616227810155e+00 -3.697314982164050079e+00 -3.700677605327999942e+00 -3.704041480986020041e+00 -3.707406604426950025e+00 -3.710772970961940143e+00 -3.714140575924349985e+00 -3.717509414669540213e+00 -3.720879482574809938e+00 -3.724250775039310124e+00 -3.727623287483770032e+00 -3.730997015350519863e+00 -3.734371954103290037e+00 -3.737748099227060194e+00 -3.741125446228029894e+00 -3.744503990633389900e+00 -3.747883727991260017e+00 -3.751264653870570065e+00 -3.754646763860920000e+00 -3.758030053572400053e+00 -3.761414518635629811e+00 -3.764800154701489987e+00 -3.768186957441019835e+00 -3.771574922545419817e+00 -3.774964045725799799e+00 -3.778354322713119995e+00 -3.781745749258099920e+00 -3.785138321131019890e+00
-3.461147784292930130e+00 -3.464406786087760093e+00 -3.467667441138090112e+00 -3.470929742743980029e+00 -3.474193684240160174e+00 -3.477459258995780012e+00 -3.480726460414159895e+00 -3.483995281932629862e+00 -3.487265717022280054e+00 -3.490537759187700040e+00 -3.493811401966850028e+00 -3.497086638930800184e+00 -3.500363463683500154e+00 -3.503641869861609859e+00 -3.506921851134260137e+00 -3.510203401202879991e+00 -3.513486513800970101e+00 -3.516771182693859910e+00 -3.520057401678580167e+00 -3.523345164583609801e+00 -3.526634465268700058e+00 -3.529925297624699976e+00 -3.533217655573280158e+00 -3.536511533066780011e+00 -3.539806924088099827e+00 -3.543103822650349954e+00 -3.546402222796780190e+00 -3.549702118600559952e+00 -3.553003504164570003e+00 -3.556306373621230144e+00 -3.559610721132319799e+00 -3.562916540888770189e+00 -3.566223827110539979e+00 -3.569532574046390128e+00 -3.572842775973649854e+00 -3.576154427198180219e+00 -3.579467522054089912e+00 -3.582782054903559832e+00 -3.586098020136729847e+00 -3.589415412171490072e+00 -3.592734225453300123e+00 -3.596054454455019922e+00 -3.599376093676810218e+00 -3.602699137645830163e+00 -3.606023580916209781e+00 -3.609349418068779958e+00 -3.612676643710960089e+00 -3.616005252476630183e+00 -3.619335239025879947e+00 -3.622666598044910202e+00 -3.625999324245840150e+00 -3.629333412366599898e+00 -3.632668857170710197e+00 -3.636005653447199837e+00 -3.639343796010349852e+00 -3.642683279699650001e+00 -3.646024099379590044e+00 -3.649366249939459905e+00 -3.652709726293330128e+00 -3.656054523379789867e+00 -3.659400636161819875e+00 -3.662748059626680153e+00 -3.666096788785770055e+00 -3.669446818674400035e+00 -3.672798144351749894e+00 -3.676150760900700032e+00 -3.679504663427600075e+00 -3.682859847062270209e+00 -3.686216306957769806e+00 -3.689574038290269975e+00 -3.692933036258939872e+00 -3.696293296085780167e+00 -3.699654813015540000e+00 -3.703017582315519807e+00 -3.706381599275430094e+00 -3.709746859207379899e+00 -3.713113357445589902e+00 -3.716481089346340028e+00 -3.719850050287840215e+00 -3.723220235670090084e+00 -3.726591640914750148e+00 -3.729964261464989939e+00 -3.733338092785440043e+00 -3.736713130361950075e+00 -3.740089369701570021e+00 -3.743466806332380159e+00 -3.746845435803340063e+00 -3.750225253684240201e+00 -3.753606255565510086e+00 -3.756988437058120134e+00 -3.760371793793519934e+00 -3.763756321423400220e+00 -3.767142015619670214e+00 -3.770528872074339954e+00 -3.773916886499339984e+00 -3.777306054626449860e+00 -3.780696372207210221e+00 -3.784087835012730050e+00 -3.787480438833649821e+00 -3.790874179479990058e+00 -3.794269052781030105e+00
-3.469983866745309786e+00 -3.473246713571460198e+00 -3.476511193457040072e+00 -3.479777299806679824e+00 -3.483045026059039984e+00 -3.486314365686499883e+00 -3.489585312194960043e+00 -3.492857859123689845e+00 -3.496132000045040211e+00 -3.499407728564220221e+00 -3.502685038319170108e+00 -3.505963922980309899e+00 -3.509244376250300057e+00 -3.512526391863890041e+00 -3.515809963587670062e+00 -3.519095085219900110e+00 -3.522381750590319882e+00 -3.525669953559869896e+00 -3.528959688020589791e+00 -3.532250947895410054e+00 -3.535543727137859804e+00 -3.538838019732029938e+00 -3.542133819692240060e+00 -3.545431121062899926e+00 -3.548729917918359789e+00 -3.552030204362679910e+00 -3.555331974529440053e+00 -3.558635222581580049e+00 -3.561939942711199958e+00 -3.565246129139370002e+00 -3.568553776115989784e+00 -3.571862877919569801e+00 -3.575173428857060021e+00 -3.578485423263690013e+00 -3.581798855502759782e+00 -3.585113719965530077e+00 -3.588430011070979919e+00 -3.591747723265669823e+00 -3.595066851023580146e+00 -3.598387388845880164e+00 -3.601709331260889879e+00 -3.605032672823750062e+00 -3.608357408116409815e+00 -3.611683531747349907e+00 -3.615011038351460204e+00 -3.618339922589909996e+00 -3.621670179149929947e+00 -3.625001802744709956e+00 -3.628334788113200204e+00 -3.631669130019949954e+00 -3.635004823254980089e+00 -3.638341862633649892e+00 -3.641680242996399919e+00 -3.645019959208759985e+00 -3.648361006161029874e+00 -3.651703378768250019e+00 -3.655047071970019879e+00 -3.658392080730299867e+00 -3.661738400037330088e+00 -3.665086024903479789e+00 -3.668434950365050184e+00 -3.671785171482170096e+00 -3.675136683338649846e+00 -3.678489481041869791e+00 -3.681843559722540071e+00 -3.685198914534689951e+00 -3.688555540655429787e+00 -3.691913433284840007e+00 -3.695272587645900053e+00 -3.698632998984229925e+00 -3.701994662568090178e+00 -3.705357573688110140e+00 -3.708721727657270151e+00 -3.712087119810739910e+00 -3.715453745505670202e+00 -3.718821600121199999e+00 -3.722190679058190010e+00 -3.725560977739209800e+00 -3.728932491608320188e+00 -3.732305216131010184e+00 -3.735679146794019800e+00 -3.739054279105249901e+00 -3.742430608593680041e+00 -3.745808130809090031e+00 -3.749186841322159847e+00 -3.752566735724160107e+00 -3.755947809626920098e+00 -3.759330058662699869e+00 -3.762713478484069896e+00 -3.766098064763760078e+00 -3.769483813194610011e+00 -3.772870719489379798e+00 -3.776258779380670116e+00 -3.779647988620840060e+00 -3.783038342981820179e+00 -3.786429838255060076e+00 -3.789822470251369868e+00 -3.793216234800859787e+00 -3.796611127752790082e+00 -3.800007144975499962e+00 -3.803404282356220190e+00
-3.478829072373569975e+00 -3.482095704065390152e+00 -3.485363948935130018e+00 -3.488633800490000159e+00 -3.491905252270529836e+00 -3.495178297850389804e+00 -3.498452930836080110e+00 -3.501729144866830179e+00 -3.505006933614319919e+00 -3.508286290782450134e+00 -3.511567210107239934e+00 -3.514849685356539855e+00 -3.518133710329849784e+00 -3.521419278858120006e+00 -3.524706384803550030e+00 -3.527995022059399854e+00 -3.531285184549799894e+00 -3.534576866229509839e+00 -3.537870061083780104e+00 -3.541164763128159976e+00 -3.544460966408240044e+00 -3.547758664999570044e+00 -3.551057853007359988e+00 -3.554358524566350042e+00 -3.557660673840670196e+00 -3.560964295023560044e+00 -3.564269382337259984e+00 -3.567575930032790055e+00 -3.570883932389819826e+00 -3.574193383716400163e+00 -3.577504278348920153e+00 -3.580816610651779808e+00 -3.584130375017370085e+00 -3.587445565865750030e+00 -3.590762177644600150e+00 -3.594080204828979941e+00 -3.597399641921180002e+00 -3.600720483450570164e+00 -3.604042723973400086e+00 -3.607366358072659818e+00 -3.610691380357910152e+00 -3.614017785465100108e+00 -3.617345568056459904e+00 -3.620674722820279801e+00 -3.624005244470760001e+00 -3.627337127747909840e+00 -3.630670367417299982e+00 -3.634004958269999808e+00 -3.637340895122370021e+00 -3.640678172815900115e+00 -3.644016786217069814e+00 -3.647356730217250043e+00 -3.650697999732429810e+00 -3.654040589703240194e+00 -3.657384495094599952e+00 -3.660729710895759936e+00 -3.664076232120069943e+00 -3.667424053804789974e+00 -3.670773171011020075e+00 -3.674123578823549785e+00 -3.677475272350680058e+00 -3.680828246724119790e+00 -3.684182497098820175e+00 -3.687538018652849914e+00 -3.690894806587210031e+00 -3.694252856125849860e+00 -3.697612162515299783e+00 -3.700972721024709866e+00 -3.704334526945689987e+00 -3.707697575592109995e+00 -3.711061862300020220e+00 -3.714427382427529789e+00 -3.717794131354629883e+00 -3.721162104483150213e+00 -3.724531297236460148e+00 -3.727901705059549986e+00 -3.731273323418800025e+00 -3.734646147801819804e+00 -3.738020173717400141e+00 -3.741395396695350151e+00 -3.744771812286369794e+00 -3.748149416061940187e+00 -3.751528203614240109e+00 -3.754908170555910196e+00 -3.758289312520080028e+00 -3.761671625160170063e+00 -3.765055104149729992e+00 -3.768439745182429856e+00 -3.771825543971889960e+00 -3.775212496251509897e+00 -3.778600597774480097e+00 -3.781989844313550009e+00 -3.785380231660969930e+00 -3.788771755628399962e+00 -3.792164412046719946e+00 -3.795558196765989933e+00 -3.798953105655349827e+00 -3.802349134602839964e+00 -3.805746279515350050e+00 -3.809144536318480156e+00 -3.812543900956459897e+00
-3.487683223370479979e+00 -3.490953580704789783e+00 -3.494225531644040039e+00 -3.497499069796010218e+00 -3.500774188801210052e+00 -3.504050882332609973e+00 -3.507329144095379991e+00 -3.510608967826799987e+00 -3.513890347295979932e+00 -3.517173276303640073e+00 -3.520457748681990129e+00 -3.523743758294469952e+00 -3.527031299035559897e+00 -3.530320364830600077e+00 -3.533610949635570098e+00 -3.536903047436950054e+00 -3.540196652251459852e+00 -3.543491758125899782e+00 -3.546788359136970215e+00 -3.550086449391109955e+00 -3.553386023024209805e+00 -3.556687074201569931e+00 -3.559989597117609872e+00 -3.563293585995670032e+00 -3.566599035087989922e+00 -3.569905938675320023e+00 -3.573214291066889814e+00 -3.576524086600190167e+00 -3.579835319640780167e+00 -3.583147984582109924e+00 -3.586462075845409991e+00 -3.589777587879429799e+00 -3.593094515160350166e+00 -3.596412852191550158e+00 -3.599732593503469857e+00 -3.603053733653459823e+00 -3.606376267225579912e+00 -3.609700188830459844e+00 -3.613025493105129993e+00 -3.616352174712840206e+00 -3.619680228342970096e+00 -3.623009648710750152e+00 -3.626340430557239980e+00 -3.629672568649060072e+00 -3.633006057778279896e+00 -3.636340892762320198e+00 -3.639677068443630148e+00 -3.643014579689789922e+00 -3.646353421393119909e+00 -3.649693588470639849e+00 -3.653035075863940051e+00 -3.656377878539000204e+00 -3.659721991486009962e+00 -3.663067409719309886e+00 -3.666414128277120099e+00 -3.669762142221559831e+00 -3.673111446638369859e+00 -3.676462036636800157e+00 -3.679813907349509972e+00 -3.683167053932430157e+00 -3.686521471564539798e+00 -3.689877155447850221e+00 -3.693234100807170073e+00 -3.696592302890009840e+00 -3.699951756966429972e+00 -3.703312458328980039e+00 -3.706674402292430059e+00 -3.710037584193750071e+00 -3.713401999391980013e+00 -3.716767643268000132e+00 -3.720134511224499896e+00 -3.723502598685810128e+00 -3.726871901097779993e+00 -3.730242413927680190e+00 -3.733614132663989782e+00 -3.736987052816389987e+00 -3.740361169915550121e+00 -3.743736479513069870e+00 -3.747112977181259907e+00 -3.750490658513160103e+00 -3.753869519122300158e+00 -3.757249554642620115e+00 -3.760630760728400190e+00 -3.764013133054040061e+00 -3.767396667314049985e+00 -3.770781359222870055e+00 -3.774167204514740082e+00 -3.777554198943669839e+00 -3.780942338283229898e+00 -3.784331618326489899e+00 -3.787722034885910194e+00 -3.791113583793209951e+00 -3.794506260899229932e+00 -3.797900062073909844e+00 -3.801294983206100042e+00 -3.804691020203459839e+00 -3.808088168992409983e+00 -3.811486425517939924e+00 -3.814885785743570068e+00 -3.818286245651239863e+00 -3.821687801241150151e+00
-3.496546144742190165e+00 -3.499820169420249982e+00 -3.503095768432860080e+00 -3.506372935486500086e+00 -3.509651664319689779e+00 -3.512931948702810114e+00 -3.516213782437839885e+00 -3.519497159358219829e+00 -3.522782073328650121e+00 -3.526068518244819927e+00 -3.529356488033290162e+00 -3.532645976651290098e+00 -3.535936978086480220e+00 -3.539229486356790133e+00 -3.542523495510229825e+00 -3.545818999624709811e+00 -3.549115992807810205e+00 -3.552414469196630176e+00 -3.555714422957620080e+00 -3.559015848286379846e+00 -3.562318739407420054e+00 -3.565623090574089993e+00 -3.568928896068349843e+00 -3.572236150200529980e+00 -3.575544847309250152e+00 -3.578854981761209864e+00 -3.582166547950989877e+00 -3.585479540300919865e+00 -3.588793953260879910e+00 -3.592109781308120198e+00 -3.595427018947160214e+00 -3.598745660709500083e+00 -3.602065701153589927e+00 -3.605387134864570076e+00 -3.608709956454129841e+00 -3.612034160560389839e+00 -3.615359741847659958e+00 -3.618686695006359866e+00 -3.622015014752809847e+00 -3.625344695829059827e+00 -3.628675733002820092e+00 -3.632008121067169970e+00 -3.635341854840540066e+00 -3.638676929166480001e+00 -3.642013338913499876e+00 -3.645351078974980119e+00 -3.648690144268940116e+00 -3.652030529737969822e+00 -3.655372230349060114e+00 -3.658715241093379866e+00 -3.662059556986239972e+00 -3.665405173066900169e+00 -3.668752084398379854e+00 -3.672100286067450092e+00 -3.675449773184280122e+00 -3.678800540882550152e+00 -3.682152584319100086e+00 -3.685505898673879788e+00 -3.688860479149830063e+00 -3.692216320972720123e+00 -3.695573419390969949e+00 -3.698931769675620096e+00 -3.702291367120099874e+00 -3.705652207040130097e+00 -3.709014284773580084e+00 -3.712377595680420139e+00 -3.715742135142420022e+00 -3.719107898563169812e+00 -3.722474881367929811e+00 -3.725843079003429814e+00 -3.729212486937810045e+00 -3.732583100660450182e+00 -3.735954915681909849e+00 -3.739327927533759865e+00 -3.742702131768409934e+00 -3.746077523959089994e+00 -3.749454099699680132e+00 -3.752831854604569806e+00 -3.756210784308569917e+00 -3.759590884466800009e+00 -3.762972150754510192e+00 -3.766354578867030067e+00 -3.769738164519650159e+00 -3.773122903447450049e+00 -3.776508791405260190e+00 -3.779895824167490037e+00 -3.783283997528000153e+00 -3.786673307300080005e+00 -3.790063749316260111e+00 -3.793455319428189920e+00 -3.796848013506629815e+00 -3.800241827441209974e+00 -3.803636757140389957e+00 -3.807032798531369888e+00 -3.810429947559959896e+00 -3.813828200190419793e+00 -3.817227552405499935e+00 -3.820628000206169883e+00 -3.824029539611600192e+00 -3.827432166659079815e+00 -3.830835877403839795e+00
-3.505417664253009935e+00 -3.508695298882840152e+00 -3.511974488873709888e+00 -3.515255228028840051e+00 -3.518537510182929928e+00 -3.521821329201920037e+00 -3.525106678982730113e+00 -3.528393553453160081e+00 -3.531681946571679998e+00 -3.534971852327120079e+00 -3.538263264738660041e+00 -3.541556177855489818e+00 -3.544850585756710082e+00 -3.548146482551130187e+00 -3.551443862376999938e+00 -3.554742719401959850e+00 -3.558043047822760041e+00 -3.561344841865099919e+00 -3.564648095783470083e+00 -3.567952803860989786e+00 -3.571258960409120053e+00 -3.574566559767640150e+00 -3.577875596304379791e+00 -3.581186064415029957e+00 -3.584497958523039873e+00 -3.587811273079430041e+00 -3.591126002562539998e+00 -3.594442141477970143e+00 -3.597759684358369903e+00 -3.601078625763229901e+00 -3.604398960278810016e+00 -3.607720682517860045e+00 -3.611043787119580184e+00 -3.614368268749350133e+00 -3.617694122098630061e+00 -3.621021341884810063e+00 -3.624349922851020089e+00 -3.627679859765950088e+00 -3.631011147423790053e+00 -3.634343780643949806e+00 -3.637677754271030128e+00 -3.641013063174559861e+00 -3.644349702248939948e+00 -3.647687666413209850e+00 -3.651026950610960053e+00 -3.654367549810160209e+00 -3.657709459002980168e+00 -3.661052673205760222e+00 -3.664397187458710015e+00 -3.667742996825860136e+00 -3.671090096394889812e+00 -3.674438481277039870e+00 -3.677788146606860042e+00 -3.681139087542209865e+00 -3.684491299263959796e+00 -3.687844776976020089e+00 -3.691199515905109863e+00 -3.694555511300579909e+00 -3.697912758434410030e+00 -3.701271252600939921e+00 -3.704630989116839856e+00 -3.707991963320909967e+00 -3.711354170573990086e+00 -3.714717606258810090e+00 -3.718082265779850015e+00 -3.721448144563269889e+00 -3.724815238056689903e+00 -3.728183541729139794e+00 -3.731553051070930049e+00 -3.734923761593460068e+00 -3.738295668829170193e+00 -3.741668768331380068e+00 -3.745043055674190047e+00 -3.748418526452330202e+00 -3.751795176281039979e+00 -3.755173000796010019e+00 -3.758551995653180100e+00 -3.761932156528700055e+00 -3.765313479118700180e+00 -3.768695959139329865e+00 -3.772079592326520014e+00 -3.775464374435889781e+00 -3.778850301242699938e+00 -3.782237368541640166e+00 -3.785625572146809947e+00 -3.789014907891569806e+00 -3.792405371628360111e+00 -3.795796959228740164e+00 -3.799189666583159930e+00 -3.802583489600880107e+00 -3.805978424209900179e+00 -3.809374466356790112e+00 -3.812771612006640165e+00 -3.816169857142949873e+00 -3.819569197767469948e+00 -3.822969629900169863e+00 -3.826371149579069986e+00 -3.829773752860210045e+00 -3.833177435817459955e+00 -3.836582194542519808e+00 -3.839988025144700057e+00
-3.514297612374420066e+00 -3.517578800453620147e+00 -3.520861525211520071e+00 -3.524145780546270146e+00 -3.527431560386919962e+00 -3.530718858693130180e+00 -3.534007669455020206e+00 -3.537297986692910179e+00 -3.540589804457269896e+00 -3.543883116828350222e+00 -3.547177917916140011e+00 -3.550474201860129853e+00 -3.553771962829110009e+00 -3.557071195020999888e+00 -3.560371892662700155e+00 -3.563674050009849825e+00 -3.566977661346680151e+00 -3.570282720985869851e+00 -3.573589223268290205e+00 -3.576897162562929999e+00 -3.580206533266609981e+00 -3.583517329803910023e+00 -3.586829546626959964e+00 -3.590143178215199793e+00 -3.593458219075369886e+00 -3.596774663741169942e+00 -3.600092506773239887e+00 -3.603411742758889869e+00 -3.606732366311979909e+00 -3.610054372072760032e+00 -3.613377754707700173e+00 -3.616702508909329872e+00 -3.620028629396080166e+00 -3.623356110912140160e+00 -3.626684948227259842e+00 -3.630015136136659937e+00 -3.633346669460820078e+00 -3.636679543045330032e+00 -3.640013751760760030e+00 -3.643349290502539972e+00 -3.646686154190720064e+00 -3.650024337769879779e+00 -3.653363836209019944e+00 -3.656704644501350021e+00 -3.660046757664119799e+00 -3.663390170738579865e+00 -3.666734878789709828e+00 -3.670080876906209877e+00 -3.673428160200289838e+00 -3.676776723807449798e+00 -3.680126562886489872e+00 -3.683477672619309917e+00 -3.686830048210699928e+00 -3.690183684888369786e+00 -3.693538577902600206e+00 -3.696894722526300026e+00 -3.700252114054789931e+00 -3.703610747805610171e+00 -3.706970619118520105e+00 -3.710331723355269951e+00 -3.713694055899490198e+00 -3.717057612156600133e+00 -3.720422387553639965e+00 -3.723788377539150041e+00 -3.727155577583039836e+00 -3.730523983176520009e+00 -3.733893589831870141e+00 -3.737264393082420089e+00 -3.740636388482379893e+00 -3.744009571606699893e+00 -3.747383938050980134e+00 -3.750759483431350017e+00 -3.754136203384330184e+00 -3.757514093566760138e+00 -3.760893149655560208e+00 -3.764273367347790167e+00 -3.767654742360409870e+00 -3.771037270430180222e+00 -3.774420947313560148e+00 -3.777805768786650198e+00 -3.781191730644979820e+00 -3.784578828703430098e+00 -3.787967058796199993e+00 -3.791356416776559879e+00 -3.794746898516859979e+00 -3.798138499908350063e+00 -3.801531216861110174e+00 -3.804925045303909847e+00 -3.808319981184149938e+00 -3.811716020467680099e+00 -3.815113159138800114e+00 -3.818511393200049842e+00 -3.821910718672150153e+00 -3.825311131593930103e+00 -3.828712628022170161e+00 -3.832115204031509847e+00 -3.835518855714420194e+00 -3.838923579180979928e+00 -3.842329370558879909e+00 -3.845736225993260149e+00 -3.849144141646660078e+00
-3.523185822232310027e+00 -3.526470508131149817e+00 -3.529756712312030142e+00 -3.533044428766240141e+00 -3.536333651515379817e+00 -3.539624374611079816e+00 -3.542916592134839782e+00 -3.546210298197829847e+00 -3.549505486940740084e+00 -3.552802152533530045e+00 -3.556100289175310181e+00 -3.559399891094150004e+00 -3.562700952546849820e+00 -3.566003467818830153e+00 -3.569307431223879945e+00 -3.572612837104069961e+00 -3.575919679829469899e+00 -3.579227953798080009e+00 -3.582537653435600156e+00 -3.585848773195260186e+00 -3.589161307557649838e+00 -3.592475251030600170e+00 -3.595790598148929984e+00 -3.599107343474360121e+00 -3.602425481595310064e+00 -3.605745007126699875e+00 -3.609065914709900014e+00 -3.612388199012440015e+00 -3.615711854727900132e+00 -3.619036876575799866e+00 -3.622363259301379923e+00 -3.625690997675440119e+00 -3.629020086494239905e+00 -3.632350520579319841e+00 -3.635682294777279999e+00 -3.639015403959750206e+00 -3.642349843023160005e+00 -3.645685606888600105e+00 -3.649022690501659838e+00 -3.652361088832349889e+00 -3.655700796874850056e+00 -3.659041809647450183e+00 -3.662384122192369862e+00 -3.665727729575619875e+00 -3.669072626886829891e+00 -3.672418809239200055e+00 -3.675766271769199900e+00 -3.679115009636619860e+00 -3.682465018024319914e+00 -3.685816292138039962e+00 -3.689168827206410040e+00 -3.692522618480710062e+00 -3.695877661234769906e+00 -3.699233950764829970e+00 -3.702591482389379962e+00 -3.705950251449099841e+00 -3.709310253306690175e+00 -3.712671483346670076e+00 -3.716033936975370100e+00 -3.719397609620770151e+00 -3.722762496732280102e+00 -3.726128593780730025e+00 -3.729495896258200105e+00 -3.732864399677910061e+00 -3.736234099574020195e+00 -3.739604991501670028e+00 -3.742977071036639902e+00 -3.746350333775430030e+00 -3.749724775335049998e+00 -3.753100391352869991e+00 -3.756477177486559960e+00 -3.759855129413939956e+00 -3.763234242832900200e+00 -3.766614513461239877e+00 -3.769995937036569877e+00 -3.773378509316189788e+00 -3.776762226077019946e+00 -3.780147083115430018e+00 -3.783533076247130200e+00 -3.786920201307129918e+00 -3.790308454149529993e+00 -3.793697830647460023e+00 -3.797088326693029980e+00 -3.800479938197080187e+00 -3.803872661089199969e+00 -3.807266491317589985e+00 -3.810661424848889922e+00 -3.814057457668179829e+00 -3.817454585778779830e+00 -3.820852805202190172e+00 -3.824252111978049928e+00 -3.827652502163879866e+00 -3.831053971835109984e+00 -3.834456517084949834e+00 -3.837860134024260184e+00 -3.841264818781480184e+00 -3.844670567502519898e+00 -3.848077376350639955e+00 -3.851485241506409807e+00 -3.854894159167550072e+00 -3.858304125548860153e+00
-3.532082129557819972e+00 -3.535370258502790186e+00 -3.538659887613440080e+00 -3.541951010972430147e+00 -3.545243622692149987e+00 -3.548537716914499818e+00 -3.551833287810629791e+00 -3.555130329580820092e+00 -3.558428836454329947e+00 -3.561728802689120066e+00 -3.565030222571779817e+00 -3.568333090417259879e+00 -3.571637400568770104e+00 -3.574943147397549925e+00 -3.578250325302720025e+00 -3.581558928711119805e+00 -3.584868952077110205e+00 -3.588180389882389854e+00 -3.591493236635909803e+00 -3.594807486873619951e+00 -3.598123135158299846e+00 -3.601440176079500066e+00 -3.604758604253250009e+00 -3.608078414321949978e+00 -3.611399600954220190e+00 -3.614722158844770217e+00 -3.618046082714129863e+00 -3.621371367308630074e+00 -3.624698007400109834e+00 -3.628025997785900181e+00 -3.631355333288570186e+00 -3.634686008755759978e+00 -3.638018019060159869e+00 -3.641351359099199936e+00 -3.644686023794979857e+00 -3.648022008094169877e+00 -3.651359306967719931e+00 -3.654697915410860087e+00 -3.658037828442879835e+00 -3.661379041106989973e+00 -3.664721548470180057e+00 -3.668065345623079843e+00 -3.671410427679859811e+00 -3.674756789778010013e+00 -3.678104427078229932e+00 -3.681453334764360097e+00 -3.684803508043120068e+00 -3.688154942144100001e+00 -3.691507632319519949e+00 -3.694861573844149927e+00 -3.698216762015159809e+00 -3.701573192152030067e+00 -3.704930859596310189e+00 -3.708289759711630218e+00 -3.711649887883480048e+00 -3.715011239519080188e+00 -3.718373810047300054e+00 -3.721737594918490100e+00 -3.725102589604380121e+00 -3.728468789597939814e+00 -3.731836190413269971e+00 -3.735204787585450159e+00 -3.738574576670469884e+00 -3.741945553245019873e+00 -3.745317712906449881e+00 -3.748691051272659891e+00 -3.752065563981879848e+00 -3.755441246692630131e+00 -3.758818095083619859e+00 -3.762196104853570144e+00 -3.765575271721130157e+00 -3.768955591424739904e+00 -3.772337059722589814e+00 -3.775719672392409798e+00 -3.779103425231360003e+00 -3.782488314056040135e+00 -3.785874334702250099e+00 -3.789261483024919830e+00 -3.792649754898000047e+00 -3.796039146214400084e+00 -3.799429652885780051e+00 -3.802821270842520196e+00 -3.806213996033629865e+00 -3.809607824426529898e+00 -3.813002752007100149e+00 -3.816398774779469871e+00 -3.819795888765909808e+00 -3.823194090006800216e+00 -3.826593374560490091e+00 -3.829993738503150169e+00 -3.833395177928780040e+00 -3.836797688948999863e+00 -3.840201267692989973e+00 -3.843605910307430040e+00 -3.847011612956349857e+00 -3.850418371821029861e+00 -3.853826183099970049e+00 -3.857235043008690134e+00 -3.860644947779749980e+00 -3.864055893662550201e+00 -3.867467876923280201e+00
-3.540986372638160073e+00 -3.544277890695899824e+00 -3.547570891077949984e+00 -3.550865367956660190e+00 -3.554161315533510113e+00 -3.557458728038939810e+00 -3.560757599732080170e+00 -3.564057924900689844e+00 -3.567359697860899903e+00 -3.570662912957060176e+00 -3.573967564561550070e+00 -3.577273647074649787e+00 -3.580581154924329823e+00 -3.583890082566079993e+00 -3.587200424482739791e+00 -3.590512175184370047e+00 -3.593825329208029995e+00 -3.597139881117629834e+00 -3.600455825503769969e+00 -3.603773156983620218e+00 -3.607091870200640038e+00 -3.610411959824579853e+00 -3.613733420551190179e+00 -3.617056247102070188e+00 -3.620380434224620192e+00 -3.623705976691769859e+00 -3.627032869301869855e+00 -3.630361106878539967e+00 -3.633690684270499904e+00 -3.637021596351429853e+00 -3.640353838019839916e+00 -3.643687404198829860e+00 -3.647022289836070019e+00 -3.650358489903580139e+00 -3.653695999397569949e+00 -3.657034813338329915e+00 -3.660374926770090021e+00 -3.663716334760819926e+00 -3.667059032402160135e+00 -3.670403014809230147e+00 -3.673748277120529870e+00 -3.677094814497719799e+00 -3.680442622125620122e+00 -3.683791695211919848e+00 -3.687142028987139941e+00 -3.690493618704480117e+00 -3.693846459639639868e+00 -3.697200547090759848e+00 -3.700555876378239795e+00 -3.703912442844590203e+00 -3.707270241854330184e+00 -3.710629268793910196e+00 -3.713989519071450029e+00 -3.717350988116749910e+00 -3.720713671381049803e+00 -3.724077564337000101e+00 -3.727442662478490210e+00 -3.730808961320470019e+00 -3.734176456398969890e+00 -3.737545143270810222e+00 -3.740915017513600116e+00 -3.744286074725580171e+00 -3.747658310525479930e+00 -3.751031720552440163e+00 -3.754406300465820134e+00 -3.757782045945219807e+00 -3.761158952690169865e+00 -3.764537016420200111e+00 -3.767916232874640059e+00 -3.771296597812450191e+00 -3.774678107012209960e+00 -3.778060756271980125e+00 -3.781444541409119786e+00 -3.784829458260300150e+00 -3.788215502681239855e+00 -3.791602670546729836e+00 -3.794990957750480121e+00 -3.798380360204990147e+00 -3.801770873841410214e+00 -3.805162494609569901e+00 -3.808555218477720050e+00 -3.811949041432459939e+00 -3.815343959478770142e+00 -3.818739968639679905e+00 -3.822137064956359964e+00 -3.825535244487940023e+00 -3.828934503311370197e+00 -3.832334837521400139e+00 -3.835736243230440046e+00 -3.839138716568419873e+00 -3.842542253682789788e+00 -3.845946850738339862e+00 -3.849352503917080170e+00 -3.852759209418270103e+00 -3.856166963458190100e+00 -3.859575762270099908e+00 -3.862985602104179961e+00 -3.866396479227339977e+00 -3.869808389923230063e+00 -3.873221330492090164e+00 -3.876635297250639933e+00
-3.549898392268119984e+00 -3.553193246329629851e+00 -3.556489565143969855e+00 -3.559787342971460156e+00 -3.563086574101030024e+00 -3.566387252849979816e+00 -3.569689373563820212e+00 -3.572992930616090135e+00 -3.576297918408250176e+00 -3.579604331369340198e+00 -3.582912163956029961e+00 -3.586221410652299824e+00 -3.589532065969299968e+00 -3.592844124445230047e+00 -3.596157580645099827e+00 -3.599472429160630149e+00 -3.602788664610080183e+00 -3.606106281638020050e+00 -3.609425274915260218e+00 -3.612745639138629894e+00 -3.616067369030839806e+00 -3.619390459340340094e+00 -3.622714904841120021e+00 -3.626040700332600064e+00 -3.629367840639449838e+00 -3.632696320611440211e+00 -3.636026135123279879e+00 -3.639357279074510121e+00 -3.642689747389300070e+00 -3.646023535016320150e+00 -3.649358636928619948e+00 -3.652695048123399957e+00 -3.656032763621980042e+00 -3.659371778469600045e+00 -3.662712087735210176e+00 -3.666053686511470122e+00 -3.669396569914470163e+00 -3.672740733083680098e+00 -3.676086171181789819e+00 -3.679432879394520128e+00 -3.682780852930589877e+00 -3.686130087021440183e+00 -3.689480576921249977e+00 -3.692832317906689976e+00 -3.696185305276820099e+00 -3.699539534352980219e+00 -3.702895000478629850e+00 -3.706251699019239787e+00 -3.709609625362149998e+00 -3.712968774916439951e+00 -3.716329143112799827e+00 -3.719690725403419940e+00 -3.723053517261820211e+00 -3.726417514182819968e+00 -3.729782711682259944e+00 -3.733149105297060011e+00 -3.736516690584970046e+00 -3.739885463124439813e+00 -3.743255418514599864e+00 -3.746626552375070140e+00 -3.749998860345860052e+00 -3.753372338087209936e+00 -3.756746981279539987e+00 -3.760122785623309927e+00 -3.763499746838849802e+00 -3.766877860666350220e+00 -3.770257122865619870e+00 -3.773637529216100184e+00 -3.777019075516680147e+00 -3.780401757585550193e+00 -3.783785571260190217e+00 -3.787170512397179944e+00 -3.790556576872119887e+00 -3.793943760579539859e+00 -3.797332059432720008e+00 -3.800721469363669947e+00 -3.804111986322990191e+00 -3.807503606279730057e+00 -3.810896325221329928e+00 -3.814290139153500014e+00 -3.817685044100119995e+00 -3.821081036103109785e+00 -3.824478111222379795e+00 -3.827876265535679945e+00 -3.831275495138520171e+00 -3.834675796144059845e+00 -3.838077164683039832e+00 -3.841479596903630167e+00 -3.844883088971399854e+00 -3.848287637069120137e+00 -3.851693237396789815e+00 -3.855099886171439838e+00 -3.858507579627069806e+00 -3.861916314014600005e+00 -3.865326085601690220e+00 -3.868736890672709983e+00 -3.872148725528630209e+00 -3.875561586486900190e+00 -3.878975469881420057e+00 -3.882390372062389794e+00 -3.885806289396230184e+00
-3.558818031703840035e+00 -3.562116169469109916e+00 -3.565415754680580029e+00 -3.568716781684889927e+00 -3.572019244856750042e+00 -3.575323138598769823e+00 -3.578628457341169966e+00 -3.581935195541710026e+00 -3.585243347685540094e+00 -3.588552908284929899e+00 -3.591863871879179992e+00 -3.595176233034440116e+00 -3.598489986343550218e+00 -3.601805126425820180e+00 -3.605121647926980089e+00 -3.608439545518900005e+00 -3.611758813899519804e+00 -3.615079447792600043e+00 -3.618401441947659780e+00 -3.621724791139799837e+00 -3.625049490169459876e+00 -3.628375533862400193e+00 -3.631702917069420167e+00 -3.635031634666289868e+00 -3.638361681553579974e+00 -3.641693052656500118e+00 -3.645025742924759893e+00 -3.648359747332400094e+00 -3.651695060877690135e+00 -3.655031678582920218e+00 -3.658369595494360027e+00 -3.661708806681950090e+00 -3.665049307239339971e+00 -3.668391092283649790e+00 -3.671734156955309913e+00 -3.675078496417980123e+00 -3.678424105858390192e+00 -3.681770980486199996e+00 -3.685119115533840084e+00 -3.688468506256449952e+00 -3.691819147931620027e+00 -3.695171035859400099e+00 -3.698524165362070182e+00 -3.701878531784040138e+00 -3.705234130491689815e+00 -3.708590956873320188e+00 -3.711949006338910007e+00 -3.715308274320090032e+00 -3.718668756269969844e+00 -3.722030447662980190e+00 -3.725393343994829909e+00 -3.728757440782299870e+00 -3.732122733563170147e+00 -3.735489217896100111e+00 -3.738856889360429925e+00 -3.742225743556189865e+00 -3.745595776103880059e+00 -3.748966982644339918e+00 -3.752339358838740146e+00 -3.755712900368339824e+00 -3.759087602934449990e+00 -3.762463462258290203e+00 -3.765840474080880185e+00 -3.769218634162910142e+00 -3.772597938284619978e+00 -3.775978382245769982e+00 -3.779359961865389916e+00 -3.782742672981770138e+00 -3.786126511452350130e+00 -3.789511473153539978e+00 -3.792897553980679959e+00 -3.796284749847879780e+00 -3.799673056687950190e+00 -3.803062470452310162e+00 -3.806452987110799935e+00 -3.809844602651669909e+00 -3.813237313081439872e+00 -3.816631114424749782e+00 -3.820026002724330016e+00 -3.823421974040880134e+00 -3.826819024452909890e+00 -3.830217150056709929e+00 -3.833616346966250088e+00 -3.837016611312969783e+00 -3.840417939245860168e+00 -3.843820326931230102e+00 -3.847223770552619992e+00 -3.850628266310760051e+00 -3.854033810423449946e+00 -3.857440399125430019e+00 -3.860848028668379950e+00 -3.864256695320679835e+00 -3.867666395367419963e+00 -3.871077125110330197e+00 -3.874488880867589913e+00 -3.877901658973789800e+00 -3.881315455779890122e+00 -3.884730267653010216e+00 -3.888146090976449809e+00 -3.891562922149539805e+00 -3.894980757587580111e+00
-3.567745136616269797e+00 -3.571046506579290014e+00 -3.574349306941750015e+00 -3.577653532135039782e+00 -3.580959176618089934e+00 -3.584266234877179880e+00 -3.587574701425679802e+00 -3.590884570804050213e+00 -3.594195837579579944e+00 -3.597508496346160101e+00 -3.600822541724249870e+00 -3.604137968360670019e+00 -3.607454770928399945e+00 -3.610772944126440009e+00 -3.614092482679669871e+00 -3.617413381338689948e+00 -3.620735634879639786e+00 -3.624059238104050173e+00 -3.627384185838709918e+00 -3.630710472935520183e+00 -3.634038094271260011e+00 -3.637367044747589873e+00 -3.640697319290739919e+00 -3.644028912851410063e+00 -3.647361820404730004e+00 -3.650696036949959922e+00 -3.654031557510419859e+00 -3.657368377133360049e+00 -3.660706490889789944e+00 -3.664045893874320114e+00 -3.667386581205049900e+00 -3.670728548023419968e+00 -3.674071789494090190e+00 -3.677416300804750016e+00 -3.680762077166039870e+00 -3.684109113811369962e+00 -3.687457405996819926e+00 -3.690806949000979831e+00 -3.694157738124820067e+00 -3.697509768691570109e+00 -3.700863036046610155e+00 -3.704217535557249974e+00 -3.707573262612700038e+00 -3.710930212623929858e+00 -3.714288381023440166e+00 -3.717647763265279792e+00 -3.721008354824789865e+00 -3.724370151198599821e+00 -3.727733147904409794e+00 -3.731097340480880042e+00 -3.734462724487559893e+00 -3.737829295504730087e+00 -3.741197049133250019e+00 -3.744565980994530197e+00 -3.747936086730299987e+00 -3.751307362002580081e+00 -3.754679802493530172e+00 -3.758053403905309953e+00 -3.761428161960000072e+00 -3.764804072399469792e+00 -3.768181130985269967e+00 -3.771559333498510025e+00 -3.774938675739759830e+00 -3.778319153528909791e+00 -3.781700762705079821e+00 -3.785083499126559836e+00 -3.788467358670549956e+00 -3.791852337233220016e+00 -3.795238430729539925e+00 -3.798625635093110020e+00 -3.802013946276149969e+00 -3.805403360249319800e+00 -3.808793873001659946e+00 -3.812185480540509985e+00 -3.815578178891279926e+00 -3.818971964097510163e+00 -3.822366832220669863e+00 -3.825762779340069919e+00 -3.829159801552770137e+00 -3.832557894973509960e+00 -3.835957055734549925e+00 -3.839357279985569971e+00 -3.842758563893689860e+00 -3.846160903643200069e+00 -3.849564295435590200e+00 -3.852968735489420204e+00 -3.856374220040169831e+00 -3.859780745340239960e+00 -3.863188307658779852e+00 -3.866596903281640074e+00 -3.870006528511240163e+00 -3.873417179666520216e+00 -3.876828853082789905e+00 -3.880241545111720036e+00 -3.883655252121169799e+00 -3.887069970495129922e+00 -3.890485696633680046e+00 -3.893902426952810192e+00 -3.897320157884379910e+00 -3.900738885876049888e+00 -3.904158607391170044e+00
-3.576679555047349801e+00 -3.579984106481290063e+00 -3.583290071523059783e+00 -3.586597444687170011e+00 -3.589906220515190149e+00 -3.593216393575549894e+00 -3.596527958463259900e+00 -3.599840909799890021e+00 -3.603155242233380129e+00 -3.606470950437770107e+00 -3.609788029113179864e+00 -3.613106472985589956e+00 -3.616426276806659956e+00 -3.619747435353609877e+00 -3.623069943429050088e+00 -3.626393795860849867e+00 -3.629718987501940219e+00 -3.633045513230189982e+00 -3.636373367948249946e+00 -3.639702546583429843e+00 -3.643033044087470085e+00 -3.646364855436530217e+00 -3.649697975630890046e+00 -3.653032399694910115e+00 -3.656368122676830090e+00 -3.659705139648670169e+00 -3.663043445706049894e+00 -3.666383035968079795e+00 -3.669723905577200185e+00 -3.673066049699030167e+00 -3.676409463522280152e+00 -3.679754142258520044e+00 -3.683100081142189897e+00 -3.686447275430309922e+00 -3.689795720402409884e+00 -3.693145411360470032e+00 -3.696496343628659975e+00 -3.699848512553280067e+00 -3.703201913502589981e+00 -3.706556541866779853e+00 -3.709912393057679836e+00 -3.713269462508789864e+00 -3.716627745675039840e+00 -3.719987238032730126e+00 -3.723347935079369897e+00 -3.726709832333590100e+00 -3.730072925334920075e+00 -3.733437209643859944e+00 -3.736802680841559976e+00 -3.740169334529780176e+00 -3.743537166330800137e+00 -3.746906171887260051e+00 -3.750276346862030152e+00 -3.753647686938169858e+00 -3.757020187818670198e+00 -3.760393845226519982e+00 -3.763768654904439792e+00 -3.767144612614819810e+00 -3.770521714139619895e+00 -3.773899955280279883e+00 -3.777279331857509970e+00 -3.780659839711280057e+00 -3.784041474700699847e+00 -3.787424232703830107e+00 -3.790808109617649801e+00 -3.794193101357949960e+00 -3.797579203859149821e+00 -3.800966413074259975e+00 -3.804354724974800206e+00 -3.807744135550589881e+00 -3.811134640809750174e+00 -3.814526236778520207e+00 -3.817918919501220198e+00 -3.821312685040130219e+00 -3.824707529475309897e+00 -3.828103448904620176e+00 -3.831500439443579875e+00 -3.834898497225200042e+00 -3.838297618399990174e+00 -3.841697799135780134e+00 -3.845099035617649985e+00 -3.848501324047830074e+00 -3.851904660645649958e+00 -3.855309041647339896e+00 -3.858714463306049947e+00 -3.862120921891670111e+00 -3.865528413690789922e+00 -3.868936935006570099e+00 -3.872346482158670167e+00 -3.875757051483140092e+00 -3.879168639332399859e+00 -3.882581242074989891e+00 -3.885994856095659866e+00 -3.889409477795170211e+00 -3.892825103590240143e+00 -3.896241729913429985e+00 -3.899659353213119850e+00 -3.903077969953339998e+00 -3.906497576613749967e+00 -3.909918169689509782e+00 -3.913339745691200022e+00
-3.585621137365019973e+00 -3.588928820307970113e+00 -3.592237900317480026e+00 -3.595548371989710112e+00 -3.598860229947340006e+00 -3.602173468839399817e+00 -3.605488083341069849e+00 -3.608804068153530054e+00 -3.612121418003889861e+00 -3.615440127644860002e+00 -3.618760191854760055e+00 -3.622081605437279972e+00 -3.625404363221340187e+00 -3.628728460060949956e+00 -3.632053890835019949e+00 -3.635380650447280093e+00 -3.638708733826080177e+00 -3.642038135924190012e+00 -3.645368851718799874e+00 -3.648700876211230071e+00 -3.652034204426839903e+00 -3.655368831414940178e+00 -3.658704752248540082e+00 -3.662041962024260133e+00 -3.665380455862210063e+00 -3.668720228905849812e+00 -3.672061276321759937e+00 -3.675403593299659821e+00 -3.678747175052119900e+00 -3.682092016814519919e+00 -3.685438113844869967e+00 -3.688785461423670142e+00 -3.692134054853850156e+00 -3.695483889460549953e+00 -3.698834960590999810e+00 -3.702187263614450163e+00 -3.705540793921989984e+00 -3.708895546926420206e+00 -3.712251518062140043e+00 -3.715608702785030193e+00 -3.718967096572300068e+00 -3.722326694922390100e+00 -3.725687493354819857e+00 -3.729049487410089903e+00 -3.732412672649540131e+00 -3.735777044655229862e+00 -3.739142599029820158e+00 -3.742509331396489891e+00 -3.745877237398779869e+00 -3.749246312700420081e+00 -3.752616552985330145e+00 -3.755987953957410141e+00 -3.759360511340500199e+00 -3.762734220878169999e+00 -3.766109078333680138e+00 -3.769485079489870216e+00 -3.772862220148990087e+00 -3.776240496132610147e+00 -3.779619903281560056e+00 -3.783000437455759979e+00 -3.786382094534119780e+00 -3.789764870414450204e+00 -3.793148761013339865e+00 -3.796533762266069978e+00 -3.799919870126439836e+00 -3.803307080566800114e+00 -3.806695389577769983e+00 -3.810084793168260209e+00 -3.813475287365339916e+00 -3.816866868214119801e+00 -3.820259531777630002e+00 -3.823653274136769920e+00 -3.827048091390179874e+00 -3.830443979654139852e+00 -3.833840935062439836e+00 -3.837238953766359817e+00 -3.840638031934509922e+00 -3.844038165752739822e+00 -3.847439351424040144e+00 -3.850841585168479853e+00 -3.854244863223080131e+00 -3.857649181841679820e+00 -3.861054537294999811e+00 -3.864460925870289998e+00 -3.867868343871499803e+00 -3.871276787619020165e+00 -3.874686253449640017e+00 -3.878096737716449915e+00 -3.881508236788799859e+00 -3.884920747052090118e+00 -3.888334264907849835e+00 -3.891748786773490121e+00 -3.895164309082289833e+00 -3.898580828283340072e+00 -3.901998340841370094e+00 -3.905416843236719782e+00 -3.908836331965260147e+00 -3.912256803538289862e+00 -3.915678254482430010e+00 -3.919100681339589887e+00 -3.922524080666800028e+00
-3.594569736221460143e+00 -3.597880501462289882e+00 -3.601192647474200204e+00 -3.604506168933470089e+00 -3.607821060542410141e+00 -3.611137317029200045e+00 -3.614454933147659865e+00 -3.617773903677190095e+00 -3.621094223422579805e+00 -3.624415887213780163e+00 -3.627738889905880004e+00 -3.631063226378879794e+00 -3.634388891537540189e+00 -3.637715880311239935e+00 -3.641044187653850184e+00 -3.644373808543570181e+00 -3.647704737982759848e+00 -3.651036970997810105e+00 -3.654370502639019858e+00 -3.657705327980460108e+00 -3.661041442119730149e+00 -3.664378840177989982e+00 -3.667717517299660113e+00 -3.671057468652339839e+00 -3.674398689426720210e+00 -3.677741174836369975e+00 -3.681084920117649872e+00 -3.684429920529539881e+00 -3.687776171353529975e+00 -3.691123667893500215e+00 -3.694472405475540011e+00 -3.697822379447860186e+00 -3.701173585180629999e+00 -3.704526018065919857e+00 -3.707879673517429975e+00 -3.711234546970540116e+00 -3.714590633882049797e+00 -3.717947929730080148e+00 -3.721306430014000188e+00 -3.724666130254239871e+00 -3.728027025992210142e+00 -3.731389112790170159e+00 -3.734752386231079857e+00 -3.738116841918509792e+00 -3.741482475476519909e+00 -3.744849282549509883e+00 -3.748217258802129859e+00 -3.751586399919189851e+00 -3.754956701605450142e+00 -3.758328159585599959e+00 -3.761700769604099825e+00 -3.765074527425090078e+00 -3.768449428832210124e+00 -3.771825469628620198e+00 -3.775202645636710042e+00 -3.778580952698169959e+00 -3.781960386673759889e+00 -3.785340943443200157e+00 -3.788722618905159933e+00 -3.792105408977060055e+00 -3.795489309594969995e+00 -3.798874316713570121e+00 -3.802260426305959840e+00 -3.805647634363599874e+00 -3.809035936896210117e+00 -3.812425329931679929e+00 -3.815815809515870072e+00 -3.819207371712650012e+00 -3.822600012603710073e+00 -3.825993728288449969e+00 -3.829388514883949934e+00 -3.832784368524780216e+00 -3.836181285363000182e+00 -3.839579261567999779e+00 -3.842978293326360095e+00 -3.846378376841860014e+00 -3.849779508335330114e+00 -3.853181684044539868e+00 -3.856584900224119927e+00 -3.859989153145470198e+00 -3.863394439096670130e+00 -3.866800754382320182e+00 -3.870208095323630193e+00 -3.873616458258069883e+00 -3.877025839539490093e+00 -3.880436235537959799e+00 -3.883847642639620013e+00 -3.887260057246679779e+00 -3.890673475777299828e+00 -3.894087894665470007e+00 -3.897503310360979967e+00 -3.900919719329269952e+00 -3.904337118051400157e+00 -3.907755503023929933e+00 -3.911174870758840072e+00 -3.914595217783459979e+00 -3.918016540640369971e+00 -3.921438835887320007e+00 -3.924862100097150197e+00 -3.928286329857729964e+00 -3.931711521771799944e+00
-3.603525206510609813e+00 -3.606839005575200208e+00 -3.610154169356679876e+00 -3.613470692609969781e+00 -3.616788570115549994e+00 -3.620107796679299828e+00 -3.623428367132270012e+00 -3.626750276330589884e+00 -3.630073519155339934e+00 -3.633398090512339973e+00 -3.636723985332030118e+00 -3.640051198569319801e+00 -3.643379725203430120e+00 -3.646709560237800130e+00 -3.650040698699830166e+00 -3.653373135640869851e+00 -3.656706866135969847e+00 -3.660041885283789931e+00 -3.663378188206449781e+00 -3.666715770049409961e+00 -3.670054625981280072e+00 -3.673394751193720165e+00 -3.676736140901310179e+00 -3.680078790341370087e+00 -3.683422694773870187e+00 -3.686767849481289883e+00 -3.690114249768449817e+00 -3.693461890962419947e+00 -3.696810768412369885e+00 -3.700160877489440114e+00 -3.703512213586610091e+00 -3.706864772118549922e+00 -3.710218548521579951e+00 -3.713573538253430062e+00 -3.716929736793140204e+00 -3.720287139641019980e+00 -3.723645742318410168e+00 -3.727005540367649861e+00 -3.730366529351880178e+00 -3.733728704854999858e+00 -3.737092062481460086e+00 -3.740456597856229859e+00 -3.743822306624589924e+00 -3.747189184452099919e+00 -3.750557227024410079e+00 -3.753926430047199947e+00 -3.757296789245999857e+00 -3.760668300366179828e+00 -3.764040959172719969e+00 -3.767414761450130101e+00 -3.770789703002389803e+00 -3.774165779652820074e+00 -3.777542987243879935e+00 -3.780921321637200183e+00 -3.784300778713360014e+00 -3.787681354371830178e+00 -3.791063044530900150e+00 -3.794445845127440098e+00 -3.797829752116950175e+00 -3.801214761473359793e+00 -3.804600869188949908e+00 -3.807988071274249986e+00 -3.811376363757930097e+00 -3.814765742686680117e+00 -3.818156204125150222e+00 -3.821547744155839865e+00 -3.824940358878929914e+00 -3.828334044412279979e+00 -3.831728796891280098e+00 -3.835124612468720162e+00 -3.838521487314769942e+00 -3.841919417616809884e+00 -3.845318399579389812e+00 -3.848718429424089926e+00 -3.852119503389419997e+00 -3.855521617730770068e+00 -3.858924768720319864e+00 -3.862328952646870039e+00 -3.865734165815799983e+00 -3.869140404548999879e+00 -3.872547665184760124e+00 -3.875955944077599913e+00 -3.879365237598340066e+00 -3.882775542133849900e+00 -3.886186854087060105e+00 -3.889599169876849949e+00 -3.893012485937930034e+00 -3.896426798720780127e+00 -3.899842104691590094e+00 -3.903258400332089817e+00 -3.906675682139559846e+00 -3.910093946626690187e+00 -3.913513190321470159e+00 -3.916933409767210161e+00 -3.920354601522329840e+00 -3.923776762160359866e+00 -3.927199888269830019e+00 -3.930623976454199919e+00 -3.934049023331750217e+00 -3.937475025535530193e+00 -3.940901979713269832e+00
-3.612487405327000189e+00 -3.615804190464809942e+00 -3.619122324502189958e+00 -3.622441802271279876e+00 -3.625762618629280176e+00 -3.629084768458359811e+00 -3.632408246665379981e+00 -3.635733048181859939e+00 -3.639059167963750063e+00 -3.642386600991319945e+00 -3.645715342269030046e+00 -3.649045386825350068e+00 -3.652376729712639936e+00 -3.655709366006980154e+00 -3.659043290808059901e+00 -3.662378499239010043e+00 -3.665714986446280133e+00 -3.669052747599499842e+00 -3.672391777891319986e+00 -3.675732072537329920e+00 -3.679073626775819950e+00 -3.682416435867749804e+00 -3.685760495096590095e+00 -3.689105799768099825e+00 -3.692452345210349929e+00 -3.695800126773459926e+00 -3.699149139829520205e+00 -3.702499379772469901e+00 -3.705850842017949898e+00 -3.709203522003170050e+00 -3.712557415186830134e+00 -3.715912517048909791e+00 -3.719268823090640108e+00 -3.722626328834279796e+00 -3.725985029823080108e+00 -3.729344921621129849e+00 -3.732705999813190179e+00 -3.736068260004650199e+00 -3.739431697821359979e+00 -3.742796308909510206e+00 -3.746162088935530043e+00 -3.749529033585980109e+00 -3.752897138567409918e+00 -3.756266399606260187e+00 -3.759636812448699850e+00 -3.763008372860619843e+00 -3.766381076627410174e+00 -3.769754919553899963e+00 -3.773129897464240212e+00 -3.776506006201770127e+00 -3.779883241628950064e+00 -3.783261599627219862e+00 -3.786641076096870062e+00 -3.790021666957029911e+00 -3.793403368145389809e+00 -3.796786175618290127e+00 -3.800170085350489835e+00 -3.803555093335059922e+00 -3.806941195583350090e+00 -3.810328388124850196e+00 -3.813716667007060135e+00 -3.817106028295420117e+00 -3.820496468073220075e+00 -3.823887982441450006e+00 -3.827280567518740018e+00 -3.830674219441290163e+00 -3.834068934362650172e+00 -3.837464708453759865e+00 -3.840861537902819922e+00 -3.844259418915100035e+00 -3.847658347712959781e+00 -3.851058320535679869e+00 -3.854459333639419949e+00 -3.857861383297100044e+00 -3.861264465798239787e+00 -3.864668577449020148e+00 -3.868073714572049848e+00 -3.871479873506349811e+00 -3.874887050607199956e+00 -3.878295242246140084e+00 -3.881704444810770038e+00 -3.885114654704739934e+00 -3.888525868347669778e+00 -3.891938082174959845e+00 -3.895351292637839968e+00 -3.898765496203179914e+00 -3.902180689353440091e+00 -3.905596868586600046e+00 -3.909014030416030128e+00 -3.912432171370450185e+00 -3.915851287993850072e+00 -3.919271376845350208e+00 -3.922692434499150060e+00 -3.926114457544480185e+00 -3.929537442585480100e+00 -3.932961386241089929e+00 -3.936386285145060171e+00 -3.939812135945779836e+00 -3.943238935306249804e+00 -3.946666679903970021e+00 -3.950095366430890209e+00
-3.621456191926020196e+00 -3.624775916096929951e+00 -3.628096973582660034e+00 -3.631419359291129911e+00 -3.634743068154920209e+00 -3.638068095131070212e+00 -3.641394435200890012e+00 -3.644722083369860144e+00 -3.648051034667529890e+00 -3.651381284147260153e+00 -3.654712826886159949e+00 -3.658045657984959842e+00 -3.661379772567789903e+00 -3.664715165782140183e+00 -3.668051832798629786e+00 -3.671389768810930043e+00 -3.674728969035589987e+00 -3.678069428711909783e+00 -3.681411143101839922e+00 -3.684754107489829789e+00 -3.688098317182610053e+00 -3.691443767509229978e+00 -3.694790453820779863e+00 -3.698138371490289789e+00 -3.701487515912670112e+00 -3.704837882504509849e+00 -3.708189466703970094e+00 -3.711542263970680100e+00 -3.714896269785569860e+00 -3.718251479650779956e+00 -3.721607889089539878e+00 -3.724965493645969961e+00 -3.728324288885089821e+00 -3.731684270392599867e+00 -3.735045433774769830e+00 -3.738407774658380145e+00 -3.741771288690490138e+00 -3.745135971538439801e+00 -3.748501818889669934e+00 -3.751868826451620009e+00 -3.755236989951599824e+00 -3.758606305136670045e+00 -3.761976767773600017e+00 -3.765348373648630176e+00 -3.768721118567440076e+00 -3.772094998355069784e+00 -3.775470008855689841e+00 -3.778846145932619915e+00 -3.782223405468140065e+00 -3.785601783363409911e+00 -3.788981275538319871e+00 -3.792361877931489822e+00 -3.795743586500019973e+00 -3.799126397219520168e+00 -3.802510306083859870e+00 -3.805895309105240099e+00 -3.809281402313950071e+00 -3.812668581758269948e+00 -3.816056843504480156e+00 -3.819446183636650005e+00 -3.822836598256570184e+00 -3.826228083483670162e+00 -3.829620635454920041e+00 -3.833014250324669803e+00 -3.836408924264639975e+00 -3.839804653463790185e+00 -3.843201434128180161e+00 -3.846599262480919990e+00 -3.849998134762090185e+00 -3.853398047228569823e+00 -3.856798996154049863e+00 -3.860200977828819990e+00 -3.863603988559809910e+00 -3.867008024670369970e+00 -3.870413082500229862e+00 -3.873819158405450214e+00 -3.877226248758280036e+00 -3.880634349947070127e+00 -3.884043458376199798e+00 -3.887453570466000041e+00 -3.890864682652610096e+00 -3.894276791387949910e+00 -3.897689893139640205e+00 -3.901103984390810187e+00 -3.904519061640160160e+00 -3.907935121401799883e+00 -3.911352160205120221e+00 -3.914770174594779828e+00 -3.918189161130639864e+00 -3.921609116387569927e+00 -3.925030036955500012e+00 -3.928451919439240214e+00 -3.931874760458410112e+00 -3.935298556647449875e+00 -3.938723304655410207e+00 -3.942149001145950127e+00 -3.945575642797280125e+00 -3.949003226301980085e+00 -3.952431748367020159e+00 -3.955861205713670170e+00 -3.959291595077340187e+00
-3.630431427684929879e+00 -3.633754044546349871e+00 -3.637077979366159841e+00 -3.640403227126749908e+00 -3.643729782834649988e+00 -3.647057641520449867e+00 -3.650386798238539843e+00 -3.653717248067080092e+00 -3.657048986107830135e+00 -3.660382007485920131e+00 -3.663716307349849988e+00 -3.667051880871269987e+00 -3.670388723244840001e+00 -3.673726829688130024e+00 -3.677066195441430096e+00 -3.680406815767689910e+00 -3.683748685952319857e+00 -3.687091801303049809e+00 -3.690436157149879826e+00 -3.693781748844879864e+00 -3.697128571762049898e+00 -3.700476621297270174e+00 -3.703825892868069847e+00 -3.707176381913559915e+00 -3.710528083894310214e+00 -3.713880994292200199e+00 -3.717235108610299932e+00 -3.720590422372759942e+00 -3.723946931124659798e+00 -3.727304630431889976e+00 -3.730663515881110115e+00 -3.734023583079479902e+00 -3.737384827654659958e+00 -3.740747245254670172e+00 -3.744110831547709850e+00 -3.747475582222110191e+00 -3.750841492986220160e+00 -3.754208559568210202e+00 -3.757576777716059802e+00 -3.760946143197350100e+00 -3.764316651799230140e+00 -3.767688299328249890e+00 -3.771061081610279864e+00 -3.774434994490400097e+00 -3.777810033832730063e+00 -3.781186195520430005e+00 -3.784563475455450021e+00 -3.787941869558610009e+00 -3.791321373769299896e+00 -3.794701984045480092e+00 -3.798083696363550033e+00 -3.801466506718259808e+00 -3.804850411122569831e+00 -3.808235405607620194e+00 -3.811621486222489974e+00 -3.815008649034270061e+00 -3.818396890127849996e+00 -3.821786205605779863e+00 -3.825176591588309805e+00 -3.828568044213190191e+00 -3.831960559635560148e+00 -3.835354134027940010e+00 -3.838748763580050127e+00 -3.842144444498730049e+00 -3.845541173007839930e+00 -3.848938945348269858e+00 -3.852337757777640093e+00 -3.855737606570380116e+00 -3.859138488017590074e+00 -3.862540398426910215e+00 -3.865943334122429853e+00 -3.869347291444659831e+00 -3.872752266750389971e+00 -3.876158256412610026e+00 -3.879565256820380004e+00 -3.882973264378839939e+00 -3.886382275509019824e+00 -3.889792286647809849e+00 -3.893203294247840063e+00 -3.896615294777430183e+00 -3.900028284720470140e+00 -3.903442260576329925e+00 -3.906857218859820069e+00 -3.910273156101060188e+00 -3.913690068845399939e+00 -3.917107953653379937e+00 -3.920526807100599864e+00 -3.923946625777630093e+00 -3.927367406289989926e+00 -3.930789145257989947e+00 -3.934211839316759995e+00 -3.937635485116009804e+00 -3.941060079320069853e+00 -3.944485618607810107e+00 -3.947912099672489905e+00 -3.951339519221749974e+00 -3.954767873977509840e+00 -3.958197160675850146e+00 -3.961627376066990003e+00 -3.965058516915219933e+00 -3.968490579998760204e+00
-3.639412976063379990e+00 -3.642738439957629915e+00 -3.646065206678089865e+00 -3.649393271280230167e+00 -3.652722628843210195e+00 -3.656053274469840186e+00 -3.659385203286289912e+00 -3.662718410442070027e+00 -3.666052891109849998e+00 -3.669388640485269804e+00 -3.672725653786919953e+00 -3.676063926256110115e+00 -3.679403453156750103e+00 -3.682744229775249956e+00 -3.686086251420329862e+00 -3.689429513422969986e+00 -3.692774011136219947e+00 -3.696119739935030069e+00 -3.699466695216219847e+00 -3.702814872398319856e+00 -3.706164266921379902e+00 -3.709514874246929939e+00 -3.712866689857770020e+00 -3.716219709257909898e+00 -3.719573927972439797e+00 -3.722929341547359883e+00 -3.726285945549519862e+00 -3.729643735566440022e+00 -3.733002707206240167e+00 -3.736362856097480201e+00 -3.739724177889069967e+00 -3.743086668250109827e+00 -3.746450322869860017e+00 -3.749815137457519931e+00 -3.753181107742160183e+00 -3.756548229472639999e+00 -3.759916498417430031e+00 -3.763285910364550180e+00 -3.766656461121410171e+00 -3.770028146514750045e+00 -3.773400962390490054e+00 -3.776774904613629857e+00 -3.780149969068180127e+00 -3.783526151656949832e+00 -3.786903448301560005e+00 -3.790281854942270101e+00 -3.793661367537839890e+00 -3.797041982065540111e+00 -3.800423694520949969e+00 -3.803806500917830125e+00 -3.807190397288109818e+00 -3.810575379681750086e+00 -3.813961444166599879e+00 -3.817348586828360091e+00 -3.820736803770389933e+00 -3.824126091113739800e+00 -3.827516444996959866e+00 -3.830907861575980178e+00 -3.834300337024069805e+00 -3.837693867531770220e+00 -3.841088449306679919e+00 -3.844484078573460195e+00 -3.847880751573709901e+00 -3.851278464565889958e+00 -3.854677213825139948e+00 -3.858076995643359819e+00 -3.861477806328890150e+00 -3.864879642206609844e+00 -3.868282499617790027e+00 -3.871686374919939944e+00 -3.875091264486779874e+00 -3.878497164708139877e+00 -3.881904071989859872e+00 -3.885311982753739901e+00 -3.888720893437350057e+00 -3.892130800494070009e+00 -3.895541700392930018e+00 -3.898953589618539883e+00 -3.902366464670980140e+00 -3.905780322065770083e+00 -3.909195158333730102e+00 -3.912610970020919954e+00 -3.916027753688589907e+00 -3.919445505912980021e+00 -3.922864223285420060e+00 -3.926283902412090132e+00 -3.929704539913999817e+00 -3.933126132426910004e+00 -3.936548676601249852e+00 -3.939972169102039956e+00 -3.943396606608790211e+00 -3.946821985815459843e+00 -3.950248303430329955e+00 -3.953675556175970218e+00 -3.957103740789159829e+00 -3.960532854020740068e+00 -3.963962892635680024e+00 -3.967393853412830129e+00 -3.970825733144979885e+00 -3.974258528638740184e+00 -3.977692236714410079e+00
-3.648400702567450082e+00 -3.651728968509460049e+00 -3.655058522365690177e+00 -3.658389359263349849e+00 -3.661721474352969796e+00 -3.665054862808239999e+00 -3.668389519825840051e+00 -3.671725440625340120e+00 -3.675062620449060180e+00 -3.678401054561899919e+00 -3.681740738251260137e+00 -3.685081666826869995e+00 -3.688423835620660007e+00 -3.691767239986659899e+00 -3.695111875300820081e+00 -3.698457736960909958e+00 -3.701804820386419781e+00 -3.705153121018359919e+00 -3.708502634319180036e+00 -3.711853355772670060e+00 -3.715205280883750127e+00 -3.718558405178470139e+00 -3.721912724203760181e+00 -3.725268233527379902e+00 -3.728624928737790167e+00 -3.731982805443999851e+00 -3.735341859275509879e+00 -3.738702085882120052e+00 -3.742063480933869979e+00 -3.745426040120860112e+00 -3.748789759153229983e+00 -3.752154633760920177e+00 -3.755520659693679875e+00 -3.758887832720870126e+00 -3.762256148631350161e+00 -3.765625603233449858e+00 -3.768996192354749919e+00 -3.772367911842029908e+00 -3.775740757561170113e+00 -3.779114725397000107e+00 -3.782489811253220147e+00 -3.785866011052259950e+00 -3.789243320735229847e+00 -3.792621736261769794e+00 -3.796001253609920134e+00 -3.799381868776119830e+00 -3.802763577774929793e+00 -3.806146376639150120e+00 -3.809530261419519892e+00 -3.812915228184690086e+00 -3.816301273021189822e+00 -3.819688392033199875e+00 -3.823076581342539804e+00 -3.826465837088560029e+00 -3.829856155427989961e+00 -3.833247532534890034e+00 -3.836639964600580210e+00 -3.840033447833440139e+00 -3.843427978458910044e+00 -3.846823552719369932e+00 -3.850220166874020133e+00 -3.853617817198809803e+00 -3.857016499986349878e+00 -3.860416211545779852e+00 -3.863816948202719814e+00 -3.867218706299190067e+00 -3.870621482193429941e+00 -3.874025272259930208e+00 -3.877430072889250123e+00 -3.880835880487969902e+00 -3.884242691478589915e+00 -3.887650502299449862e+00 -3.891059309404630184e+00 -3.894469109263909878e+00 -3.897879898362579976e+00 -3.901291673201450205e+00 -3.904704430296760176e+00 -3.908118166180030162e+00 -3.911532877398030017e+00 -3.914948560512680142e+00 -3.918365212100990203e+00 -3.921782828754900141e+00 -3.925201407081340133e+00 -3.928620943701969903e+00 -3.932041435253249784e+00 -3.935462878386310148e+00 -3.938885269766810193e+00 -3.942308606074960142e+00 -3.945732884005369812e+00 -3.949158100267000204e+00 -3.952584251583110220e+00 -3.956011334691099890e+00 -3.959439346342500166e+00 -3.962868283302909855e+00 -3.966298142351860179e+00 -3.969728920282749929e+00 -3.973160613902860128e+00 -3.976593220033139975e+00 -3.980026735508229940e+00 -3.983461157176389822e+00 -3.986896481899329991e+00
-3.657394474711430199e+00 -3.660725498376649956e+00 -3.664057795260350137e+00 -3.667391360560179780e+00 -3.670726189496750003e+00 -3.674062277313390190e+00 -3.677399619276000120e+00 -3.680738210672950039e+00 -3.684078046815010055e+00 -3.687419123035049928e+00 -3.690761434688090148e+00 -3.694104977151059899e+00 -3.697449745822710021e+00 -3.700795736123470014e+00 -3.704142943495320139e+00 -3.707491363401679951e+00 -3.710840991327270189e+00 -3.714191822777970220e+00 -3.717543853280750099e+00 -3.720897078383500034e+00 -3.724251493654870071e+00 -3.727607094684279865e+00 -3.730963877081680202e+00 -3.734321836477420220e+00 -3.737680968522270053e+00 -3.741041268887140170e+00 -3.744402733263069827e+00 -3.747765357361049876e+00 -3.751129136911949935e+00 -3.754494067666390045e+00 -3.757860145394619877e+00 -3.761227365886380181e+00 -3.764595724950869915e+00 -3.767965218416540196e+00 -3.771335842131040117e+00 -3.774707591961110165e+00 -3.778080463792440113e+00 -3.781454453529569992e+00 -3.784829557095790165e+00 -3.788205770433060060e+00 -3.791583089501839865e+00 -3.794961510281030126e+00 -3.798341028767870053e+00 -3.801721640977799854e+00 -3.805103342944379907e+00 -3.808486130719209939e+00 -3.811870000371730072e+00 -3.815254947989299872e+00 -3.818640969676919905e+00 -3.822028061557179779e+00 -3.825416219770239934e+00 -3.828805440473630028e+00 -3.832195719842200088e+00 -3.835587054068049895e+00 -3.838979439360339807e+00 -3.842372871945320068e+00 -3.845767348066119862e+00 -3.849162863982699800e+00 -3.852559415971810175e+00 -3.855957000326789785e+00 -3.859355613357560166e+00 -3.862755251390510125e+00 -3.866155910768370063e+00 -3.869557587850180003e+00 -3.872960279011119944e+00 -3.876363980642560048e+00 -3.879768689151759986e+00 -3.883174400961970196e+00 -3.886581112512269787e+00 -3.889988820257490154e+00 -3.893397520668079981e+00 -3.896807210230070151e+00 -3.900217885445009802e+00 -3.903629542829849974e+00 -3.907042178916780184e+00 -3.910455790253319908e+00 -3.913870373402089875e+00 -3.917285924940769881e+00 -3.920702441462020182e+00 -3.924119919573449966e+00 -3.927538355897429945e+00 -3.930957747071079922e+00 -3.934378089746230156e+00 -3.937799380589209974e+00 -3.941221616280920159e+00 -3.944644793516649983e+00 -3.948068909006010152e+00 -3.951493959472910156e+00 -3.954919941655460125e+00 -3.958346852305819841e+00 -3.961774688190249805e+00 -3.965203446088930050e+00 -3.968633122795949930e+00 -3.972063715119180216e+00 -3.975495219880259778e+00 -3.978927633914449924e+00 -3.982360954070649939e+00 -3.985795177211219897e+00 -3.989230300212000202e+00 -3.992666319962209887e+00 -3.996103233364320051e+00
-3.666394161982870159e+00 -3.669727899695499840e+00 -3.673062896143199918e+00 -3.676399146592889799e+00 -3.679736646333930050e+00 -3.683075390678080208e+00 -3.686415374959230107e+00 -3.689756594533330158e+00 -3.693099044778339834e+00 -3.696442721093959882e+00 -3.699787618901570152e+00 -3.703133733644139891e+00 -3.706481060786030124e+00 -3.709829595812930148e+00 -3.713179334231659912e+00 -3.716530271570130051e+00 -3.719882403377170021e+00 -3.723235725222370007e+00 -3.726590232696069815e+00 -3.729945921409130172e+00 -3.733302786992850120e+00 -3.736660825098899963e+00 -3.740020031399089895e+00 -3.743380401585369999e+00 -3.746741931369649947e+00 -3.750104616483670217e+00 -3.753468452678950129e+00 -3.756833435726619985e+00 -3.760199561417330028e+00 -3.763566825561119877e+00 -3.766935223987339931e+00 -3.770304752544499927e+00 -3.773675407100200108e+00 -3.777047183540990005e+00 -3.780420077772269849e+00 -3.783794085718199973e+00 -3.787169203321540056e+00 -3.790545426543630025e+00 -3.793922751364210200e+00 -3.797301173781329808e+00 -3.800680689811279933e+00 -3.804061295488430083e+00 -3.807442986865209988e+00 -3.810825760011910202e+00 -3.814209611016639911e+00 -3.817594535985250115e+00 -3.820980531041120010e+00 -3.824367592325220055e+00 -3.827755715995889929e+00 -3.831144898228770135e+00 -3.834535135216719848e+00 -3.837926423169729873e+00 -3.841318758314769877e+00 -3.844712136895810151e+00 -3.848106555173560039e+00 -3.851502009425519901e+00 -3.854898495945850101e+00 -3.858296011045189822e+00 -3.861694551050680158e+00 -3.865094112305840213e+00 -3.868494691170429878e+00 -3.871896284020420076e+00 -3.875298887247870194e+00 -3.878702497260829940e+00 -3.882107110483250079e+00 -3.885512723354989983e+00 -3.888919332331540080e+00 -3.892326933884110218e+00 -3.895735524499500002e+00 -3.899145100679930032e+00 -3.902555658943049899e+00 -3.905967195821809845e+00 -3.909379707864390152e+00 -3.912793191634159840e+00 -3.916207643709470165e+00 -3.919623060683699922e+00 -3.923039439165130204e+00 -3.926456775776849817e+00 -3.929875067156659796e+00 -3.933294309957060086e+00 -3.936714500845110098e+00 -3.940135636502310135e+00 -3.943557713624690209e+00 -3.946980728922500070e+00 -3.950404679120340212e+00 -3.953829560956959810e+00 -3.957255371185219861e+00 -3.960682106571999928e+00 -3.964109763898170158e+00 -3.967538339958439852e+00 -3.970967831561369898e+00 -3.974398235529220003e+00 -3.977829548697890072e+00 -3.981261767916929983e+00 -3.984694890049369942e+00 -3.988128911971620116e+00 -3.991563830573570115e+00 -3.994999642758330083e+00 -3.998436345442249795e+00 -4.001873935554850270e+00 -4.005312410038730064e+00
-3.675399635806849918e+00 -3.678736044528230220e+00 -3.682073697709900006e+00 -3.685412590686719891e+00 -3.688752718815690113e+00 -3.692094077475700065e+00 -3.695436662067430156e+00 -3.698780468013250111e+00 -3.702125490757110171e+00 -3.705471725764290181e+00 -3.708819168521450216e+00 -3.712167814536380117e+00 -3.715517659337919998e+00 -3.718868698475830126e+00 -3.722220927520670131e+00 -3.725574342063690203e+00 -3.728928937716689873e+00 -3.732284710111879900e+00 -3.735641654901829867e+00 -3.738999767759310089e+00 -3.742359044377129962e+00 -3.745719480468129969e+00 -3.749081071764960083e+00 -3.752443814019999824e+00 -3.755807703005289877e+00 -3.759172734512350011e+00 -3.762538904352129787e+00 -3.765906208354830031e+00 -3.769274642369849992e+00 -3.772644202265639901e+00 -3.776014883929629917e+00 -3.779386683268060043e+00 -3.782759596205949926e+00 -3.786133618686930102e+00 -3.789508746673159845e+00 -3.792884976145220133e+00 -3.796262303102019953e+00 -3.799640723560670175e+00 -3.803020233556380081e+00 -3.806400829142380093e+00 -3.809782506389789880e+00 -3.813165261387560179e+00 -3.816549090242309816e+00 -3.819933989078290182e+00 -3.823319954037209811e+00 -3.826706981278240161e+00 -3.830095066977799778e+00 -3.833484207329569848e+00 -3.836874398544309894e+00 -3.840265636849789832e+00 -3.843657918490730019e+00 -3.847051239728649819e+00 -3.850445596841809870e+00 -3.853840986125120160e+00 -3.857237403890009908e+00 -3.860634846464380043e+00 -3.864033310192509951e+00 -3.867432791434899819e+00 -3.870833286568279963e+00 -3.874234791985439852e+00 -3.877637304095189918e+00 -3.881040819322239876e+00 -3.884445334107129888e+00 -3.887850844906139969e+00 -3.891257348191179855e+00 -3.894664840449780119e+00 -3.898073318184859914e+00 -3.901482777914819788e+00 -3.904893216173320081e+00 -3.908304629509249839e+00 -3.911717014486669974e+00 -3.915130367684649837e+00 -3.918544685697269880e+00 -3.921959965133519965e+00 -3.925376202617150145e+00 -3.928793394786669779e+00 -3.932211538295280029e+00 -3.935630629810700221e+00 -3.939050666015139868e+00 -3.942471643605269804e+00 -3.945893559292069863e+00 -3.949316409800749827e+00 -3.952740191870769859e+00 -3.956164902255630000e+00 -3.959590537722890158e+00 -3.963017095054079952e+00 -3.966444571044549949e+00 -3.969872962503509850e+00 -3.973302266253869952e+00 -3.976732479132210063e+00 -3.980163597988689794e+00 -3.983595619686969957e+00 -3.987028541104149948e+00 -3.990462359130699799e+00 -3.993897070670379801e+00 -3.997332672640160123e+00 -4.000769161970209709e+00 -4.004206535603720418e+00 -4.007644790496939891e+00 -4.011083923619040092e+00 -4.014523931952050262e+00
-3.684410769511429873e+00 -3.687749806828779953e+00 -3.691090074536509835e+00 -3.694431568036260050e+00 -3.697774282751410180e+00 -3.701118214126830175e+00 -3.704463357628819953e+00 -3.707809708744960187e+00 -3.711157262984019933e+00 -3.714506015875759903e+00 -3.717855962970909811e+00 -3.721207099840960097e+00 -3.724559422078080217e+00 -3.727912925295020052e+00 -3.731267605124910069e+00 -3.734623457221259990e+00 -3.737980477257730083e+00 -3.741338660928049897e+00 -3.744698003945949871e+00 -3.748058502045009899e+00 -3.751420150978479917e+00 -3.754782946519330089e+00 -3.758146884459950154e+00 -3.761511960612129890e+00 -3.764878170807020030e+00 -3.768245510894849826e+00 -3.771613976744959906e+00 -3.774983564245629974e+00 -3.778354269303970003e+00 -3.781726087845870055e+00 -3.785099015815789780e+00 -3.788473049176749985e+00 -3.791848183910190073e+00 -3.795224416015829938e+00 -3.798601741511619778e+00 -3.801980156433620195e+00 -3.805359656835869853e+00 -3.808740238790340182e+00 -3.812121898386770180e+00 -3.815504631732610008e+00 -3.818888434952900202e+00 -3.822273304190180188e+00 -3.825659235604419894e+00 -3.829046225372850110e+00 -3.832434269689919848e+00 -3.835823364767190213e+00 -3.839213506833210054e+00 -3.842604692133499977e+00 -3.845996916930360054e+00 -3.849390177502809873e+00 -3.852784470146529916e+00 -3.856179791173750093e+00 -3.859576136913089872e+00 -3.862973503709620005e+00 -3.866371887924589856e+00 -3.869771285935479810e+00 -3.873171694135829846e+00 -3.876573108935200018e+00 -3.879975526759030124e+00 -3.883378944048609949e+00 -3.886783357260950034e+00 -3.890188762868699968e+00 -3.893595157360090209e+00 -3.897002537238820175e+00 -3.900410899023940114e+00 -3.903820239249890189e+00 -3.907230554466230021e+00 -3.910641841237730176e+00 -3.914054096144210071e+00 -3.917467315780419845e+00 -3.920881496756039919e+00 -3.924296635695549984e+00 -3.927712729238140188e+00 -3.931129774037689817e+00 -3.934547766762590104e+00 -3.937966704095769988e+00 -3.941386582734560218e+00 -3.944807399390629854e+00 -3.948229150789860142e+00 -3.951651833672369829e+00 -3.955075444792340189e+00 -3.958499980917970174e+00 -3.961925438831479962e+00 -3.965351815328860052e+00 -3.968779107219980062e+00 -3.972207311328419976e+00 -3.975636424491379994e+00 -3.979066443559669874e+00 -3.982497365397600131e+00 -3.985929186882899877e+00 -3.989361904906690182e+00 -3.992795516373360165e+00 -3.996230018200510159e+00 -3.999665407318920174e+00 -4.003101680672430440e+00 -4.006538835217890338e+00 -4.009976867925090005e+00 -4.013415775776709715e+00 -4.016855555768209740e+00 -4.020296204907790383e+00 -4.023737720216339575e+00
-3.693427438294880183e+00 -3.696769062410210083e+00 -3.700111903047280215e+00 -3.703455955673319977e+00 -3.706801215776899916e+00 -3.710147678867759868e+00 -3.713495340476590023e+00 -3.716844196155070001e+00 -3.720194241475649921e+00 -3.723545472031439818e+00 -3.726897883436090186e+00 -3.730251471323689838e+00 -3.733606231348649995e+00 -3.736962159185570176e+00 -3.740319250529080097e+00 -3.743677501093840121e+00 -3.747036906614320095e+00 -3.750397462844679897e+00 -3.753759165558749888e+00 -3.757122010549850177e+00 -3.760485993630660051e+00 -3.763851110633190000e+00 -3.767217357408560119e+00 -3.770584729826960135e+00 -3.773953223777569921e+00 -3.777322835168360093e+00 -3.780693559926049829e+00 -3.784065393995990068e+00 -3.787438333342049823e+00 -3.790812373946479852e+00 -3.794187511809890001e+00 -3.797563742951029830e+00 -3.800941063406820142e+00 -3.804319469232139816e+00 -3.807698956499749876e+00 -3.811079521300229977e+00 -3.814461159741850071e+00 -3.817843867950459824e+00 -3.821227642069429997e+00 -3.824612478259500126e+00 -3.827998372698719898e+00 -3.831385321582330139e+00 -3.834773321122700196e+00 -3.838162367549180054e+00 -3.841552457108030172e+00 -3.844943586062369967e+00 -3.848335750691960211e+00 -3.851728947293310057e+00 -3.855123172179379942e+00 -3.858518421679590027e+00 -3.861914692139719829e+00 -3.865311979921819852e+00 -3.868710281404109885e+00 -3.872109592980899961e+00 -3.875509911062470003e+00 -3.878911232075029858e+00 -3.882313552460610051e+00 -3.885716868676929892e+00 -3.889121177197400137e+00 -3.892526474510979995e+00 -3.895932757122059886e+00 -3.899340021550480095e+00 -3.902748264331310057e+00 -3.906157482014919857e+00 -3.909567671166739977e+00 -3.912978828367299933e+00 -3.916390950212070177e+00 -3.919804033311419911e+00 -3.923218074290539814e+00 -3.926633069789310149e+00 -3.930049016462299871e+00 -3.933465910978600100e+00 -3.936883750021820116e+00 -3.940302530289970129e+00 -3.943722248495369787e+00 -3.947142901364620204e+00 -3.950564485638500045e+00 -3.953986998071859826e+00 -3.957410435433560192e+00 -3.960834794506470136e+00 -3.964260072087289810e+00 -3.967686264986479916e+00 -3.971113370028319878e+00 -3.974541384050629844e+00 -3.977970303904890148e+00 -3.981400126456060118e+00 -3.984830848582490148e+00 -3.988262467175939907e+00 -3.991694979141449995e+00 -3.995128381397239803e+00 -3.998562670874730163e+00 -4.001997844518379921e+00 -4.005433899285660182e+00 -4.008870832146990359e+00 -4.012308640085660016e+00 -4.015747320097729833e+00 -4.019186869192050260e+00 -4.022627284390090097e+00 -4.026068562725930278e+00 -4.029510701246199922e+00 -4.032953697009959981e+00
-3.702449519190880167e+00 -3.705793688910130168e+00 -3.709139061480210220e+00 -3.712485632432770188e+00 -3.715833397320440046e+00 -3.719182351716630031e+00 -3.722532491215369888e+00 -3.725883811431249804e+00 -3.729236307999329814e+00 -3.732589976574899993e+00 -3.735944812833489781e+00 -3.739300812470660151e+00 -3.742657971201980072e+00 -3.746016284762800019e+00 -3.749375748908239991e+00 -3.752736359412999878e+00 -3.756098112071290185e+00 -3.759461002696680154e+00 -3.762825027122049804e+00 -3.766190181199430054e+00 -3.769556460799880160e+00 -3.772923861813440194e+00 -3.776292380148969841e+00 -3.779662011734020055e+00 -3.783032752514820185e+00 -3.786404598456079906e+00 -3.789777545540919945e+00 -3.793151589770780152e+00 -3.796526727165269843e+00 -3.799902953762119839e+00 -3.803280265617059896e+00 -3.806658658803660167e+00 -3.810038129413360064e+00 -3.813418673555229788e+00 -3.816800287355929910e+00 -3.820182966959659865e+00 -3.823566708527950109e+00 -3.826951508239670119e+00 -3.830337362290840098e+00 -3.833724266894639854e+00 -3.837112218281209852e+00 -3.840501212697620126e+00 -3.843891246407729945e+00 -3.847282315692139854e+00 -3.850674416848080206e+00 -3.854067546189309912e+00 -3.857461700046000086e+00 -3.860856874764719837e+00 -3.864253066708290163e+00 -3.867650272255660049e+00 -3.871048487801899807e+00 -3.874447709758050085e+00 -3.877847934551049924e+00 -3.881249158623690132e+00 -3.884651378434429869e+00 -3.888054590457409976e+00 -3.891458791182329957e+00 -3.894863977114300102e+00 -3.898270144773869905e+00 -3.901677290696880185e+00 -3.905085411434360054e+00 -3.908494503552499832e+00 -3.911904563632509824e+00 -3.915315588270590119e+00 -3.918727574077800035e+00 -3.922140517680050120e+00 -3.925554415717909862e+00 -3.928969264846620124e+00 -3.932385061735999887e+00 -3.935801803070320126e+00 -3.939219485548290045e+00 -3.942638105882899868e+00 -3.946057660801430167e+00 -3.949478147045350163e+00 -3.952899561370140091e+00 -3.956321900545389791e+00 -3.959745161354589982e+00 -3.963169340595110057e+00 -3.966594435078079961e+00 -3.970020441628410168e+00 -3.973447357084630038e+00 -3.976875178298799884e+00 -3.980303902136570038e+00 -3.983733525476909954e+00 -3.987164045212240104e+00 -3.990595458248229921e+00 -3.994027761503729845e+00 -3.997460951910800198e+00 -4.000895026414509559e+00 -4.004329981972969854e+00 -4.007765815557229772e+00 -4.011202524151189941e+00 -4.014640104751530103e+00 -4.018078554367709998e+00 -4.021517870021810381e+00 -4.024958048748509931e+00 -4.028399087595049721e+00 -4.031840983621109764e+00 -4.035283733898769931e+00 -4.038727335512439787e+00 -4.042171785558809738e+00
-3.711476891038819836e+00 -3.714823565761300017e+00 -3.718171429857930033e+00 -3.721520478923669994e+00 -3.724870708574079980e+00 -3.728222114445120194e+00 -3.731574692193039944e+00 -3.734928437494270170e+00 -3.738283346045339961e+00 -3.741639413562670047e+00 -3.744996635782559924e+00 -3.748355008461030202e+00 -3.751714527373669839e+00 -3.755075188315589951e+00 -3.758436987101270166e+00 -3.761799919564480010e+00 -3.765163981558119932e+00 -3.768529168954129815e+00 -3.771895477643409933e+00 -3.775262903535709924e+00 -3.778631442559440057e+00 -3.782001090661709863e+00 -3.785371843808059911e+00 -3.788743697982469794e+00 -3.792116649187229793e+00 -3.795490693442800101e+00 -3.798865826787749977e+00 -3.802242045278620086e+00 -3.805619344989870090e+00 -3.808997722013709897e+00 -3.812377172460060137e+00 -3.815757692456390071e+00 -3.819139278147710037e+00 -3.822521925696380052e+00 -3.825905631282049857e+00 -3.829290391101599855e+00 -3.832676201368939939e+00 -3.836063058315029917e+00 -3.839450958187740071e+00 -3.842839897251720149e+00 -3.846229871788339860e+00 -3.849620878095609822e+00 -3.853012912488070096e+00 -3.856405971296680057e+00 -3.859800050868749999e+00 -3.863195147567870080e+00 -3.866591257773750012e+00 -3.869988377882230157e+00 -3.873386504305099898e+00 -3.876785633470050119e+00 -3.880185761820610146e+00 -3.883586885815970113e+00 -3.886989001931029808e+00 -3.890392106656200166e+00 -3.893796196497349982e+00 -3.897201267975740180e+00 -3.900607317627950099e+00 -3.904014342005710070e+00 -3.907422337675929835e+00 -3.910831301220559997e+00 -3.914241229236480102e+00 -3.917652118335479994e+00 -3.921063965144139907e+00 -3.924476766303759856e+00 -3.927890518470260162e+00 -3.931305218314180117e+00 -3.934720862520450169e+00 -3.938137447788470080e+00 -3.941554970831940174e+00 -3.944973428378809821e+00 -3.948392817171189950e+00 -3.951813133965289992e+00 -3.955234375531320179e+00 -3.958656538653479995e+00 -3.962079620129760116e+00 -3.965503616771989925e+00 -3.968928525405730046e+00 -3.972354342870139998e+00 -3.975781066017970211e+00 -3.979208691715479862e+00 -3.982637216842329853e+00 -3.986066638291529962e+00 -3.989496952969420196e+00 -3.992928157795490041e+00 -3.996360249702409995e+00 -3.999793225635920102e+00 -4.003227082554720262e+00 -4.006661817430489769e+00 -4.010097427247759860e+00 -4.013533909003830225e+00 -4.016971259708779662e+00 -4.020409476385290226e+00 -4.023848556068670312e+00 -4.027288495806740087e+00 -4.030729292659800400e+00 -4.034170943700529754e+00 -4.037613446013939900e+00 -4.041056796697310105e+00 -4.044500992860119659e+00 -4.047946031623990137e+00 -4.051391910122609907e+00
-3.720509434449589925e+00 -3.723858574157549839e+00 -3.727208889953829818e+00 -3.730560377495600211e+00 -3.733913032460209891e+00 -3.737266850545129859e+00 -3.740621827467680127e+00 -3.743977958965099884e+00 -3.747335240794320121e+00 -3.750693668731809982e+00 -3.754053238573590079e+00 -3.757413946135040206e+00 -3.760775787250819846e+00 -3.764138757774699862e+00 -3.767502853579519861e+00 -3.770868070557079843e+00 -3.774234404617959893e+00 -3.777601851691470003e+00 -3.780970407725550153e+00 -3.784340068686640191e+00 -3.787710830559550157e+00 -3.791082689347419876e+00 -3.794455641071590168e+00 -3.797829681771419885e+00 -3.801204807504340089e+00 -3.804581014345609802e+00 -3.807958298388280038e+00 -3.811336655743100099e+00 -3.814716082538370134e+00 -3.818096574919899844e+00 -3.821478129050869921e+00 -3.824860741111740126e+00 -3.828244407300190222e+00 -3.831629123830960104e+00 -3.835014886935769862e+00 -3.838401692863310011e+00 -3.841789537878999905e+00 -3.845178418265009945e+00 -3.848568330320139896e+00 -3.851959270359679888e+00 -3.855351234715380215e+00 -3.858744219735319891e+00 -3.862138221783869785e+00 -3.865533237241499886e+00 -3.868929262504780198e+00 -3.872326293986279921e+00 -3.875724328114440009e+00 -3.879123361333519870e+00 -3.882523390103500116e+00 -3.885924410899970205e+00 -3.889326420214100022e+00 -3.892729414552499989e+00 -3.896133390437159782e+00 -3.899538344405359958e+00 -3.902944273009580023e+00 -3.906351172817439821e+00 -3.909759040411609821e+00 -3.913167872389680113e+00 -3.916577665364150196e+00 -3.919988415962309958e+00 -3.923400120826140203e+00 -3.926812776612300215e+00 -3.930226379991970109e+00 -3.933640927650840169e+00 -3.937056416288939875e+00 -3.940472842620689864e+00 -3.943890203374710079e+00 -3.947308495293779806e+00 -3.950727715134799922e+00 -3.954147859668680098e+00 -3.957568925680219785e+00 -3.960990909968129969e+00 -3.964413809344890183e+00 -3.967837620636720075e+00 -3.971262340683419989e+00 -3.974687966338410039e+00 -3.978114494468599993e+00 -3.981541921954300012e+00 -3.984970245689170021e+00 -3.988399462580169974e+00 -3.991829569547459933e+00 -3.995260563524300146e+00 -3.998692441457099900e+00 -4.002125200305179931e+00 -4.005558837040839926e+00 -4.008993348649250166e+00 -4.012428732128319631e+00 -4.015864984488730194e+00 -4.019302102753799844e+00 -4.022740083959430279e+00 -4.026178925154090038e+00 -4.029618623398650179e+00 -4.033059175766389615e+00 -4.036500579342940043e+00 -4.039942831226180253e+00 -4.043385928526159745e+00 -4.046829868365120042e+00 -4.050274647877319723e+00 -4.053720264209039748e+00 -4.057166714518530171e+00 -4.060613995975879575e+00
-3.729547031775819921e+00 -3.732898597024310039e+00 -3.736251325262809786e+00 -3.739605212209580198e+00 -3.742960253602749976e+00 -3.746316445200160050e+00 -3.749673782779209930e+00 -3.753032262136830166e+00 -3.756391879089299835e+00 -3.759752629472130181e+00 -3.763114509140010000e+00 -3.766477513966690172e+00 -3.769841639844799808e+00 -3.773206882685829822e+00 -3.776573238419960177e+00 -3.779940702995990165e+00 -3.783309272381219834e+00 -3.786678942561319872e+00 -3.790049709540300071e+00 -3.793421569340309940e+00 -3.796794518001600061e+00 -3.800168551582419951e+00 -3.803543666158870185e+00 -3.806919857824840214e+00 -3.810297122691880034e+00 -3.813675456889149995e+00 -3.817054856563260046e+00 -3.820435317878230208e+00 -3.823816837015320047e+00 -3.827199410172990035e+00 -3.830583033566819839e+00 -3.833967703429329799e+00 -3.837353416009969820e+00 -3.840740167575010133e+00 -3.844127954407360104e+00 -3.847516772806609975e+00 -3.850906619088859895e+00 -3.854297489586609782e+00 -3.857689380648739785e+00 -3.861082288640349969e+00 -3.864476209942690144e+00 -3.867871140953119902e+00 -3.871267078084939861e+00 -3.874664017767360136e+00 -3.878061956445360003e+00 -3.881460890579710110e+00 -3.884860816646699799e+00 -3.888261731138280108e+00 -3.891663630561779996e+00 -3.895066511439900125e+00 -3.898470370310680000e+00 -3.901875203727319885e+00 -3.905281008258159936e+00 -3.908687780486570063e+00 -3.912095517010869994e+00 -3.915504214444270215e+00 -3.918913869414789808e+00 -3.922324478565080152e+00 -3.925736038552510188e+00 -3.929148546048979895e+00 -3.932561997740830151e+00 -3.935976390328829844e+00 -3.939391720528059970e+00 -3.942807985067830145e+00 -3.946225180691610213e+00 -3.949643304156980061e+00 -3.953062352235490184e+00 -3.956482321712630146e+00 -3.959903209387820144e+00 -3.963325012074149889e+00 -3.966747726598530033e+00 -3.970171349801410177e+00 -3.973595878536880122e+00 -3.977021309672479799e+00 -3.980447640089169958e+00 -3.983874866681259785e+00 -3.987302986356379808e+00 -3.990731996035290052e+00 -3.994161892651929779e+00 -3.997592673153310017e+00 -4.001024334499409640e+00 -4.004456873663129635e+00 -4.007890287630280213e+00 -4.011324573399369875e+00 -4.014759727981740411e+00 -4.018195748401299561e+00 -4.021632631694590287e+00 -4.025070374910649562e+00 -4.028508975110979939e+00 -4.031948429369469622e+00 -4.035388734772370256e+00 -4.038829888418110414e+00 -4.042271887417379972e+00 -4.045714728892989775e+00 -4.049158409979810358e+00 -4.052602927824699997e+00 -4.056048279586479843e+00 -4.059494462435860207e+00 -4.062941473555330418e+00 -4.066389310139170377e+00 -4.069837969393350185e+00
-3.738589567081669784e+00 -3.741943518988569917e+00 -3.745298620971409864e+00 -3.748654868808510177e+00 -3.752012258297690028e+00 -3.755370785256149979e+00 -3.758730445520300112e+00 -3.762091234945709850e+00 -3.765453149407029798e+00 -3.768816184797759927e+00 -3.772180337030270003e+00 -3.775545602035620174e+00 -3.778911975763480147e+00 -3.782279454182010170e+00 -3.785648033277759783e+00 -3.789017709055579886e+00 -3.792388477538480185e+00 -3.795760334767559918e+00 -3.799133276801890169e+00 -3.802507299718440148e+00 -3.805882399611910216e+00 -3.809258572594719894e+00 -3.812635814796829781e+00 -3.816014122365679828e+00 -3.819393491466089863e+00 -3.822773918280160110e+00 -3.826155399007160174e+00 -3.829537929863460199e+00 -3.832921507082399870e+00 -3.836306126914209802e+00 -3.839691785625969800e+00 -3.843078479501380151e+00 -3.846466204840819803e+00 -3.849854957961170054e+00 -3.853244735195699988e+00 -3.856635532894070018e+00 -3.860027347422160027e+00 -3.863420175161989878e+00 -3.866814012511670118e+00 -3.870208855885259869e+00 -3.873604701712749954e+00 -3.877001546439850177e+00 -3.880399386528079919e+00 -3.883798218454519890e+00 -3.887198038711780157e+00 -3.890598843807989926e+00 -3.894000630266570173e+00 -3.897403394626290041e+00 -3.900807133441079877e+00 -3.904211843280000149e+00 -3.907617520727129978e+00 -3.911024162381540048e+00 -3.914431764857119855e+00 -3.917840324782610129e+00 -3.921249838801379894e+00 -3.924660303571489983e+00 -3.928071715765550032e+00 -3.931484072070599911e+00 -3.934897369188079974e+00 -3.938311603833779984e+00 -3.941726772737680129e+00 -3.945142872643959908e+00 -3.948559900310840032e+00 -3.951977852510589972e+00 -3.955396726029369869e+00 -3.958816517667239854e+00 -3.962237224237989963e+00 -3.965658842569140141e+00 -3.969081369501879841e+00 -3.972504801890900161e+00 -3.975929136604409830e+00 -3.979354370524029960e+00 -3.982780500544719882e+00 -3.986207523574739842e+00 -3.989635436535500013e+00 -3.993064236361580033e+00 -3.996493920000609990e+00 -3.999924484413219794e+00 -4.003355926572959689e+00 -4.006788243466219868e+00 -4.010221432092209604e+00 -4.013655489462809811e+00 -4.017090412602599692e+00 -4.020526198548689756e+00 -4.023962844350780443e+00 -4.027400347070959619e+00 -4.030838703783749644e+00 -4.034277911575940401e+00 -4.037717967546639919e+00 -4.041158868807089632e+00 -4.044600612480720336e+00 -4.048043195702970110e+00 -4.051486615621300302e+00 -4.054930869395150239e+00 -4.058375954195770241e+00 -4.061821867206240277e+00 -4.065268605621450426e+00 -4.068716166647909915e+00 -4.072164547503800414e+00 -4.075613745418880107e+00 -4.079063757634370013e+00
-3.747636926112900113e+00 -3.750993226349140119e+00 -3.754350663928350151e+00 -3.757709234687820032e+00 -3.761068934484039783e+00 -3.764429759192529978e+00 -3.767791704707700084e+00 -3.771154766942769854e+00 -3.774518941829729801e+00 -3.777884225319060096e+00 -3.781250613379839809e+00 -3.784618101999449813e+00 -3.787986687183590107e+00 -3.791356364956179892e+00 -3.794727131359130201e+00 -3.798098982452359884e+00 -3.801471914313700129e+00 -3.804845923038679967e+00 -3.808221004740540039e+00 -3.811597155550090044e+00 -3.814974371615570181e+00 -3.818352649102660035e+00 -3.821731984194249865e+00 -3.825112373090429951e+00 -3.828493812008380015e+00 -3.831876297182239988e+00 -3.835259824863070044e+00 -3.838644391318700055e+00 -3.842029992833670082e+00 -3.845416625709119796e+00 -3.848804286262709873e+00 -3.852192970828530072e+00 -3.855582675756989985e+00 -3.858973397414750206e+00 -3.862365132184589989e+00 -3.865757876465409915e+00 -3.869151626672020061e+00 -3.872546379235140002e+00 -3.875942130601309987e+00 -3.879338877232719973e+00 -3.882736615607239816e+00 -3.886135342218230093e+00 -3.889535053574530110e+00 -3.892935746200349989e+00 -3.896337416635140105e+00 -3.899740061433590199e+00 -3.903143677165449965e+00 -3.906548260415589890e+00 -3.909953807783740132e+00 -3.913360315884539808e+00 -3.916767781347399779e+00 -3.920176200816449796e+00 -3.923585570950430146e+00 -3.926995888422660119e+00 -3.930407149920850163e+00 -3.933819352147189807e+00 -3.937232491818119851e+00 -3.940646565664330137e+00 -3.944061570430669850e+00 -3.947477502876060029e+00 -3.950894359773430065e+00 -3.954312137909639979e+00 -3.957730834085380067e+00 -3.961150445115150021e+00 -3.964570967827139913e+00 -3.967992399063169806e+00 -3.971414735678600039e+00 -3.974837974542309915e+00 -3.978262112536580020e+00 -3.981687146556999846e+00 -3.985113073512479787e+00 -3.988539890325089932e+00 -3.991967593930040081e+00 -3.995396181275610026e+00 -3.998825649323039855e+00 -4.002255995046530401e+00 -4.005687215433099801e+00 -4.009119307482579941e+00 -4.012552268207479678e+00 -4.015986094632990167e+00 -4.019420783796880059e+00 -4.022856332749399577e+00 -4.026292738553319595e+00 -4.029729998283680281e+00 -4.033168109027959858e+00 -4.036607067885849887e+00 -4.040046871969170006e+00 -4.043487518401960301e+00 -4.046929004320260148e+00 -4.050371326872119759e+00 -4.053814483217569986e+00 -4.057258470528440242e+00 -4.060703285988419786e+00 -4.064148926792939598e+00 -4.067595390149140400e+00 -4.071042673275710122e+00 -4.074490773403029564e+00 -4.077939687772889954e+00 -4.081389413638570218e+00 -4.084839948264730403e+00 -4.088291288927350386e+00
-3.756688996267580016e+00 -3.760047607047650065e+00 -3.763407342615619822e+00 -3.766768198866799811e+00 -3.770130171715300182e+00 -3.773493257093969877e+00 -3.776857450954199891e+00 -3.780222749265889970e+00 -3.783589148017339809e+00 -3.786956643215110052e+00 -3.790325230883920149e+00 -3.793694907066590183e+00 -3.797065667823880109e+00 -3.800437509234449784e+00 -3.803810427394690219e+00 -3.807184418418660066e+00 -3.810559478438010128e+00 -3.813935603601819935e+00 -3.817312790076559992e+00 -3.820691034045979873e+00 -3.824070331710959891e+00 -3.827450679289510216e+00 -3.830832073016579908e+00 -3.834214509144009853e+00 -3.837597983940439939e+00 -3.840982493691219801e+00 -3.844368034698280034e+00 -3.847754603280059804e+00 -3.851142195771430021e+00 -3.854530808523580099e+00 -3.857920437903960220e+00 -3.861311080296129905e+00 -3.864702732099719817e+00 -3.868095389730359823e+00 -3.871489049619489808e+00 -3.874883708214420075e+00 -3.878279361978099971e+00 -3.881676007389140093e+00 -3.885073640941670181e+00 -3.888472259145249854e+00 -3.891871858524820205e+00 -3.895272435620590112e+00 -3.898673986987970075e+00 -3.902076509197479837e+00 -3.905479998834629818e+00 -3.908884452499940210e+00 -3.912289866808739802e+00 -3.915696238391180195e+00 -3.919103563892090136e+00 -3.922511839970900027e+00 -3.925921063301640146e+00 -3.929331230572750133e+00 -3.932742338487079881e+00 -3.936154383761810038e+00 -3.939567363128260169e+00 -3.942981273332009984e+00 -3.946396111132670192e+00 -3.949811873303819887e+00 -3.953228556633010093e+00 -3.956646157921630103e+00 -3.960064673984810213e+00 -3.963484101651439939e+00 -3.966904437764000146e+00 -3.970325679178519973e+00 -3.973747822764489790e+00 -3.977170865404910050e+00 -3.980594803995990194e+00 -3.984019635447280105e+00 -3.987445356681520003e+00 -3.990871964634560065e+00 -3.994299456255309799e+00 -3.997727828505659886e+00 -4.001157078360430219e+00 -4.004587202807289970e+00 -4.008018198846669655e+00 -4.011450063491720286e+00 -4.014882793768269842e+00 -4.018316386714690047e+00 -4.021750839381840414e+00 -4.025186148833109989e+00 -4.028622312144199746e+00 -4.032059326403119925e+00 -4.035497188710199801e+00 -4.038935896177879847e+00 -4.042375445930770361e+00 -4.045815835105540437e+00 -4.049257060850809609e+00 -4.052699120327179827e+00 -4.056142010707119994e+00 -4.059585729174870039e+00 -4.063030272926470232e+00 -4.066475639169600420e+00 -4.069921825123580028e+00 -4.073368828019339638e+00 -4.076816645099230030e+00 -4.080265273617100341e+00 -4.083714710838189710e+00 -4.087164954039059772e+00 -4.090616000507520056e+00 -4.094067847542619987e+00 -4.097520492454539642e+00
-3.765745666568019789e+00 -3.769106550640560105e+00 -3.772468547120840121e+00 -3.775831651961119917e+00 -3.779195861132190082e+00 -3.782561170623219837e+00 -3.785927576441619813e+00 -3.789295074612990089e+00 -3.792663661181010060e+00 -3.796033332207270128e+00 -3.799404083771280138e+00 -3.802775911970280198e+00 -3.806148812919179836e+00 -3.809522782750459857e+00 -3.812897817614029794e+00 -3.816273913677199925e+00 -3.819651067124520072e+00 -3.823029274157700108e+00 -3.826408530995550006e+00 -3.829788833873859932e+00 -3.833170179045259918e+00 -3.836552562779190101e+00 -3.839935981361819906e+00 -3.843320431095829992e+00 -3.846705908300500187e+00 -3.850092409311459907e+00 -3.853479930480700144e+00 -3.856868468176430031e+00 -3.860258018782989797e+00 -3.863648578700800140e+00 -3.867040144346229891e+00 -3.870432712151509858e+00 -3.873826278564679981e+00 -3.877220840049489858e+00 -3.880616393085260185e+00 -3.884012934166889863e+00 -3.887410459804700125e+00 -3.890808966524330170e+00 -3.894208450866779803e+00 -3.897608909388159848e+00 -3.901010338659709920e+00 -3.904412735267710044e+00 -3.907816095813379853e+00 -3.911220416912779996e+00 -3.914625695196749966e+00 -3.918031927310860141e+00 -3.921439109915239918e+00 -3.924847239684630118e+00 -3.928256313308189807e+00 -3.931666327489459878e+00 -3.935077278946269796e+00 -3.938489164410719834e+00 -3.941901980628999880e+00 -3.945315724361460052e+00 -3.948730392382339804e+00 -3.952145981479870063e+00 -3.955562488456129788e+00 -3.958979910126930069e+00 -3.962398243321790137e+00 -3.965817484883889854e+00 -3.969237631669909838e+00 -3.972658680550039900e+00 -3.976080628407869799e+00 -3.979503472140319964e+00 -3.982927208657569995e+00 -3.986351834883020029e+00 -3.989777347753140191e+00 -3.993203744217499906e+00 -3.996631021238640002e+00 -4.000059175792009647e+00 -4.003488204865900180e+00 -4.006918105461389601e+00 -4.010348874592239987e+00 -4.013780509284930353e+00 -4.017213006578399970e+00 -4.020646363524189582e+00 -4.024080577186269991e+00 -4.027515644640949688e+00 -4.030951562976880176e+00 -4.034388329294960052e+00 -4.037825940708279937e+00 -4.041264394341999910e+00 -4.044703687333419673e+00 -4.048143816831760056e+00 -4.051584779998200325e+00 -4.055026574005809792e+00 -4.058469196039400373e+00 -4.061912643295610081e+00 -4.065356912982710291e+00 -4.068802002320589750e+00 -4.072247908540740369e+00 -4.075694628886109783e+00 -4.079142160611120005e+00 -4.082590500981580384e+00 -4.086039647274610331e+00 -4.089489596778570046e+00 -4.092940346793080053e+00 -4.096391894628889752e+00 -4.099844237607819686e+00 -4.103297373062770426e+00 -4.106751298337579570e+00
-3.774806827632560147e+00 -3.778169948271219880e+00 -3.781534169109340038e+00 -3.784899486155159920e+00 -3.788265895435170005e+00 -3.791633392993889906e+00 -3.795001974893799979e+00 -3.798371637215229857e+00 -3.801742376056299832e+00 -3.805114187532709913e+00 -3.808487067777809987e+00 -3.811861012942349802e+00 -3.815236019194450101e+00 -3.818612082719509804e+00 -3.821989199720039920e+00 -3.825367366415690196e+00 -3.828746579043050158e+00 -3.832126833855550085e+00 -3.835508127123449906e+00 -3.838890455133700197e+00 -3.842273814189809844e+00 -3.845658200611830058e+00 -3.849043610736199827e+00 -3.852430040915680198e+00 -3.855817487519249909e+00 -3.859205946932049880e+00 -3.862595415555280187e+00 -3.865985889806040188e+00 -3.869377366117380035e+00 -3.872769840938070196e+00 -3.876163310732620104e+00 -3.879557771981109848e+00 -3.882953221179199943e+00 -3.886349654837939926e+00 -3.889747069483739939e+00 -3.893145461658309880e+00 -3.896544827918519971e+00 -3.899945164836350120e+00 -3.903346468998779795e+00 -3.906748737007780026e+00 -3.910151965480119785e+00 -3.913556151047360210e+00 -3.916961290355799985e+00 -3.920367380066299923e+00 -3.923774416854259872e+00 -3.927182397409569869e+00 -3.930591318436449821e+00 -3.934001176653469933e+00 -3.937411968793420147e+00 -3.940823691603169809e+00 -3.944236341843720073e+00 -3.947649916290069783e+00 -3.951064411731089798e+00 -3.954479824969530100e+00 -3.957896152821890112e+00 -3.961313392118369858e+00 -3.964731539702820218e+00 -3.968150592432570178e+00 -3.971570547178469912e+00 -3.974991400824800181e+00 -3.978413150269109799e+00 -3.981835792422240061e+00 -3.985259324208239917e+00 -3.988683742564259838e+00 -3.992109044440450116e+00 -3.995535226800059903e+00 -3.998962286619109907e+00 -4.002390220886569594e+00 -4.005819026604149791e+00 -4.009248700786240072e+00 -4.012679240459919860e+00 -4.016110642664790120e+00 -4.019542904452990228e+00 -4.022976022889119818e+00 -4.026409995050079793e+00 -4.029844818025149600e+00 -4.033280488915849560e+00 -4.036717004835850275e+00 -4.040154362910929997e+00 -4.043592560278989723e+00 -4.047031594089859574e+00 -4.050471461505289916e+00 -4.053912159698949580e+00 -4.057353685856250003e+00 -4.060796037174419837e+00 -4.064239210862290008e+00 -4.067683204140360331e+00 -4.071128014240669835e+00 -4.074573638406779885e+00 -4.078020073893659614e+00 -4.081467317967690356e+00 -4.084915367906569728e+00 -4.088364220999229914e+00 -4.091813874545840335e+00 -4.095264325857719712e+00 -4.098715572257230377e+00 -4.102167611077839560e+00 -4.105620439663949739e+00 -4.109074055370870227e+00 -4.112528455564810059e+00 -4.115983637622750102e+00
-3.783872371648119959e+00 -3.787237692642610121e+00 -3.790604101797200087e+00 -3.793971595175190004e+00 -3.797340168857779918e+00 -3.800709818943929896e+00 -3.804080541550220129e+00 -3.807452332810799867e+00 -3.810825188877279945e+00 -3.814199105918610222e+00 -3.817574080121000080e+00 -3.820950107687830055e+00 -3.824327184839510174e+00 -3.827705307813470181e+00 -3.831084472863969914e+00 -3.834464676262080207e+00 -3.837845914295539895e+00 -3.841228183268650120e+00 -3.844611479502260121e+00 -3.847995799333610023e+00 -3.851381139116230035e+00 -3.854767495219929785e+00 -3.858154864030599818e+00 -3.861543241950180061e+00 -3.864932625396630073e+00 -3.868323010803690121e+00 -3.871714394620930033e+00 -3.875106773313610198e+00 -3.878500143362599850e+00 -3.881894501264250064e+00 -3.885289843530430165e+00 -3.888686166688250179e+00 -3.892083467280179843e+00 -3.895481741863839886e+00 -3.898880987011910104e+00 -3.902281199312159998e+00 -3.905682375367229842e+00 -3.909084511794640004e+00 -3.912487605226710130e+00 -3.915891652310380167e+00 -3.919296649707269875e+00 -3.922702594093490092e+00 -3.926109482159629849e+00 -3.929517310610640024e+00 -3.932926076165769835e+00 -3.936335775558479799e+00 -3.939746405536360019e+00 -3.943157962861139954e+00 -3.946570444308449943e+00 -3.949983846667870058e+00 -3.953398166742819964e+00 -3.956813401350499859e+00 -3.960229547321770127e+00 -3.963646601501130018e+00 -3.967064560746599966e+00 -3.970483421929719814e+00 -3.973903181935400042e+00 -3.977323837661860040e+00 -3.980745386020580145e+00 -3.984167823936290098e+00 -3.987591148346739889e+00 -3.991015356202800124e+00 -3.994440444468279949e+00 -3.997866410119930158e+00 -4.001293250147289982e+00 -4.004720961552740377e+00 -4.008149541351290424e+00 -4.011578986570619954e+00 -4.015009294251010274e+00 -4.018440461445179857e+00 -4.021872485218359827e+00 -4.025305362648079921e+00 -4.028739090824240421e+00 -4.032173666848949622e+00 -4.035609087836469655e+00 -4.039045350913239574e+00 -4.042482453217719929e+00 -4.045920391900350133e+00 -4.049359164123480070e+00 -4.052798767061379870e+00 -4.056239197900070259e+00 -4.059680453837300362e+00 -4.063122532082560134e+00 -4.066565429856900060e+00 -4.070009144392940037e+00 -4.073453672934830294e+00 -4.076899012738110173e+00 -4.080345161069719673e+00 -4.083792115207939943e+00 -4.087239872442279598e+00 -4.090688430073459614e+00 -4.094137785413369812e+00 -4.097587935784930302e+00 -4.101038878522159870e+00 -4.104490610970019659e+00 -4.107943130484359884e+00 -4.111396434431950020e+00 -4.114850520190340255e+00 -4.118305385147800202e+00 -4.121761026703349984e+00 -4.125217442266600365e+00
-3.792942192344149976e+00 -3.796309677991399845e+00 -3.799678239925460055e+00 -3.803047874263739914e+00 -3.806418577141230219e+00 -3.809790344710390020e+00 -3.813163173140989848e+00 -3.816537058620089962e+00 -3.819911997351889799e+00 -3.823287985557629831e+00 -3.826665019475540053e+00 -3.830043095360720073e+00 -3.833422209485020105e+00 -3.836802358137000102e+00 -3.840183537621769894e+00 -3.843565744260979855e+00 -3.846948974392669918e+00 -3.850333224371150109e+00 -3.853718490567000110e+00 -3.857104769366920038e+00 -3.860492057173619873e+00 -3.863880350405810127e+00 -3.867269645498060182e+00 -3.870659938900660180e+00 -3.874051227079649884e+00 -3.877443506516640159e+00 -3.880836773708789877e+00 -3.884231025168650042e+00 -3.887626257424150023e+00 -3.891022467018439901e+00 -3.894419650509919784e+00 -3.897817804472019976e+00 -3.901216925493209864e+00 -3.904617010176879788e+00 -3.908018055141280200e+00 -3.911420057019439955e+00 -3.914823012459040186e+00 -3.918226918122400093e+00 -3.921631770686360152e+00 -3.925037566842210168e+00 -3.928444303295589801e+00 -3.931851976766469914e+00 -3.935260583989019789e+00 -3.938670121711549843e+00 -3.942080586696409927e+00 -3.945491975719969791e+00 -3.948904285572480077e+00 -3.952317513058059895e+00 -3.955731654994589785e+00 -3.959146708213570065e+00 -3.962562669560219852e+00 -3.965979535893230157e+00 -3.969397304084759881e+00 -3.972815971020419834e+00 -3.976235533599079996e+00 -3.979655988732889949e+00 -3.983077333347219806e+00 -3.986499564380479921e+00 -3.989922678784190158e+00 -3.993346673522820023e+00 -3.996771545573710060e+00 -4.000197291927100274e+00 -4.003623909585959595e+00 -4.007051395565969898e+00 -4.010479746895420305e+00 -4.013908960615220067e+00 -4.017339033778729807e+00 -4.020769963451759743e+00 -4.024201746712519956e+00 -4.027634380651470281e+00 -4.031067862371360278e+00 -4.034502188987070248e+00 -4.037937357625629886e+00 -4.041373365426109920e+00 -4.044810209539529744e+00 -4.048247887128869849e+00 -4.051686395368990112e+00 -4.055125731446479698e+00 -4.058565892559720112e+00 -4.062006875918759974e+00 -4.065448678745240407e+00 -4.068891298272370172e+00 -4.072334731744880365e+00 -4.075778976418869881e+00 -4.079224029561870246e+00 -4.082669888452739926e+00 -4.086116550381530210e+00 -4.089564012649550051e+00 -4.093012272569239940e+00 -4.096461327464099966e+00 -4.099911174668699587e+00 -4.103361811528549730e+00 -4.106813235400069928e+00 -4.110265443650569672e+00 -4.113718433658130280e+00 -4.117172202811599568e+00 -4.120626748510519910e+00 -4.124082068165069614e+00 -4.127538159195990097e+00 -4.130995019034590321e+00 -4.134452645122630443e+00
-3.802016184965530066e+00 -3.805385800061119816e+00 -3.808756479733459877e+00 -3.812128220153160107e+00 -3.815501017508100112e+00 -3.818874868003330203e+00 -3.822249767860899983e+00 -3.825625713319869892e+00 -3.829002700636160217e+00 -3.832380726082429856e+00 -3.835759785948019918e+00 -3.839139876538910201e+00 -3.842520994177499816e+00 -3.845903135202629830e+00 -3.849286295969419847e+00 -3.852670472849229810e+00 -3.856055662229549874e+00 -3.859441860513889822e+00 -3.862829064121709788e+00 -3.866217269488350095e+00 -3.869606473064879815e+00 -3.872996671318119866e+00 -3.876387860730440060e+00 -3.879780037799729797e+00 -3.883173199039330115e+00 -3.886567340977900020e+00 -3.889962460159349877e+00 -3.893358553142809875e+00 -3.896755616502470154e+00 -3.900153646827510201e+00 -3.903552640722100175e+00 -3.906952594805169987e+00 -3.910353505710499888e+00 -3.913755370086489993e+00 -3.917158184596170045e+00 -3.920561945917119928e+00 -3.923966650741309792e+00 -3.927372295775129807e+00 -3.930778877739220079e+00 -3.934186393368459989e+00 -3.937594839411850067e+00 -3.941004212632449821e+00 -3.944414509807330216e+00 -3.947825727727420020e+00 -3.951237863197529787e+00 -3.954650913036199977e+00 -3.958064874075640116e+00 -3.961479743161719913e+00 -3.964895517153820048e+00 -3.968312192924769999e+00 -3.971729767360820063e+00 -3.975148237361529890e+00 -3.978567599839709867e+00 -3.981987851721379812e+00 -3.985408989945599778e+00 -3.988831011464530008e+00 -3.992253913243319907e+00 -3.995677692259929970e+00 -3.999102345505240130e+00 -4.002527869982870357e+00 -4.005954262709120250e+00 -4.009381520712939739e+00 -4.012809641035829600e+00 -4.016238620731820141e+00 -4.019668456867309558e+00 -4.023099146521150082e+00 -4.026530686784409951e+00 -4.029963074760440023e+00 -4.033396307564779626e+00 -4.036830382325019784e+00 -4.040265296180839627e+00 -4.043701046283890044e+00 -4.047137629797759928e+00 -4.050575043897859828e+00 -4.054013285771410402e+00 -4.057452352617359814e+00 -4.060892241646359757e+00 -4.064332950080659757e+00 -4.067774475154020131e+00 -4.071216814111759952e+00 -4.074659964210590068e+00 -4.078103922718580243e+00 -4.081548686915169810e+00 -4.084994254090990040e+00 -4.088440621547920095e+00 -4.091887786598950250e+00 -4.095335746568170343e+00 -4.098784498790670305e+00 -4.102234040612559696e+00 -4.105684369390780297e+00 -4.109135482493229574e+00 -4.112587377298519975e+00 -4.116040051196040217e+00 -4.119493501585900219e+00 -4.122947725878799652e+00 -4.126402721496019943e+00 -4.129858485869419837e+00 -4.133315016441300394e+00 -4.136772310664370345e+00 -4.140230366001709683e+00 -4.143689179926750121e+00
-3.811094246247209938e+00 -3.814465956076909858e+00 -3.817838718933789899e+00 -3.821212531040730109e+00 -3.824587388637629815e+00 -3.827963287981229978e+00 -3.831340225344979977e+00 -3.834718197019079788e+00 -3.838097199310289920e+00 -3.841477228541799960e+00 -3.844858281053249893e+00 -3.848240353200599984e+00 -3.851623441355939814e+00 -3.855007541907600199e+00 -3.858392651259840100e+00 -3.861778765832919902e+00 -3.865165882062949976e+00 -3.868553996401780104e+00 -3.871943105316970168e+00 -3.875333205291689787e+00 -3.878724292824580200e+00 -3.882116364429720079e+00 -3.885509416636550029e+00 -3.888903445989719820e+00 -3.892298449049099940e+00 -3.895694422389630152e+00 -3.899091362601240007e+00 -3.902489266288789782e+00 -3.905888130071999864e+00 -3.909287950585340177e+00 -3.912688724477969782e+00 -3.916090448413609870e+00 -3.919493119070560194e+00 -3.922896733141529868e+00 -3.926301287333580081e+00 -3.929706778368109887e+00 -3.933113202980659917e+00 -3.936520557920950125e+00 -3.939928839952759887e+00 -3.943338045853789886e+00 -3.946748172415730060e+00 -3.950159216444019794e+00 -3.953571174757930073e+00 -3.956984044190349881e+00 -3.960397821587790190e+00 -3.963812503810329790e+00 -3.967228087731459851e+00 -3.970644570238110127e+00 -3.974061948230520169e+00 -3.977480218622130081e+00 -3.980899378339609829e+00 -3.984319424322730008e+00 -3.987740353524260151e+00 -3.991162162909999811e+00 -3.994584849458569842e+00 -3.998008410161479897e+00 -4.001432842023030290e+00 -4.004858142060100157e+00 -4.008284307302299787e+00 -4.011711334791780104e+00 -4.015139221583160278e+00 -4.018567964743519738e+00 -4.021997561352270267e+00 -4.025428008501140020e+00 -4.028859303294090033e+00 -4.032291442847260043e+00 -4.035724424288860135e+00 -4.039158244759179617e+00 -4.042592901410490214e+00 -4.046028391406940372e+00 -4.049464711924589899e+00 -4.052901860151219893e+00 -4.056339833286400243e+00 -4.059778628541369727e+00 -4.063218243138940089e+00 -4.066658674313480049e+00 -4.070099919310879777e+00 -4.073541975388439873e+00 -4.076984839814810080e+00 -4.080428509869999942e+00 -4.083872982845229593e+00 -4.087318256042910214e+00 -4.090764326776650250e+00 -4.094211192371050245e+00 -4.097658850161810307e+00 -4.101107297495570236e+00 -4.104556531729859792e+00 -4.108006550233070264e+00 -4.111457350384429610e+00 -4.114908929573849683e+00 -4.118361285201990185e+00 -4.121814414680089911e+00 -4.125268315429989840e+00 -4.128722984884070080e+00 -4.132178420485169923e+00 -4.135634619686539892e+00 -4.139091579951799993e+00 -4.142549298754899745e+00 -4.146007773580019595e+00 -4.149467001921579801e+00 -4.152926981284119634e+00
-3.820176274389150084e+00 -3.823550044720629870e+00 -3.826924856687500043e+00 -3.830300706564050195e+00 -3.833677590641280108e+00 -3.837055505226770080e+00 -3.840434446644500177e+00 -3.843814411234950157e+00 -3.847195395354840119e+00 -3.850577395377090095e+00 -3.853960407690769863e+00 -3.857344428700959948e+00 -3.860729454828709883e+00 -3.864115482510880106e+00 -3.867502508200120204e+00 -3.870890528364769878e+00 -3.874279539488739932e+00 -3.877669538071430111e+00 -3.881060520627699795e+00 -3.884452483687749869e+00 -3.887845423796969957e+00 -3.891239337515980168e+00 -3.894634221420469888e+00 -3.898030072101100085e+00 -3.901426886163489982e+00 -3.904824660228079836e+00 -3.908223390930059882e+00 -3.911623074919320153e+00 -3.915023708860339902e+00 -3.918425289432100111e+00 -3.921827813328039980e+00 -3.925231277255940121e+00 -3.928635677937890147e+00 -3.932041012110170097e+00 -3.935447276523170057e+00 -3.938854467941379944e+00 -3.942262583143219867e+00 -3.945671618921029911e+00 -3.949081572080990199e+00 -3.952492439442989891e+00 -3.955904217840660042e+00 -3.959316904121170211e+00 -3.962730495145279974e+00 -3.966144987787179943e+00 -3.969560378934419820e+00 -3.972976665487919945e+00 -3.976393844361790109e+00 -3.979811912483380176e+00 -3.983230866793110003e+00 -3.986650704244389942e+00 -3.990071421803670138e+00 -3.993493016450239796e+00 -3.996915485176240068e+00 -4.000338824986590325e+00 -4.003763032898859819e+00 -4.007188105943270351e+00 -4.010614041162599896e+00 -4.014040835612109781e+00 -4.017468486359479840e+00 -4.020896990484789768e+00 -4.024326345080350364e+00 -4.027756547250760377e+00 -4.031187594112769723e+00 -4.034619482795219980e+00 -4.038052210438969780e+00 -4.041485774196949876e+00 -4.044920171233879813e+00 -4.048355398726400267e+00 -4.051791453862949588e+00 -4.055228333843669652e+00 -4.058666035880359679e+00 -4.062104557196439814e+00 -4.065543895026899612e+00 -4.068984046618200345e+00 -4.072425009228189730e+00 -4.075866780126119693e+00 -4.079309356592579761e+00 -4.082752735919370046e+00 -4.086196915409479935e+00 -4.089641892377049892e+00 -4.093087664147300409e+00 -4.096534228056439630e+00 -4.099981581451710433e+00 -4.103429721691170151e+00 -4.106878646143809597e+00 -4.110328352189370094e+00 -4.113778837218339923e+00 -4.117230098631900148e+00 -4.120682133841859773e+00 -4.124134940270590022e+00 -4.127588515351040321e+00 -4.131042856526559781e+00 -4.134497961250930054e+00 -4.137953826988329809e+00 -4.141410451213229926e+00 -4.144867831410330439e+00 -4.148325965074589838e+00 -4.151784849711069647e+00 -4.155244482834960174e+00 -4.158704861971539657e+00 -4.162165984656000184e+00
-3.829262169031999896e+00 -3.832637966106779981e+00 -3.836014793580280191e+00 -3.839392647777339906e+00 -3.842771525039200053e+00 -3.846151421723389863e+00 -3.849532334203650041e+00 -3.852914258869819975e+00 -3.856297192127810192e+00 -3.859681130399399862e+00 -3.863066070122239903e+00 -3.866452007749789921e+00 -3.869838939751140128e+00 -3.873226862610970045e+00 -3.876615772829469897e+00 -3.880005666922250018e+00 -3.883396541420229831e+00 -3.886788392869620079e+00 -3.890181217831730098e+00 -3.893575012883040198e+00 -3.896969774614940096e+00 -3.900365499633779987e+00 -3.903762184560759962e+00 -3.907159826031799899e+00 -3.910558420697499926e+00 -3.913957965223069824e+00 -3.917358456288220214e+00 -3.920759890587110164e+00 -3.924162264828240154e+00 -3.927565575734400127e+00 -3.930969820042580221e+00 -3.934374994503880174e+00 -3.937781095883489790e+00 -3.941188120960540164e+00 -3.944596066528040179e+00 -3.948004929392880058e+00 -3.951414706375659947e+00 -3.954825394310649944e+00 -3.958236990045739923e+00 -3.961649490442340049e+00 -3.965062892375310177e+00 -3.968477192732910108e+00 -3.971892388416700115e+00 -3.975308476341500086e+00 -3.978725453435259851e+00 -3.982143316639080055e+00 -3.985562062907030079e+00 -3.988981689206230197e+00 -3.992402192516609993e+00 -3.995823569830970090e+00 -3.999245818154840038e+00 -4.002668934506459664e+00 -4.006092915916670272e+00 -4.009517759428899986e+00 -4.012943462099030079e+00 -4.016370020995389645e+00 -4.019797433198670333e+00 -4.023225695801800228e+00 -4.026654805910009571e+00 -4.030084760640670005e+00 -4.033515557123219963e+00 -4.036947192499170001e+00 -4.040379663921989994e+00 -4.043812968557060294e+00 -4.047247103581610439e+00 -4.050682066184689845e+00 -4.054117853567009711e+00 -4.057554462940990092e+00 -4.060991891530660425e+00 -4.064430136571560048e+00 -4.067869195310739983e+00 -4.071309065006659900e+00 -4.074749742929149932e+00 -4.078191226359360044e+00 -4.081633512589659674e+00 -4.085076598923629732e+00 -4.088520482675989776e+00 -4.091965161172510079e+00 -4.095410631749969887e+00 -4.098856891756169851e+00 -4.102303938549759721e+00 -4.105751769500240123e+00 -4.109200381987940354e+00 -4.112649773403879827e+00 -4.116099941149809815e+00 -4.119550882638099765e+00 -4.123002595291639594e+00 -4.126455076543909861e+00 -4.129908323838829887e+00 -4.133362334630700019e+00 -4.136817106384270026e+00 -4.140272636574490406e+00 -4.143728922686629623e+00 -4.147185962216160426e+00 -4.150643752668679909e+00 -4.154102291559910398e+00 -4.157561576415599980e+00 -4.161021604771540261e+00 -4.164482374173389623e+00 -4.167943882176800230e+00 -4.171406126347210197e+00
-3.838351831231709976e+00 -3.841729621757179913e+00 -3.845108431597239917e+00 -3.848488257126390089e+00 -3.851869094735290044e+00 -3.855250940830639905e+00 -3.858633791835010207e+00 -3.862017644186849896e+00 -3.865402494340380191e+00 -3.868788338765449808e+00 -3.872175173947550064e+00 -3.875562996387599934e+00 -3.878951802601999788e+00 -3.882341589122430214e+00 -3.885732352495849806e+00 -3.889124089284340169e+00 -3.892516796065100149e+00 -3.895910469430300171e+00 -3.899305105987000086e+00 -3.902700702357159823e+00 -3.906097255177409799e+00 -3.909494761099129967e+00 -3.912893216788220219e+00 -3.916292618925119928e+00 -3.919692964204709806e+00 -3.923094249336210204e+00 -3.926496471043139813e+00 -3.929899626063180218e+00 -3.933303711148159909e+00 -3.936708723063949922e+00 -3.940114658590390118e+00 -3.943521514521199922e+00 -3.946929287663940134e+00 -3.950337974839920108e+00 -3.953747572884080075e+00 -3.957158078645020005e+00 -3.960569488984800213e+00 -3.963981800778979991e+00 -3.967395010916499931e+00 -3.970809116299570007e+00 -3.974224113843679795e+00 -3.977640000477450144e+00 -3.981056773142639837e+00 -3.984474428794019918e+00 -3.987892964399290197e+00 -3.991312376939089912e+00 -3.994732663406820095e+00 -3.998153820808710179e+00 -4.001575846163619943e+00 -4.004998736503029733e+00 -4.008422488870990286e+00 -4.011847100324059667e+00 -4.015272567931139847e+00 -4.018698888773590383e+00 -4.022126059944960197e+00 -4.025554078551100368e+00 -4.028982941709999821e+00 -4.032412646551709834e+00 -4.035843190218339593e+00 -4.039274569864010012e+00 -4.042706782654679643e+00 -4.046139825768210407e+00 -4.049573696394210387e+00 -4.053008391734030269e+00 -4.056443909000660319e+00 -4.059880245418749922e+00 -4.063317398224399746e+00 -4.066755364665260331e+00 -4.070194142000410409e+00 -4.073633727500220125e+00 -4.077074118446439854e+00 -4.080515312132010131e+00 -4.083957305861080300e+00 -4.087400096948970329e+00 -4.090843682721979846e+00 -4.094288060517500050e+00 -4.097733227683860058e+00 -4.101179181580289601e+00 -4.104625919576839976e+00 -4.108073439054409803e+00 -4.111521737404579824e+00 -4.114970812029620006e+00 -4.118420660342470008e+00 -4.121871279766570417e+00 -4.125322667735940030e+00 -4.128774821695049724e+00 -4.132227739098739860e+00 -4.135681417412270022e+00 -4.139135854111150259e+00 -4.142591046681180167e+00 -4.146046992618369842e+00 -4.149503689428829745e+00 -4.152961134628800011e+00 -4.156419325744580284e+00 -4.159878260312440013e+00 -4.163337935878609564e+00 -4.166798349999210060e+00 -4.170259500240219630e+00 -4.173721384177389915e+00 -4.177183999396260283e+00 -4.180647343492010393e+00
-3.847445163437179794e+00 -3.850824914578829805e+00 -3.854205674100910084e+00 -3.857587438426779869e+00 -3.860970203995679917e+00 -3.864353967262609935e+00 -3.867738724698220221e+00 -3.871124472788729953e+00 -3.874511208035889887e+00 -3.877898926956819814e+00 -3.881287626083980147e+00 -3.884677301965079987e+00 -3.888067951162970104e+00 -3.891459570255599854e+00 -3.894852155835870189e+00 -3.898245704511619891e+00 -3.901640212905519878e+00 -3.905035677654959958e+00 -3.908432095412010199e+00 -3.911829462843360083e+00 -3.915227776630139989e+00 -3.918627033467970033e+00 -3.922027230066800207e+00 -3.925428363150820221e+00 -3.928830429458470164e+00 -3.932233425742260202e+00 -3.935637348768790122e+00 -3.939042195318580131e+00 -3.942447962186080179e+00 -3.945854646179519865e+00 -3.949262244120910204e+00 -3.952670752845880209e+00 -3.956080169203719965e+00 -3.959490490057170131e+00 -3.962901712282469902e+00 -3.966313832769219783e+00 -3.969726848420339849e+00 -3.973140756151949837e+00 -3.976555552893379808e+00 -3.979971235587029810e+00 -3.983387801188300159e+00 -3.986805246665590108e+00 -3.990223569000189929e+00 -3.993642765186160126e+00 -3.997062832230330098e+00 -4.000483767152250181e+00 -4.003905566984020226e+00 -4.007328228770360212e+00 -4.010751749568419733e+00 -4.014176126447789983e+00 -4.017601356490390074e+00 -4.021027436790459930e+00 -4.024454364454440380e+00 -4.027882136600950069e+00 -4.031310750360649564e+00 -4.034740202876299975e+00 -4.038170491302600418e+00 -4.041601612806130284e+00 -4.045033564565329698e+00 -4.048466343770460441e+00 -4.051899947623439857e+00 -4.055334373337889708e+00 -4.058769618139000279e+00 -4.062205679263530378e+00 -4.065642553959680328e+00 -4.069080239487130157e+00 -4.072518733116820222e+00 -4.075958032131089759e+00 -4.079398133823479711e+00 -4.082839035498709634e+00 -4.086280734472640397e+00 -4.089723228072170258e+00 -4.093166513635270398e+00 -4.096610588510830375e+00 -4.100055450058610163e+00 -4.103501095649259689e+00 -4.106947522664220251e+00 -4.110394728495640138e+00 -4.113842710546339987e+00 -4.117291466229789698e+00 -4.120740992970030270e+00 -4.124191288201569883e+00 -4.127642349369449626e+00 -4.131094173929049873e+00 -4.134546759346149791e+00 -4.138000103096850069e+00 -4.141454202667439688e+00 -4.144909055554440336e+00 -4.148364659264530019e+00 -4.151821011314470233e+00 -4.155278109231080208e+00 -4.158735950551159632e+00 -4.162194532821439807e+00 -4.165653853598570322e+00 -4.169113910449049776e+00 -4.172574700949129856e+00 -4.176036222684859744e+00 -4.179498473251950230e+00 -4.182961450255779923e+00 -4.186425151311289561e+00 -4.189889574043029974e+00
-3.856542069466330158e+00 -3.859923748840139890e+00 -3.863306425807690125e+00 -3.866690096840399882e+00 -3.870074758425269934e+00 -3.873460407064829969e+00 -3.876847039276960061e+00 -3.880234651594899997e+00 -3.883623240567120050e+00 -3.887012802757220165e+00 -3.890403334743879782e+00 -3.893794833120800103e+00 -3.897187294496540222e+00 -3.900580715494510020e+00 -3.903975092752860032e+00 -3.907370422924389963e+00 -3.910766702676510054e+00 -3.914163928691090089e+00 -3.917562097664459841e+00 -3.920961206307310043e+00 -3.924361251344540058e+00 -3.927762229515320058e+00 -3.931164137572869866e+00 -3.934566972284470054e+00 -3.937970730431370026e+00 -3.941375408808709846e+00 -3.944781004225430099e+00 -3.948187513504219925e+00 -3.951594933481420213e+00 -3.955003261006980075e+00 -3.958412492944369809e+00 -3.961822626170469874e+00 -3.965233657575580217e+00 -3.968645584063290155e+00 -3.972058402550379785e+00 -3.975472109966870171e+00 -3.978886703255810176e+00 -3.982302179373289786e+00 -3.985718535288340192e+00 -3.989135767982900038e+00 -3.992553874451699958e+00 -3.995972851702230155e+00 -3.999392696754669796e+00 -4.002813406641790195e+00 -4.006234978408889980e+00 -4.009657409113829729e+00 -4.013080695826769961e+00 -4.016504835630319903e+00 -4.019929825619340313e+00 -4.023355662900869767e+00 -4.026782344594139751e+00 -4.030209867830490289e+00 -4.033638229753229609e+00 -4.037067427517730067e+00 -4.040497458291140376e+00 -4.043928319252549919e+00 -4.047360007592799569e+00 -4.050792520514399975e+00 -4.054225855231599951e+00 -4.057660008970180421e+00 -4.061094978967480174e+00 -4.064530762472309711e+00 -4.067967356744899732e+00 -4.071404759056860279e+00 -4.074842966691029744e+00 -4.078281976941579678e+00 -4.081721787113780309e+00 -4.085162394524079588e+00 -4.088603796499969967e+00 -4.092045990379959974e+00 -4.095488973513510267e+00 -4.098932743260969680e+00 -4.102377296993550360e+00 -4.105822632093239832e+00 -4.109268745952729951e+00 -4.112715635975419559e+00 -4.116163299575339884e+00 -4.119611734177049733e+00 -4.123060937215630162e+00 -4.126510906136659607e+00 -4.129961638396070001e+00 -4.133413131460169865e+00 -4.136865382805599900e+00 -4.140318389919180220e+00 -4.143772150297979628e+00 -4.147226661449209928e+00 -4.150681920890150423e+00 -4.154137926148130155e+00 -4.157594674760489717e+00 -4.161052164274489762e+00 -4.164510392247300352e+00 -4.167969356245920132e+00 -4.171429053847120372e+00 -4.174889482637460070e+00 -4.178350640213169598e+00 -4.181812524180109847e+00 -4.185275132153769562e+00 -4.188738461759159648e+00 -4.192202510630799850e+00 -4.195667276412700097e+00 -4.199132756758189977e+00
-3.865642454483579904e+00 -3.869026030148519979e+00 -3.872410592765560100e+00 -3.875796138853349948e+00 -3.879182664945879822e+00 -3.882570167592410026e+00 -3.885958643357279918e+00 -3.889348088819950089e+00 -3.892738500574870031e+00 -3.896129875231320039e+00 -3.899522209413489815e+00 -3.902915499760239992e+00 -3.906309742925139883e+00 -3.909704935576320040e+00 -3.913101074396379886e+00 -3.916498156082389936e+00 -3.919896177345750132e+00 -3.923295134912100135e+00 -3.926695025521290017e+00 -3.930095845927290110e+00 -3.933497592898060002e+00 -3.936900263215609819e+00 -3.940303853675739987e+00 -3.943708361088079872e+00 -3.947113782276050031e+00 -3.950520114076680134e+00 -3.953927353340589868e+00 -3.957335496931949859e+00 -3.960744541728320023e+00 -3.964154484620680208e+00 -3.967565322513309845e+00 -3.970977052323660050e+00 -3.974389670982399814e+00 -3.977803175433280103e+00 -3.981217562633009965e+00 -3.984632829551340016e+00 -3.988048973170819966e+00 -3.991465990486850135e+00 -3.994883878507589969e+00 -3.998302634253839916e+00 -4.001722254759029873e+00 -4.005142737069119718e+00 -4.008564078242570439e+00 -4.011986275350239772e+00 -4.015409325475300051e+00 -4.018833225713279944e+00 -4.022257973171829981e+00 -4.025683564970839790e+00 -4.029109998242240032e+00 -4.032537270129999740e+00 -4.035965377790030395e+00 -4.039394318390169936e+00 -4.042824089110079733e+00 -4.046254687141219719e+00 -4.049686109686700064e+00 -4.053118353961379761e+00 -4.056551417191649911e+00 -4.059985296615399974e+00 -4.063419989482089711e+00 -4.066855493052520032e+00 -4.070291804598870300e+00 -4.073728921404589975e+00 -4.077166840764419931e+00 -4.080605559984229913e+00 -4.084045076381009665e+00 -4.087485387282879579e+00 -4.090926490028859774e+00 -4.094368381969020199e+00 -4.097811060464289667e+00 -4.101254522886399911e+00 -4.104698766617929984e+00 -4.108143789052119743e+00 -4.111589587592940020e+00 -4.115036159654970049e+00 -4.118483502663299767e+00 -4.121931614053590209e+00 -4.125380491271950056e+00 -4.128830131774860135e+00 -4.132280533029179637e+00 -4.135731692512069735e+00 -4.139183607710910096e+00 -4.142636276123280226e+00 -4.146089695256939933e+00 -4.149543862629689883e+00 -4.152998775769400019e+00 -4.156454432213929628e+00 -4.159910829511059838e+00 -4.163367965218469635e+00 -4.166825836903689684e+00 -4.170284442144009951e+00 -4.173743778526509907e+00 -4.177203843647919967e+00 -4.180664635114600181e+00 -4.184126150542549993e+00 -4.187588387557309666e+00 -4.191051343793880335e+00 -4.194515016896740001e+00 -4.197979404519800006e+00 -4.201444504326260265e+00 -4.204910313988709625e+00 -4.208376831188929579e+00
-3.874746224977180020e+00 -3.878131665427920094e+00 -3.881518082331719910e+00 -3.884905472253730174e+00 -3.888293831774130016e+00 -3.891683157488150080e+00 -3.895073446005819839e+00 -3.898464693952059967e+00 -3.901856897966519799e+00 -3.905250054703449880e+00 -3.908644160831749925e+00 -3.912039213034760099e+00 -3.915435208010269896e+00 -3.918832142470389801e+00 -3.922230013141520200e+00 -3.925628816764199946e+00 -3.929028550093140115e+00 -3.932429209897000177e+00 -3.935830792958470159e+00 -3.939233296074100110e+00 -3.942636716054209955e+00 -3.946041049722920135e+00 -3.949446293917949991e+00 -3.952852445490610211e+00 -3.956259501305749993e+00 -3.959667458241650007e+00 -3.963076313189959787e+00 -3.966486063055600031e+00 -3.969896704756750161e+00 -3.973308235224730200e+00 -3.976720651403950146e+00 -3.980133950251799835e+00 -3.983548128738689798e+00 -3.986963183847839876e+00 -3.990379112575300091e+00 -3.993795911929869824e+00 -3.997213578933020095e+00 -4.000632110618809634e+00 -4.004051504033870224e+00 -4.007471756237290350e+00 -4.010892864300550364e+00 -4.014314825307489620e+00 -4.017737636354230091e+00 -4.021161294549120413e+00 -4.024585797012609767e+00 -4.028011140877279850e+00 -4.031437323287679675e+00 -4.034864341400409948e+00 -4.038292192383900137e+00 -4.041720873418410243e+00 -4.045150381695999720e+00 -4.048580714420429771e+00 -4.052011868807100292e+00 -4.055443842083040096e+00 -4.058876631486760367e+00 -4.062310234268269760e+00 -4.065744647688999791e+00 -4.069179869021679607e+00 -4.072615895550390164e+00 -4.076052724570430108e+00 -4.079490353388250057e+00 -4.082928779321440160e+00 -4.086367999698680364e+00 -4.089808011859579651e+00 -4.093248813154749755e+00 -4.096690400945719901e+00 -4.100132772604790254e+00 -4.103575925515049683e+00 -4.107019857070380198e+00 -4.110464564675259780e+00 -4.113910045744829880e+00 -4.117356297704739987e+00 -4.120803317991209802e+00 -4.124251104050880024e+00 -4.127699653340790142e+00 -4.131148963328329593e+00 -4.134599031491199561e+00 -4.138049855317349923e+00 -4.141501432304870001e+00 -4.144953759962059614e+00 -4.148406835807249671e+00 -4.151860657368840357e+00 -4.155315222185209656e+00 -4.158770527804679595e+00 -4.162226571785430096e+00 -4.165683351695539827e+00 -4.169140865112799688e+00 -4.172599109624790081e+00 -4.176058082828760121e+00 -4.179517782331600095e+00 -4.182978205749820155e+00 -4.186439350709440177e+00 -4.189901214845970223e+00 -4.193363795804420313e+00 -4.196827091239150320e+00 -4.200291098813900170e+00 -4.203755816201730333e+00 -4.207221241084930341e+00 -4.210687371155040104e+00 -4.214154204112750435e+00 -4.217621737667870185e+00
-3.883853288737920018e+00 -3.887240562897590124e+00 -3.890628803151579884e+00 -3.894018006110759877e+00 -3.897408168400740003e+00 -3.900799286661929877e+00 -3.904191357549350094e+00 -3.907584377732610026e+00 -3.910978343895819886e+00 -3.914373252737460174e+00 -3.917769100970399876e+00 -3.921165885321740152e+00 -3.924563602532769924e+00 -3.927962249358880165e+00 -3.931361822569499953e+00 -3.934762318947989890e+00 -3.938163735291630108e+00 -3.941566068411430201e+00 -3.944969315132190069e+00 -3.948373472292380004e+00 -3.951778536743959958e+00 -3.955184505352499880e+00 -3.958591374996970114e+00 -3.961999142569660126e+00 -3.965407804976230022e+00 -3.968817359135500045e+00 -3.972227801979470119e+00 -3.975639130453230141e+00 -3.979051341514860063e+00 -3.982464432135380150e+00 -3.985878399298730113e+00 -3.989293240001570151e+00 -3.992708951253390204e+00 -3.996125530076310106e+00 -3.999542973505029853e+00 -4.002961278586830041e+00 -4.006380442381430207e+00 -4.009800461960970175e+00 -4.013221334409940333e+00 -4.016643056825060398e+00 -4.020065626315320273e+00 -4.023489040001810402e+00 -4.026913295017740424e+00 -4.030338388508310388e+00 -4.033764317630669893e+00 -4.037191079553910100e+00 -4.040618671458879874e+00 -4.044047090538279932e+00 -4.047476333996479880e+00 -4.050906399049480022e+00 -4.054337282924890040e+00 -4.057768982861849949e+00 -4.061201496110940390e+00 -4.064634819934210164e+00 -4.068068951604960404e+00 -4.071503888407890237e+00 -4.074939627638870299e+00 -4.078376166604909869e+00 -4.081813502624219936e+00 -4.085251633026019569e+00 -4.088690555150529704e+00 -4.092130266348940282e+00 -4.095570763983300111e+00 -4.099012045426509765e+00 -4.102454108062249638e+00 -4.105896949284939978e+00 -4.109340566499589897e+00 -4.112784957121929708e+00 -4.116230118578179997e+00 -4.119676048305080052e+00 -4.123122743749830121e+00 -4.126570202370030138e+00 -4.130018421633610437e+00 -4.133467399018820210e+00 -4.136917132014110265e+00 -4.140367618118149906e+00 -4.143818854839760313e+00 -4.147270839697820399e+00 -4.150723570221230396e+00 -4.154177043948919845e+00 -4.157631258429730359e+00 -4.161086211222380093e+00 -4.164541899895450427e+00 -4.167998322027240299e+00 -4.171455475205860353e+00 -4.174913357029099714e+00 -4.178371965104330066e+00 -4.181831297048559826e+00 -4.185291350488349771e+00 -4.188752123059689580e+00 -4.192213612408109746e+00 -4.195675816188470186e+00 -4.199138732065000212e+00 -4.202602357711249681e+00 -4.206066690810019715e+00 -4.209531729053320070e+00 -4.212997470142349599e+00 -4.216463911787419860e+00 -4.219931051707900060e+00 -4.223398887632230370e+00 -4.226867417297800245e+00
-3.892963554837189921e+00 -3.896352632050350095e+00 -3.899742665137130082e+00 -3.903133650753260131e+00 -3.906525585569089909e+00 -3.909918466269500126e+00 -3.913312289553680046e+00 -3.916707052135259826e+00 -3.920102750742049835e+00 -3.923499382116049983e+00 -3.926896943013379992e+00 -3.930295430204199914e+00 -3.933694840472580001e+00 -3.937095170616470075e+00 -3.940496417447649780e+00 -3.943898577791610016e+00 -3.947301648487469894e+00 -3.950705626387959857e+00 -3.954110508359280018e+00 -3.957516291281109932e+00 -3.960922972046439838e+00 -3.964330547561599971e+00 -3.967739014746110016e+00 -3.971148370532620042e+00 -3.974558611866910063e+00 -3.977969735707710175e+00 -3.981381739026749855e+00 -3.984794618808579880e+00 -3.988208372050579875e+00 -3.991622995762849957e+00 -3.995038486968189861e+00 -3.998454842701939960e+00 -4.001872060012029664e+00 -4.005290135958830433e+00 -4.008709067615130017e+00 -4.012128852066039641e+00 -4.015549486408939828e+00 -4.018970967753429768e+00 -4.022393293221259825e+00 -4.025816459946230275e+00 -4.029240465074190425e+00 -4.032665305762900054e+00 -4.036090979182080041e+00 -4.039517482513219626e+00 -4.042944812949579969e+00 -4.046372967696170164e+00 -4.049801943969580265e+00 -4.053231738998049671e+00 -4.056662350021309926e+00 -4.060093774290559843e+00 -4.063526009068390010e+00 -4.066959051628770361e+00 -4.070392899256930264e+00 -4.073827549249339874e+00 -4.077262998913620429e+00 -4.080699245568539801e+00 -4.084136286543920136e+00 -4.087574119180530374e+00 -4.091012740830150207e+00 -4.094452148855419971e+00 -4.097892340629790020e+00 -4.101333313537510072e+00 -4.104775064973529730e+00 -4.108217592343510027e+00 -4.111660893063639577e+00 -4.115104964560780232e+00 -4.118549804272170434e+00 -4.121995409645569985e+00 -4.125441778139149918e+00 -4.128888907221379689e+00 -4.132336794371029853e+00 -4.135785437077119653e+00 -4.139234832838860179e+00 -4.142684979165600190e+00 -4.146135873576730191e+00 -4.149587513601719735e+00 -4.153039896780009954e+00 -4.156493020660979809e+00 -4.159946882803850166e+00 -4.163401480777739749e+00 -4.166856812161499946e+00 -4.170312874543710358e+00 -4.173769665522690353e+00 -4.177227182706330311e+00 -4.180685423712139581e+00 -4.184144386167200302e+00 -4.187604067708029731e+00 -4.191064465980610443e+00 -4.194525578640329933e+00 -4.197987403351920221e+00 -4.201449937789449862e+00 -4.204913179636180054e+00 -4.208377126584619710e+00 -4.211841776336480159e+00 -4.215307126602540144e+00 -4.218773175102660034e+00 -4.222239919565770272e+00 -4.225707357729760361e+00 -4.229175487341430006e+00 -4.232644306156560177e+00 -4.236113811939699936e+00
-3.902076933606509979e+00 -3.905467783632329937e+00 -3.908859579446729793e+00 -3.912252317749659980e+00 -3.915645995255439882e+00 -3.919040608692669903e+00 -3.922436154804060049e+00 -3.925832630346429930e+00 -3.929230032090679892e+00 -3.932628356821569859e+00 -3.936027601337800164e+00 -3.939427762451829906e+00 -3.942828836989849872e+00 -3.946230821791719912e+00 -3.949633713710820171e+00 -3.953037509614099942e+00 -3.956442206381889815e+00 -3.959847800907890125e+00 -3.963254290099090138e+00 -3.966661670875720080e+00 -3.970069940171100153e+00 -3.973479094931680056e+00 -3.976889132116879999e+00 -3.980300048699060067e+00 -3.983711841663479802e+00 -3.987124508008169865e+00 -3.990538044743889845e+00 -3.993952448894059870e+00 -3.997367717494740180e+00 -4.000783847594459708e+00 -4.004200836254280027e+00 -4.007618680547570200e+00 -4.011037377560150219e+00 -4.014456924390000125e+00 -4.017877318147360377e+00 -4.021298555954619935e+00 -4.024720634946220343e+00 -4.028143552268610428e+00 -4.031567305080209884e+00 -4.034991890551309801e+00 -4.038417305864060225e+00 -4.041843548212320059e+00 -4.045270614801710352e+00 -4.048698502849449987e+00 -4.052127209584360124e+00 -4.055556732246789586e+00 -4.058987068088510064e+00 -4.062418214372759628e+00 -4.065850168374070428e+00 -4.069282927378269576e+00 -4.072716488682419644e+00 -4.076150849594739611e+00 -4.079586007434570227e+00 -4.083021959532310063e+00 -4.086458703229319589e+00 -4.089896235877939823e+00 -4.093334554841409734e+00 -4.096773657493730347e+00 -4.100213541219719815e+00 -4.103654203414920154e+00 -4.107095641485510207e+00 -4.110537852848289653e+00 -4.113980834930630159e+00 -4.117424585170369689e+00 -4.120869101015790292e+00 -4.124314379925650087e+00 -4.127760419368920353e+00 -4.131207216824940076e+00 -4.134654769783289829e+00 -4.138103075743700288e+00 -4.141552132216049564e+00 -4.145001936720279723e+00 -4.148452486786400328e+00 -4.151903779954389861e+00 -4.155355813774109563e+00 -4.158808585805360281e+00 -4.162262093617750125e+00 -4.165716334790669606e+00 -4.169171306913209918e+00 -4.172627007584210013e+00 -4.176083434412100281e+00 -4.179540585014869691e+00 -4.182998457020119965e+00 -4.186457048064860409e+00 -4.189916355795610059e+00 -4.193376377868250238e+00 -4.196837111948010346e+00 -4.200298555709440329e+00 -4.203760706836329852e+00 -4.207223563021670110e+00 -4.210687121967660040e+00 -4.214151381385580208e+00 -4.217616338995759939e+00 -4.221081992527640381e+00 -4.224548339719559564e+00 -4.228015378318840334e+00 -4.231483106081710410e+00 -4.234951520773219791e+00 -4.238420620167239861e+00 -4.241890402046419872e+00 -4.245360864202099904e+00
-3.911193336616229921e+00 -3.914585929621610116e+00 -3.917979458464050158e+00 -3.921373919886990134e+00 -3.924769310648000165e+00 -3.928165627518669822e+00 -3.931562867284500218e+00 -3.934961026744880019e+00 -3.938360102713029942e+00 -3.941760092015799799e+00 -3.945160991493750213e+00 -3.948562798001010066e+00 -3.951965508405169913e+00 -3.955369119587289983e+00 -3.958773628441759840e+00 -3.962179031876249979e+00 -3.965585326811670086e+00 -3.968992510182030031e+00 -3.972400578934439874e+00 -3.975809530029020156e+00 -3.979219360438789987e+00 -3.982630067149670161e+00 -3.986041647160369905e+00 -3.989454097482299844e+00 -3.992867415139549792e+00 -3.996281597168810151e+00 -3.999696640619310184e+00 -4.003112542552700326e+00 -4.006529300043060182e+00 -4.009946910176780399e+00 -4.013365370052560444e+00 -4.016784676781229635e+00 -4.020204827485810206e+00 -4.023625819301400064e+00 -4.027047649375039562e+00 -4.030470314865819859e+00 -4.033893812944629786e+00 -4.037318140794229571e+00 -4.040743295609130037e+00 -4.044169274595519781e+00 -4.047596074971269609e+00 -4.051023693965779771e+00 -4.054452128820019929e+00 -4.057881376786379946e+00 -4.061311435128669878e+00 -4.064742301122019619e+00 -4.068173972052849585e+00 -4.071606445218839632e+00 -4.075039717928800265e+00 -4.078473787502620240e+00 -4.081908651271289656e+00 -4.085344306576799589e+00 -4.088780750772020411e+00 -4.092217981220770184e+00 -4.095655995297620144e+00 -4.099094790387989740e+00 -4.102534363887969882e+00 -4.105974713204290083e+00 -4.109415835754330004e+00 -4.112857728966019977e+00 -4.116300390277750409e+00 -4.119743817138390440e+00 -4.123188007007179579e+00 -4.126632957353700171e+00 -4.130078665657819670e+00 -4.133525129409670207e+00 -4.136972346109510035e+00 -4.140420313267759944e+00 -4.143869028404930432e+00 -4.147318489051539991e+00 -4.150768692748079580e+00 -4.154219637044969993e+00 -4.157671319502539653e+00 -4.161123737690919810e+00 -4.164576889190000131e+00 -4.168030771589440242e+00 -4.171485382488549831e+00 -4.174940719496300190e+00 -4.178396780231199870e+00 -4.181853562321339979e+00 -4.185311063404279608e+00 -4.188769281126989874e+00 -4.192228213145909876e+00 -4.195687857126729980e+00 -4.199148210744519716e+00 -4.202609271683580339e+00 -4.206071037637379995e+00 -4.209533506308609674e+00 -4.212996675409040215e+00 -4.216460542659500099e+00 -4.219925105789919861e+00 -4.223390362539129583e+00 -4.226856310654920179e+00 -4.230322947893999874e+00 -4.233790272021919598e+00 -4.237258280812990385e+00 -4.240726972050359755e+00 -4.244196343525850068e+00 -4.247666393039960298e+00 -4.251137118401850046e+00 -4.254608517429249837e+00
-3.920312676655480111e+00 -3.923706983208489874e+00 -3.927102215778369931e+00 -3.930498371151339931e+00 -3.933895446127490203e+00 -3.937293437520770212e+00 -3.940692342158730099e+00 -3.944092156882649913e+00 -3.947492878547349981e+00 -3.950894504021139841e+00 -3.954297030185740081e+00 -3.957700453936260132e+00 -3.961104772181049949e+00 -3.964509981841710218e+00 -3.967916079852929823e+00 -3.971323063162520040e+00 -3.974730928731249779e+00 -3.978139673532819831e+00 -3.981549294553819784e+00 -3.984959788793629887e+00 -3.988371153264310021e+00 -3.991783384990649886e+00 -3.995196481009970046e+00 -3.998610438372129927e+00 -4.002025254139470078e+00 -4.005440925386720252e+00 -4.008857449200900369e+00 -4.012274822681339614e+00 -4.015693042939529889e+00 -4.019112107099119591e+00 -4.022532012295839898e+00 -4.025952755677369765e+00 -4.029374334403409641e+00 -4.032796745645489622e+00 -4.036219986586989883e+00 -4.039644054423029651e+00 -4.043068946360429905e+00 -4.046494659617650314e+00 -4.049921191424729727e+00 -4.053348539023230224e+00 -4.056776699666150066e+00 -4.060205670617870410e+00 -4.063635449154170409e+00 -4.067066032562069999e+00 -4.070497418139780166e+00 -4.073929603196740246e+00 -4.077362585053429633e+00 -4.080796361041429954e+00 -4.084230928503299829e+00 -4.087666284792489613e+00 -4.091102427273390241e+00 -4.094539353321179576e+00 -4.097977060321809972e+00 -4.101415545671960317e+00 -4.104854806778930332e+00 -4.108294841060660119e+00 -4.111735645945639561e+00 -4.115177218872820397e+00 -4.118619557291610001e+00 -4.122062658661829637e+00 -4.125506520453599890e+00 -4.128951140147350429e+00 -4.132396515233730305e+00 -4.135842643213580416e+00 -4.139289521597819821e+00 -4.142737147907539885e+00 -4.146185519673760034e+00 -4.149634634437539660e+00 -4.153084489749829800e+00 -4.156535083171459810e+00 -4.159986412273090295e+00 -4.163438474635169584e+00 -4.166891267847839586e+00 -4.170344789510980199e+00 -4.173799037234010356e+00 -4.177254008636009708e+00 -4.180709701345570295e+00 -4.184166113000739706e+00 -4.187623241249029959e+00 -4.191081083747370428e+00 -4.194539638161979944e+00 -4.197998902168380120e+00 -4.201458873451409559e+00 -4.204919549705019577e+00 -4.208380928632400320e+00 -4.211843007945820005e+00 -4.215305785366609825e+00 -4.218769258625149732e+00 -4.222233425460790279e+00 -4.225698283621789564e+00 -4.229163830865370066e+00 -4.232630064957509930e+00 -4.236096983673050431e+00 -4.239564584795590285e+00 -4.243032866117419921e+00 -4.246501825439519706e+00 -4.249971460571519977e+00 -4.253441769331609557e+00 -4.256912749546540198e+00 -4.260384399051590165e+00 -4.263856715690449661e+00
-3.929434867713000212e+00 -3.932830858776330096e+00 -3.936227766165540043e+00 -3.939625586708940030e+00 -3.943024317248470023e+00 -3.946423954639690201e+00 -3.949824495751590003e+00 -3.953225937466620099e+00 -3.956628276680560052e+00 -3.960031510302460145e+00 -3.963435635254589862e+00 -3.966840648472349962e+00 -3.970246546904209861e+00 -3.973653327511629918e+00 -3.977060987269000147e+00 -3.980469523163570056e+00 -3.983878932195379807e+00 -3.987289211377170073e+00 -3.990700357734359827e+00 -3.994112368304989946e+00 -3.997525240139519820e+00 -4.000938970300979669e+00 -4.004353555864719638e+00 -4.007768993918420009e+00 -4.011185281562060112e+00 -4.014602415907769561e+00 -4.018020394079839797e+00 -4.021439213214620167e+00 -4.024858870460450433e+00 -4.028279362977629674e+00 -4.031700687938349681e+00 -4.035122842526569720e+00 -4.038545823938050283e+00 -4.041969629380250062e+00 -4.045394256072209593e+00 -4.048819701244609881e+00 -4.052245962139590318e+00 -4.055673036010770005e+00 -4.059100920123159817e+00 -4.062529611753100234e+00 -4.065959108188230253e+00 -4.069389406727349723e+00 -4.072820504680479736e+00 -4.076252399368740065e+00 -4.079685088124230141e+00 -4.083118568290119654e+00 -4.086552837220439827e+00 -4.089987892280180226e+00 -4.093423730845089814e+00 -4.096860350301679610e+00 -4.100297748047189828e+00 -4.103735921489509941e+00 -4.107174868047139604e+00 -4.110614585149139799e+00 -4.114055070234999612e+00 -4.117496320754709949e+00 -4.120938334168649853e+00 -4.124381107947470149e+00 -4.127824639572160059e+00 -4.131268926533929964e+00 -4.134713966334129687e+00 -4.138159756484279583e+00 -4.141606294505960406e+00 -4.145053577930760014e+00 -4.148501604300229850e+00 -4.151950371165919584e+00 -4.155399876089149735e+00 -4.158850116641120032e+00 -4.162301090402800163e+00 -4.165752794964870276e+00 -4.169205227927710311e+00 -4.172658386901270333e+00 -4.176112269505149577e+00 -4.179566873368449897e+00 -4.183022196129719816e+00 -4.186478235437009587e+00 -4.189934988947720207e+00 -4.193392454328599861e+00 -4.196850629255679976e+00 -4.200309511414269892e+00 -4.203769098498879586e+00 -4.207229388213129972e+00 -4.210690378269820400e+00 -4.214152066390759899e+00 -4.217614450306830243e+00 -4.221077527757850056e+00 -4.224541296492599685e+00 -4.228005754268729710e+00 -4.231470898852750295e+00 -4.234936728019960128e+00 -4.238403239554430435e+00 -4.241870431248959683e+00 -4.245338300904969664e+00 -4.248806846332559672e+00 -4.252276065350409695e+00 -4.255745955785720014e+00 -4.259216515474239628e+00 -4.262687742260130364e+00 -4.266159633996020162e+00 -4.269632188542900053e+00 -4.273105403770079747e+00
-3.938559824957180044e+00 -3.941957471881770037e+00 -3.945356025568369951e+00 -3.948755482886680213e+00 -3.952155840719839830e+00 -3.955557095964330028e+00 -3.958959245529909854e+00 -3.962362286339530026e+00 -3.965766215329300071e+00 -3.969171029448329779e+00 -3.972576725658779839e+00 -3.975983300935729936e+00 -3.979390752267080167e+00 -3.982799076653550152e+00 -3.986208271108569789e+00 -3.989618332658220190e+00 -3.993029258341150189e+00 -3.996441045208550147e+00 -3.999853690324049804e+00 -4.003267190763679650e+00 -4.006681543615769669e+00 -4.010096745980930244e+00 -4.013512794971970443e+00 -4.016929687713759911e+00 -4.020347421343330119e+00 -4.023765993009649655e+00 -4.027185399873640215e+00 -4.030605639108109983e+00 -4.034026707897670150e+00 -4.037448603438700268e+00 -4.040871322939260324e+00 -4.044294863619019686e+00 -4.047719222709270426e+00 -4.051144397452770107e+00 -4.054570385103719588e+00 -4.057997182927770119e+00 -4.061424788201850156e+00 -4.064853198214169794e+00 -4.068282410264179916e+00 -4.071712421662470049e+00 -4.075143229730720407e+00 -4.078574831801669909e+00 -4.082007225219060231e+00 -4.085440407337509683e+00 -4.088874375522549620e+00 -4.092309127150540071e+00 -4.095744659608540061e+00 -4.099180970294420412e+00 -4.102618056616599951e+00 -4.106055915994160088e+00 -4.109494545856679615e+00 -4.112933943644279999e+00 -4.116374106807469957e+00 -4.119815032807180089e+00 -4.123256719114650082e+00 -4.126699163211389632e+00 -4.130142362589180216e+00 -4.133586314749919666e+00 -4.137031017205660355e+00 -4.140476467478520384e+00 -4.143922663100630288e+00 -4.147369601614109946e+00 -4.150817280570990420e+00 -4.154265697533170432e+00 -4.157714850072349755e+00 -4.161164735770070067e+00 -4.164615352217479582e+00 -4.168066697015490263e+00 -4.171518767774609948e+00 -4.174971562114950352e+00 -4.178425077666090282e+00 -4.181879312067150245e+00 -4.185334262966639685e+00 -4.188789928022499609e+00 -4.192246304901959597e+00 -4.195703391281580430e+00 -4.199161184847169714e+00 -4.202619683293719710e+00 -4.206078884325370026e+00 -4.209538785655399629e+00 -4.212999385006149566e+00 -4.216460680108919945e+00 -4.219922668704099600e+00 -4.223385348540899642e+00 -4.226848717377479581e+00 -4.230312772980839853e+00 -4.233777513126740111e+00 -4.237242935599740079e+00 -4.240709038193100078e+00 -4.244175818708730397e+00 -4.247643274957219717e+00 -4.251111404757700107e+00 -4.254580205937830151e+00 -4.258049676333850009e+00 -4.261519813790370037e+00 -4.264990616160470260e+00 -4.268462081305609779e+00 -4.271934207095569924e+00 -4.275406991408440049e+00 -4.278880432130559797e+00 -4.282354527156470247e+00
-3.947687464716830075e+00 -3.951086739235619927e+00 -3.954486911077609967e+00 -3.957887977153229819e+00 -3.961289934386139855e+00 -3.964692779713109960e+00 -3.968096510083999995e+00 -3.971501122461590150e+00 -3.974906613821679979e+00 -3.978312981152840155e+00 -3.981720221456429787e+00 -3.985128331746579988e+00 -3.988537309050010027e+00 -3.991947150406069955e+00 -3.995357852866599835e+00 -3.998769413495869784e+00 -4.002181829370580424e+00 -4.005595097579710107e+00 -4.009009215224500267e+00 -4.012424179418419889e+00 -4.015839987286989654e+00 -4.019256635967850322e+00 -4.022674122610649938e+00 -4.026092444376899948e+00 -4.029511598440059572e+00 -4.032931581985380376e+00 -4.036352392209829887e+00 -4.039774026322099587e+00 -4.043196481542519649e+00 -4.046619755102930149e+00 -4.050043844246760116e+00 -4.053468746228790387e+00 -4.056894458315290386e+00 -4.060320977783780094e+00 -4.063748301923079786e+00 -4.067176428033239866e+00 -4.070605353425439610e+00 -4.074035075421959640e+00 -4.077465591356130403e+00 -4.080896898572249576e+00 -4.084328994425569626e+00 -4.087761876282179685e+00 -4.091195541519019763e+00 -4.094629987523750181e+00 -4.098065211694759569e+00 -4.101501211441090256e+00 -4.104937984182350341e+00 -4.108375527348740341e+00 -4.111813838380910191e+00 -4.115252914729939704e+00 -4.118692753857300382e+00 -4.122133353234810116e+00 -4.125574710344530160e+00 -4.129016822678780230e+00 -4.132459687739990173e+00 -4.135903303040800338e+00 -4.139347666103859957e+00 -4.142792774461850236e+00 -4.146238625657390209e+00 -4.149685217243090030e+00 -4.153132546781360013e+00 -4.156580611844439943e+00 -4.160029410014369766e+00 -4.163478938882880342e+00 -4.166929196051380124e+00 -4.170380179130919629e+00 -4.173831885742069758e+00 -4.177284313514980418e+00 -4.180737460089280155e+00 -4.184191323113999772e+00 -4.187645900247559894e+00 -4.191101189157730111e+00 -4.194557187521559705e+00 -4.198013893025369647e+00 -4.201471303364630039e+00 -4.204929416244000073e+00 -4.208388229377270306e+00 -4.211847740487240088e+00 -4.215307947305760194e+00 -4.218768847573629799e+00 -4.222230439040630223e+00 -4.225692719465349967e+00 -4.229155686615290399e+00 -4.232619338266710329e+00 -4.236083672204619788e+00 -4.239548686222789797e+00 -4.243014378123589836e+00 -4.246480745718070438e+00 -4.249947786825839735e+00 -4.253415499275059908e+00 -4.256883880902390338e+00 -4.260352929552939649e+00 -4.263822643080249719e+00 -4.267293019346220184e+00 -4.270764056221119986e+00 -4.274235751583449705e+00 -4.277708103320049915e+00 -4.281181109325910228e+00 -4.284654767504219919e+00 -4.288129075766300424e+00 -4.291604032031569815e+00
-3.956817704463079899e+00 -3.960218578684850055e+00 -3.963620340914080220e+00 -3.967022988101259973e+00 -3.970426517209900030e+00 -3.973830925216459864e+00 -3.977236209110190046e+00 -3.980642365893150014e+00 -3.984049392580129911e+00 -3.987457286198500039e+00 -3.990866043788289907e+00 -3.994275662401979954e+00 -3.997686139104529968e+00 -4.001097470973290271e+00 -4.004509655097879595e+00 -4.007922688580199733e+00 -4.011336568534369817e+00 -4.014751292086540246e+00 -4.018166856375000151e+00 -4.021583258550029960e+00 -4.025000495773779718e+00 -4.028418565220349912e+00 -4.031837464075610278e+00 -4.035257189537159839e+00 -4.038677738814310025e+00 -4.042099109128000300e+00 -4.045521297710710229e+00 -4.048944301806460366e+00 -4.052368118670670150e+00 -4.055792745570180102e+00 -4.059218179783160352e+00 -4.062644418598989837e+00 -4.066071459318360226e+00 -4.069499299253020119e+00 -4.072927935725849657e+00 -4.076357366070790356e+00 -4.079787587632710100e+00 -4.083218597767439562e+00 -4.086650393841689599e+00 -4.090082973232929575e+00 -4.093516333329450418e+00 -4.096950471530170113e+00 -4.100385385244740277e+00 -4.103821071893340111e+00 -4.107257528906710142e+00 -4.110694753726080286e+00 -4.114132743803070369e+00 -4.117571496599760295e+00 -4.121011009588499974e+00 -4.124451280251900442e+00 -4.127892306082830309e+00 -4.131334084584319832e+00 -4.134776613269480094e+00 -4.138219889661559847e+00 -4.141663911293740341e+00 -4.145108675709240131e+00 -4.148554180461159646e+00 -4.152000423112450100e+00 -4.155447401235909943e+00 -4.158895112414089823e+00 -4.162343554239249954e+00 -4.165792724313329920e+00 -4.169242620247899822e+00 -4.172693239664059917e+00 -4.176144580192469924e+00 -4.179596639473300179e+00 -4.183049415156039785e+00 -4.186502904899660038e+00 -4.189957106372459883e+00 -4.193412017251960222e+00 -4.196867635224999837e+00 -4.200323957987560419e+00 -4.203780983244810088e+00 -4.207238708711000363e+00 -4.210697132109450180e+00 -4.214156251172499701e+00 -4.217616063641459689e+00 -4.221076567266569768e+00 -4.224537759806930026e+00 -4.227999639030519674e+00 -4.231462202714079801e+00 -4.234925448643109824e+00 -4.238389374611860383e+00 -4.241853978423150373e+00 -4.245319257888540143e+00 -4.248785210828099679e+00 -4.252251835070460118e+00 -4.255719128452740030e+00 -4.259187088820530320e+00 -4.262655714027819620e+00 -4.266125001937010275e+00 -4.269594950418779788e+00 -4.273065557352129673e+00 -4.276536820624330382e+00 -4.280008738130839596e+00 -4.283481307775299562e+00 -4.286954527469469589e+00 -4.290428395133240258e+00 -4.293902908694509968e+00 -4.297378066089230231e+00 -4.300853865261309750e+00
-3.965950462790219788e+00 -3.969352909193600176e+00 -3.972756234409770215e+00 -3.976160435428650164e+00 -3.979565509252979805e+00 -3.982971452898239839e+00 -3.986378263392480026e+00 -3.989785937776369806e+00 -3.993194473103089948e+00 -3.996603866438209973e+00 -4.000014114859760106e+00 -4.003425215458030095e+00 -4.006837165335570106e+00 -4.010249961607110336e+00 -4.013663601399490410e+00 -4.017078081851639837e+00 -4.020493400114459881e+00 -4.023909553350759616e+00 -4.027326538735239936e+00 -4.030744353454410067e+00 -4.034162994706510297e+00 -4.037582459701479998e+00 -4.041002745660869699e+00 -4.044423849817779804e+00 -4.047845769416849926e+00 -4.051268501714109682e+00 -4.054692043977009774e+00 -4.058116393484319850e+00 -4.061541547526069884e+00 -4.064967503403480009e+00 -4.068394258428949861e+00 -4.071821809925929792e+00 -4.075250155228969717e+00 -4.078679291683529939e+00 -4.082109216646029992e+00 -4.085539927483750056e+00 -4.088971421574769671e+00 -4.092403696307930439e+00 -4.095836749082759631e+00 -4.099270577309440000e+00 -4.102705178408769804e+00 -4.106140549812019813e+00 -4.109576688960999924e+00 -4.113013593307940141e+00 -4.116451260315420413e+00 -4.119889687456369742e+00 -4.123328872213949836e+00 -4.126768812081600402e+00 -4.130209504562899703e+00 -4.133650947171510381e+00 -4.137093137431209655e+00 -4.140536072875759643e+00 -4.143979751048870064e+00 -4.147424169504220437e+00 -4.150869325805270016e+00 -4.154315217525380355e+00 -4.157761842247640338e+00 -4.161209197564799567e+00 -4.164657281079350071e+00 -4.168106090403400188e+00 -4.171555623158550219e+00 -4.175005876975999897e+00 -4.178456849496379633e+00 -4.181908538369800254e+00 -4.185360941255660272e+00 -4.188814055822789761e+00 -4.192267879749249637e+00 -4.195722410722329876e+00 -4.199177646438579714e+00 -4.202633584603609584e+00 -4.206090222932229672e+00 -4.209547559148210105e+00 -4.213005590984409743e+00 -4.216464316182640282e+00 -4.219923732493599644e+00 -4.223383837676900399e+00 -4.226844629501020023e+00 -4.230306105743159684e+00 -4.233768264189300190e+00 -4.237231102634179791e+00 -4.240694618881150291e+00 -4.244158810742150401e+00 -4.247623676037799889e+00 -4.251089212597150002e+00 -4.254555418257839783e+00 -4.258022290865890014e+00 -4.261489828275790259e+00 -4.264958028350349650e+00 -4.268426888960759946e+00 -4.271896407986470301e+00 -4.275366583315210356e+00 -4.278837412842880106e+00 -4.282308894473580096e+00 -4.285781026119540371e+00 -4.289253805701090272e+00 -4.292727231146559852e+00 -4.296201300392369582e+00 -4.299676011382859819e+00 -4.303151362070339658e+00 -4.306627350414999889e+00 -4.310103974384889902e+00
-3.975085659398629900e+00 -3.978489650826170010e+00 -3.981894511990970109e+00 -3.985300239921779841e+00 -3.988706831659920127e+00 -3.992114284259260071e+00 -3.995522594786049986e+00 -3.998931760318929829e+00 -4.002341777948900337e+00 -4.005752644779099647e+00 -4.009164357924960065e+00 -4.012576914513969584e+00 -4.015990311685659897e+00 -4.019404546591600180e+00 -4.022819616395249653e+00 -4.026235518271930047e+00 -4.029652249408799847e+00 -4.033069807004710405e+00 -4.036488188270210387e+00 -4.039907390427510236e+00 -4.043327410710319647e+00 -4.046748246363880419e+00 -4.050169894644869650e+00 -4.053592352821319800e+00 -4.057015618172619575e+00 -4.060439687989400248e+00 -4.063864559573500124e+00 -4.067290230237910365e+00 -4.070716697306689724e+00 -4.074143958114969877e+00 -4.077572010008809755e+00 -4.081000850345209763e+00 -4.084430476492049600e+00 -4.087860885827989676e+00 -4.091292075742440026e+00 -4.094724043635539878e+00 -4.098156786918019989e+00 -4.101590303011260374e+00 -4.105024589347110009e+00 -4.108459643367949887e+00 -4.111895462526550027e+00 -4.115332044286070357e+00 -4.118769386120010090e+00 -4.122207485512100256e+00 -4.125646339956319686e+00 -4.129085946956780440e+00 -4.132526304027700270e+00 -4.135967408693420388e+00 -4.139409258488269572e+00 -4.142851850956489557e+00 -4.146295183652250138e+00 -4.149739254139640288e+00 -4.153184059992470090e+00 -4.156629598794400415e+00 -4.160075868138729760e+00 -4.163522865628459968e+00 -4.166970588876200310e+00 -4.170419035504120409e+00 -4.173868203143929811e+00 -4.177318089436780291e+00 -4.180768692033249856e+00 -4.184220008593340090e+00 -4.187672036786329599e+00 -4.191124774290810429e+00 -4.194578218794579705e+00 -4.198032367994690262e+00 -4.201487219597270339e+00 -4.204942771317580430e+00 -4.208399020879969754e+00 -4.211855966017750141e+00 -4.215313604473210241e+00 -4.218771933997559564e+00 -4.222230952350919608e+00 -4.225690657302240361e+00 -4.229151046629190169e+00 -4.232612118118280087e+00 -4.236073869564689787e+00 -4.239536298772249800e+00 -4.242999403553410431e+00 -4.246463181729230207e+00 -4.249927631129279959e+00 -4.253392749591600186e+00 -4.256858534962749907e+00 -4.260324985097639683e+00 -4.263792097859579577e+00 -4.267259871120219650e+00 -4.270728302759439821e+00 -4.274197390665450236e+00 -4.277667132734610078e+00 -4.281137526871470200e+00 -4.284608570988719833e+00 -4.288080263007119974e+00 -4.291552600855480293e+00 -4.295025582470650249e+00 -4.298499205797430278e+00 -4.301973468788539812e+00 -4.305448369404650144e+00 -4.308923905614229888e+00 -4.312400075393600041e+00 -4.315876876726879807e+00 -4.319354307605889787e+00
-3.984223215076459823e+00 -3.987628724728820018e+00 -3.991035095160190060e+00 -3.994442323437489950e+00 -3.997850406640030219e+00 -4.001259341859450203e+00 -4.004669126199590146e+00 -4.008079756776480096e+00 -4.011491230718299938e+00 -4.014903545165200427e+00 -4.018316697269390225e+00 -4.021730684194990246e+00 -4.025145503117950163e+00 -4.028561151226050185e+00 -4.031977625718799807e+00 -4.035394923807380074e+00 -4.038813042714590296e+00 -4.042231979674779652e+00 -4.045651731933809891e+00 -4.049072296748970068e+00 -4.052493671388919694e+00 -4.055915853133649662e+00 -4.059338839274410304e+00 -4.062762627113619907e+00 -4.066187213964900238e+00 -4.069612597152899802e+00 -4.073038774013330254e+00 -4.076465741892880246e+00 -4.079893498149120390e+00 -4.083322040150510368e+00 -4.086751365276319881e+00 -4.090181470916520290e+00 -4.093612354471839687e+00 -4.097044013353610126e+00 -4.100476444983730318e+00 -4.103909646794689614e+00 -4.107343616229390371e+00 -4.110778350741200349e+00 -4.114213847793839918e+00 -4.117650104861340310e+00 -4.121087119428030299e+00 -4.124524888988400306e+00 -4.127963411047179676e+00 -4.131402683119119956e+00 -4.134842702729099706e+00 -4.138283467411969951e+00 -4.141724974712539975e+00 -4.145167222185540012e+00 -4.148610207395590166e+00 -4.152053927917039644e+00 -4.155498381334060021e+00 -4.158943565240499574e+00 -4.162389477239890390e+00 -4.165836114945400404e+00 -4.169283475979660203e+00 -4.172731557974939776e+00 -4.176180358572930018e+00 -4.179629875424709873e+00 -4.183080106190780079e+00 -4.186531048540969913e+00 -4.189982700154329720e+00 -4.193435058719230391e+00 -4.196888121933180393e+00 -4.200341887502839988e+00 -4.203796353143969711e+00 -4.207251516581419715e+00 -4.210707375548979670e+00 -4.214163927789459585e+00 -4.217621171054579676e+00 -4.221079103104909969e+00 -4.224537721709889837e+00 -4.227997024647719648e+00 -4.231457009705359873e+00 -4.234917674678490229e+00 -4.238379017371410207e+00 -4.241841035597049725e+00 -4.245303727176949593e+00 -4.248767089941160258e+00 -4.252231121728200058e+00 -4.255695820385080097e+00 -4.259161183767200320e+00 -4.262627209738310441e+00 -4.266093896170549904e+00 -4.269561240944259595e+00 -4.273029241948080426e+00 -4.276497897078869848e+00 -4.279967204241620138e+00 -4.283437161349450406e+00 -4.286907766323619917e+00 -4.290379017093349567e+00 -4.293850911595970210e+00 -4.297323447776710381e+00 -4.300796623588730050e+00 -4.304270436993149929e+00 -4.307744885958889824e+00 -4.311219968462689955e+00 -4.314695682489119832e+00 -4.318172026030439703e+00 -4.321648997086629862e+00 -4.325126593665370223e+00 -4.328604813781930183e+00
-3.993363051682920162e+00 -3.996770053113240184e+00 -4.000177906479700063e+00 -4.003586608886799958e+00 -4.006996157451229834e+00 -4.010406549301809953e+00 -4.013817781579359867e+00 -4.017229851436730392e+00 -4.020642756038680155e+00 -4.024056492561779663e+00 -4.027471058194469933e+00 -4.030886450136869747e+00 -4.034302665600810300e+00 -4.037719701809709960e+00 -4.041137555998560060e+00 -4.044556225413820094e+00 -4.047975707313420379e+00 -4.051395998966610179e+00 -4.054817097654000335e+00 -4.058239000667460239e+00 -4.061661705310010362e+00 -4.065085208895870217e+00 -4.068509508750310033e+00 -4.071934602209609899e+00 -4.075360486621080192e+00 -4.078787159342880386e+00 -4.082214617744059915e+00 -4.085642859204449806e+00 -4.089071881114660023e+00 -4.092501680875959558e+00 -4.095932255900279984e+00 -4.099363603610079565e+00 -4.102795721438430299e+00 -4.106228606828819849e+00 -4.109662257235160432e+00 -4.113096670121760390e+00 -4.116531842963209620e+00 -4.119967773244379572e+00 -4.123404458460369959e+00 -4.126841896116400399e+00 -4.130280083727829954e+00 -4.133719018820049662e+00 -4.137158698928489642e+00 -4.140599121598500076e+00 -4.144040284385350326e+00 -4.147482184854189846e+00 -4.150924820579909635e+00 -4.154368189147230161e+00 -4.157812288150550373e+00 -4.161257115193920164e+00 -4.164702667890989751e+00 -4.168148943865009670e+00 -4.171595940748700215e+00 -4.175043656184300289e+00 -4.178492087823400425e+00 -4.181941233327029828e+00 -4.185391090365530253e+00 -4.188841656618469855e+00 -4.192292929774719568e+00 -4.195744907532310108e+00 -4.199197587598400006e+00 -4.202650967689270267e+00 -4.206105045530219577e+00 -4.209559818855609592e+00 -4.213015285408699739e+00 -4.216471442941729819e+00 -4.219928289215739703e+00 -4.223385822000669698e+00 -4.226844039075239756e+00 -4.230302938226859766e+00 -4.233762517251689950e+00 -4.237222773954529842e+00 -4.240683706148820065e+00 -4.244145311656519759e+00 -4.247607588308180304e+00 -4.251070533942799656e+00 -4.254534146407870310e+00 -4.257998423559220313e+00 -4.261463363261119852e+00 -4.264928963386130256e+00 -4.268395221815099561e+00 -4.271862136437100332e+00 -4.275329705149469639e+00 -4.278797925857629636e+00 -4.282266796475179937e+00 -4.285736314923820345e+00 -4.289206479133239824e+00 -4.292677287041190226e+00 -4.296148736593369932e+00 -4.299620825743390107e+00 -4.303093552452799564e+00 -4.306566914690979964e+00 -4.310040910435089856e+00 -4.313515537670149946e+00 -4.316990794388850361e+00 -4.320466678591610155e+00 -4.323943188286540007e+00 -4.327420321489359623e+00 -4.330898076223370197e+00 -4.334376450519459745e+00 -4.337855442416030272e+00
-4.002505092130530073e+00 -4.005913559238790000e+00 -4.009322869553909818e+00 -4.012733020217339686e+00 -4.016144008382579678e+00 -4.019555831215029684e+00 -4.022968485891939672e+00 -4.026381969602340405e+00 -4.029796279547030124e+00 -4.033211412938420004e+00 -4.036627367000599875e+00 -4.040044138969149934e+00 -4.043461726091189590e+00 -4.046880125625249569e+00 -4.050299334841199972e+00 -4.053719351020279582e+00 -4.057140171454950206e+00 -4.060561793448849599e+00 -4.063984214316810117e+00 -4.067407431384689964e+00 -4.070831441989380295e+00 -4.074256243478780348e+00 -4.077681833211659779e+00 -4.081108208557630235e+00 -4.084535366897159570e+00 -4.087963305621410193e+00 -4.091392022132230188e+00 -4.094821513842149763e+00 -4.098251778174219595e+00 -4.101682812562049918e+00 -4.105114614449729693e+00 -4.108547181291739570e+00 -4.111980510552940338e+00 -4.115414599708509868e+00 -4.118849446243870283e+00 -4.122285047654679957e+00 -4.125721401446719838e+00 -4.129158505135889889e+00 -4.132596356248170011e+00 -4.136034952319519675e+00 -4.139474290895829967e+00 -4.142914369532910257e+00 -4.146355185796480214e+00 -4.149796737261969959e+00 -4.153239021514620433e+00 -4.156682036149359938e+00 -4.160125778770780158e+00 -4.163570246993080204e+00 -4.167015438440020425e+00 -4.170461350744849582e+00 -4.173907981550329716e+00 -4.177355328508600252e+00 -4.180803389281170013e+00 -4.184252161538910109e+00 -4.187701642961900284e+00 -4.191151831239549708e+00 -4.194602724070380262e+00 -4.198054319162039860e+00 -4.201506614231339753e+00 -4.204959607004099986e+00 -4.208413295215120087e+00 -4.211867676608229694e+00 -4.215322748936100261e+00 -4.218778509960349865e+00 -4.222234957451330040e+00 -4.225692089188280320e+00 -4.229149902959109752e+00 -4.232608396560440411e+00 -4.236067567797589639e+00 -4.239527414484440371e+00 -4.242987934443480214e+00 -4.246449125505679767e+00 -4.249910985510560124e+00 -4.253373512306070303e+00 -4.256836703748500206e+00 -4.260300557702610291e+00 -4.263765072041399762e+00 -4.267230244646199822e+00 -4.270696073406550219e+00 -4.274162556220230336e+00 -4.277629690993159706e+00 -4.281097475639359828e+00 -4.284565908080989693e+00 -4.288034986248200120e+00 -4.291504708079189712e+00 -4.294975071520130250e+00 -4.298446074525039684e+00 -4.301917715055929570e+00 -4.305389991082630097e+00 -4.308862900582729694e+00 -4.312336441541710030e+00 -4.315810611952679565e+00 -4.319285409816510324e+00 -4.322760833141730430e+00 -4.326236879944479696e+00 -4.329713548248530053e+00 -4.333190836085160313e+00 -4.336668741493239665e+00 -4.340147262519029603e+00 -4.343626397216319823e+00 -4.347106143646270127e+00
-4.011649260368970182e+00 -4.015059167396570317e+00 -4.018469909013499652e+00 -4.021881482397650309e+00 -4.025293884738670336e+00 -4.028707113238030324e+00 -4.032121165108759619e+00 -4.035536037575560009e+00 -4.038951727874700026e+00 -4.042368233253849752e+00 -4.045785550972190059e+00 -4.049203678300229647e+00 -4.052622612519799716e+00 -4.056042350923990014e+00 -4.059462890817039593e+00 -4.062884229514390100e+00 -4.066306364342509916e+00 -4.069729292638900375e+00 -4.073153011752030039e+00 -4.076577519041290287e+00 -4.080002811876879854e+00 -4.083428887639859894e+00 -4.086855743721970136e+00 -4.090283377525669728e+00 -4.093711786464050206e+00 -4.097140967960739566e+00 -4.100570919449950225e+00 -4.104001638376320038e+00 -4.107433122194920294e+00 -4.110865368371169559e+00 -4.114298374380820356e+00 -4.117732137709849916e+00 -4.121166655854490379e+00 -4.124601926321090239e+00 -4.128037946626090360e+00 -4.131474714296020423e+00 -4.134912226867400342e+00 -4.138350481886670096e+00 -4.141789476910219925e+00 -4.145229209504240231e+00 -4.148669677244770426e+00 -4.152110877717539950e+00 -4.155552808518070407e+00 -4.158995467251449973e+00 -4.162438851532409778e+00 -4.165882958985259954e+00 -4.169327787243759964e+00 -4.172773333951200314e+00 -4.176219596760249786e+00 -4.179666573332950108e+00 -4.183114261340650231e+00 -4.186562658464009878e+00 -4.190011762392879646e+00 -4.193461570826330309e+00 -4.196912081472530254e+00 -4.200363292048770347e+00 -4.203815200281399989e+00 -4.207267803905709869e+00 -4.210721100666019900e+00 -4.214175088315530004e+00 -4.217629764616299681e+00 -4.221085127339240017e+00 -4.224541174264030197e+00 -4.227997903179110395e+00 -4.231455311881550330e+00 -4.234913398177200250e+00 -4.238372159880370305e+00 -4.241831594814040152e+00 -4.245291700809720403e+00 -4.248752475707339826e+00 -4.252213917355340378e+00 -4.255676023610499570e+00 -4.259138792338029944e+00 -4.262602221411429859e+00 -4.266066308712449739e+00 -4.269531052131130267e+00 -4.272996449565689581e+00 -4.276462498922519728e+00 -4.279929198116110278e+00 -4.283396545069069639e+00 -4.286864537712009593e+00 -4.290333173983549742e+00 -4.293802451830339706e+00 -4.297272369206850406e+00 -4.300742924075530382e+00 -4.304214114406639702e+00 -4.307685938178259732e+00 -4.311158393376230080e+00 -4.314631477994179676e+00 -4.318105190033359797e+00 -4.321579527502779960e+00 -4.325054488418990317e+00 -4.328530070806190011e+00 -4.332006272696109939e+00 -4.335483092128000315e+00 -4.338960527148589819e+00 -4.342438575812080259e+00 -4.345917236180060428e+00 -4.349396506321509648e+00 -4.352876384312740043e+00 -4.356356868237379665e+00
-4.020795481369010105e+00 -4.024206802893390389e+00 -4.027618950499589623e+00 -4.031031921401329932e+00 -4.034445712823919727e+00 -4.037860322004250158e+00 -4.041275746190650331e+00 -4.044691982642889982e+00 -4.048109028632129736e+00 -4.051526881440800310e+00 -4.054945538362590085e+00 -4.058364996702390037e+00 -4.061785253776210247e+00 -4.065206306911160361e+00 -4.068628153445329687e+00 -4.072050790727789860e+00 -4.075474216118530002e+00 -4.078898426988359915e+00 -4.082323420718900309e+00 -4.085749194702500198e+00 -4.089175746342199602e+00 -4.092603073051679807e+00 -4.096031172255179875e+00 -4.099460041387439801e+00 -4.102889677893699627e+00 -4.106320079229590192e+00 -4.109751242861140241e+00 -4.113183166264629875e+00 -4.116615846926629629e+00 -4.120049282343909880e+00 -4.123483470023399988e+00 -4.126918407482089712e+00 -4.130354092247079834e+00 -4.133790521855419620e+00 -4.137227693854120147e+00 -4.140665605800109894e+00 -4.144104255260139702e+00 -4.147543639810759686e+00 -4.150983757038299693e+00 -4.154424604538750287e+00 -4.157866179917779625e+00 -4.161308480790649966e+00 -4.164751504782169711e+00 -4.168195249526689850e+00 -4.171639712667979616e+00 -4.175084891859239811e+00 -4.178530784763020201e+00 -4.181977389051230176e+00 -4.185424702405030395e+00 -4.188872722514780378e+00 -4.192321447080050056e+00 -4.195770873809539836e+00 -4.199221000421050398e+00 -4.202671824641419640e+00 -4.206123344206449843e+00 -4.209575556860960077e+00 -4.213028460358669847e+00 -4.216482052462129815e+00 -4.219936330942710256e+00 -4.223391293580640138e+00 -4.226846938164779743e+00 -4.230303262492779659e+00 -4.233760264370870274e+00 -4.237217941613939942e+00 -4.240676292045399975e+00 -4.244135313497239714e+00 -4.247595003809889747e+00 -4.251055360832239671e+00 -4.254516382421599907e+00 -4.257978066443580012e+00 -4.261440410772189935e+00 -4.264903413289630407e+00 -4.268367071886429720e+00 -4.271831384461269643e+00 -4.275296348920959666e+00 -4.278761963180490291e+00 -4.282228225162909574e+00 -4.285695132799300033e+00 -4.289162684028739569e+00 -4.292630876798299688e+00 -4.296099709062930039e+00 -4.299569178785500156e+00 -4.303039283936749726e+00 -4.306510022495169565e+00 -4.309981392447070014e+00 -4.313453391786500113e+00 -4.316926018515170327e+00 -4.320399270642489853e+00 -4.323873146185490235e+00 -4.327347643168749869e+00 -4.330822759624499696e+00 -4.334298493592349644e+00 -4.337774843119509782e+00 -4.341251806260570056e+00 -4.344729381077569563e+00 -4.348207565639870431e+00 -4.351686358024250190e+00 -4.355165756314719694e+00 -4.358645758602600395e+00 -4.362126362986449735e+00 -4.365607567571999859e+00
-4.029943681105820019e+00 -4.033356392035139848e+00 -4.036769920647110155e+00 -4.040184264190659569e+00 -4.043599419926209748e+00 -4.047015385125540377e+00 -4.050432157071679917e+00 -4.053849733058969562e+00 -4.057268110392899807e+00 -4.060687286390090023e+00 -4.064107258378250265e+00 -4.067528023696070250e+00 -4.070949579693250442e+00 -4.074371923730359946e+00 -4.077795053178809859e+00 -4.081218965420820410e+00 -4.084643657849340137e+00 -4.088069127867980157e+00 -4.091495372890999960e+00 -4.094922390343260332e+00 -4.098350177660029736e+00 -4.101778732287169937e+00 -4.105208051680899750e+00 -4.108638133307760398e+00 -4.112068974644650154e+00 -4.115500573178690225e+00 -4.118932926407220307e+00 -4.122366031837730205e+00 -4.125799886987789655e+00 -4.129234489385010143e+00 -4.132669836567059996e+00 -4.136105926081439677e+00 -4.139542755485670078e+00 -4.142980322347040278e+00 -4.146418624242640405e+00 -4.149857658759329659e+00 -4.153297423493659934e+00 -4.156737916051840287e+00 -4.160179134049649896e+00 -4.163621075112449610e+00 -4.167063736875110003e+00 -4.170507116981910123e+00 -4.173951213086610323e+00 -4.177396022852289725e+00 -4.180841543951340000e+00 -4.184287774065450272e+00 -4.187734710885510303e+00 -4.191182352111609610e+00 -4.194630695452960190e+00 -4.198079738627850332e+00 -4.201529479363630415e+00 -4.204979915396640067e+00 -4.208431044472179750e+00 -4.211882864344460131e+00 -4.215335372776509715e+00 -4.218788567540260104e+00 -4.222242446416389683e+00 -4.225697007194259669e+00 -4.229152247672000264e+00 -4.232608165656359667e+00 -4.236064758962670318e+00 -4.239522025414870221e+00 -4.242979962845399911e+00 -4.246438569095180249e+00 -4.249897842013569793e+00 -4.253357779458370125e+00 -4.256818379295649990e+00 -4.260279639399869644e+00 -4.263741557653769831e+00 -4.267204131948269641e+00 -4.270667360182549999e+00 -4.274131240263890241e+00 -4.277595770107719630e+00 -4.281060947637580050e+00 -4.284526770784950145e+00 -4.287993237489420295e+00 -4.291460345698469681e+00 -4.294928093367549771e+00 -4.298396478459950210e+00 -4.301865498946850330e+00 -4.305335152807200139e+00 -4.308805438027749624e+00 -4.312276352602990137e+00 -4.315747894535070017e+00 -4.319220061833830115e+00 -4.322692852516749618e+00 -4.326166264608859890e+00 -4.329640296142740041e+00 -4.333114945158540010e+00 -4.336590209703810039e+00 -4.340066087833640118e+00 -4.343542577610439714e+00 -4.347019677104020374e+00 -4.350497384391560196e+00 -4.353975697557509683e+00 -4.357454614693589967e+00 -4.360934133898780374e+00 -4.364414253279250033e+00 -4.367894970948309918e+00 -4.371376285026440378e+00 -4.374858193641170345e+00
-4.039093786543499931e+00 -4.042507862111560435e+00 -4.045922747069670145e+00 -4.049338438701480136e+00 -4.052754934301930234e+00 -4.056172231177150422e+00 -4.059590326644380021e+00 -4.063009218031900183e+00 -4.066428902679080082e+00 -4.069849377936150425e+00 -4.073270641164300265e+00 -4.076692689735570418e+00 -4.080115521032739778e+00 -4.083539132449380382e+00 -4.086963521389679777e+00 -4.090388685268489866e+00 -4.093814621511239871e+00 -4.097241327553819978e+00 -4.100668800842620421e+00 -4.104097038834470190e+00 -4.107526038996470064e+00 -4.110955798806119610e+00 -4.114386315751089818e+00 -4.117817587329279938e+00 -4.121249611048740213e+00 -4.124682384427609705e+00 -4.128115904994079877e+00 -4.131550170286319990e+00 -4.134985177852469995e+00 -4.138420925250530402e+00 -4.141857410048359611e+00 -4.145294629823600197e+00 -4.148732582163670024e+00 -4.152171264665639683e+00 -4.155610674936260018e+00 -4.159050810591850222e+00 -4.162491669258310267e+00 -4.165933248571019654e+00 -4.169375546174849845e+00 -4.172818559724009724e+00 -4.176262286882150399e+00 -4.179706725322169802e+00 -4.183151872726289966e+00 -4.186597726785930007e+00 -4.190044285201650176e+00 -4.193491545683220245e+00 -4.196939505949409899e+00 -4.200388163728089985e+00 -4.203837516756130377e+00 -4.207287562779289836e+00 -4.210738299552300390e+00 -4.214189724838729667e+00 -4.217641836410949807e+00 -4.221094632050149897e+00 -4.224548109546200081e+00 -4.228002266697710176e+00 -4.231457101311930202e+00 -4.234912611204670441e+00 -4.238368794200339629e+00 -4.241825648131889892e+00 -4.245283170840700393e+00 -4.248741360176629733e+00 -4.252200213997910261e+00 -4.255659730171149846e+00 -4.259119906571240399e+00 -4.262580741081399616e+00 -4.266042231593010214e+00 -4.269504376005709645e+00 -4.272967172227279953e+00 -4.276430618173599818e+00 -4.279894711768630344e+00 -4.283359450944350222e+00 -4.286824833640779708e+00 -4.290290857805899805e+00 -4.293757521395559884e+00 -4.297224822373520325e+00 -4.300692758711409880e+00 -4.304161328388629748e+00 -4.307630529392359797e+00 -4.311100359717539909e+00 -4.314570817366780275e+00 -4.318041900350330309e+00 -4.321513606686120390e+00 -4.324985934399600218e+00 -4.328458881523809865e+00 -4.331932446099320266e+00 -4.335406626174120426e+00 -4.338881419803690243e+00 -4.342356825050890379e+00 -4.345832839985970253e+00 -4.349309462686510308e+00 -4.352786691237390038e+00 -4.356264523730749794e+00 -4.359742958265989898e+00 -4.363221992949670280e+00 -4.366701625895530015e+00 -4.370181855224459788e+00 -4.373662679064429959e+00 -4.377144095550460356e+00 -4.380626102824639823e+00 -4.384108699036009860e+00
-4.048245725619829649e+00 -4.051661141380919595e+00 -4.055077358344400196e+00 -4.058494373828120061e+00 -4.061912185160980293e+00 -4.065330789682949586e+00 -4.068750184744880372e+00 -4.072170367708560335e+00 -4.075591335946639582e+00 -4.079013086842469882e+00 -4.082435617790220128e+00 -4.085858926194699592e+00 -4.089283009471319730e+00 -4.092707865046100402e+00 -4.096133490355540197e+00 -4.099559882846610215e+00 -4.102987039976680350e+00 -4.106414959213459781e+00 -4.109843638034989866e+00 -4.113273073929549994e+00 -4.116703264395590089e+00 -4.120134206941740374e+00 -4.123565899086689690e+00 -4.126998338359180174e+00 -4.130431522297969948e+00 -4.133865448451709668e+00 -4.137300114379000249e+00 -4.140735517648219677e+00 -4.144171655837589618e+00 -4.147608526535019990e+00 -4.151046127338180014e+00 -4.154484455854319691e+00 -4.157923509700339970e+00 -4.161363286502649750e+00 -4.164803783897159661e+00 -4.168244999529269634e+00 -4.171686931053740111e+00 -4.175129576134719578e+00 -4.178572932445660193e+00 -4.182016997669290248e+00 -4.185461769497529794e+00 -4.188907245631489751e+00 -4.192353423781430166e+00 -4.195800301666659848e+00 -4.199247877015539920e+00 -4.202696147565440299e+00 -4.206145111062629560e+00 -4.209594765262360205e+00 -4.213045107928699906e+00 -4.216496136834510189e+00 -4.219947849761470415e+00 -4.223400244499970313e+00 -4.226853318849079777e+00 -4.230307070616560416e+00 -4.233761497618700353e+00 -4.237216597680410146e+00 -4.240672368635109990e+00 -4.244128808324670210e+00 -4.247585914599410373e+00 -4.251043685318069976e+00 -4.254502118347709860e+00 -4.257961211563710435e+00 -4.261420962849739702e+00 -4.264881370097680424e+00 -4.268342431207620358e+00 -4.271804144087809618e+00 -4.275266506654570087e+00 -4.278729516832330049e+00 -4.282193172553590443e+00 -4.285657471758759662e+00 -4.289122412396279671e+00 -4.292587992422459919e+00 -4.296054209801529744e+00 -4.299521062505560209e+00 -4.302988548514379730e+00 -4.306456665815649565e+00 -4.309925412404729705e+00 -4.313394786284660221e+00 -4.316864785466170140e+00 -4.320335407967579755e+00 -4.323806651814829927e+00 -4.327278515041360407e+00 -4.330750995688159577e+00 -4.334224091803659640e+00 -4.337697801443780143e+00 -4.341172122671830280e+00 -4.344647053558439609e+00 -4.348122592181639767e+00 -4.351598736626719699e+00 -4.355075484986230094e+00 -4.358552835360010036e+00 -4.362030785855029791e+00 -4.365509334585450318e+00 -4.368988479672560210e+00 -4.372468219244740162e+00 -4.375948551437420342e+00 -4.379429474393099930e+00 -4.382910986261239650e+00 -4.386393085198250219e+00 -4.389875769367519887e+00 -4.393359036939290085e+00
-4.057399427230810041e+00 -4.060816159054770225e+00 -4.064233683996789637e+00 -4.067651999408339769e+00 -4.071071102651809603e+00 -4.074490991100449655e+00 -4.077911662138229865e+00 -4.081333113159890225e+00 -4.084755341570850184e+00 -4.088178344787119833e+00 -4.091602120235269702e+00 -4.095026665352410333e+00 -4.098451977586099915e+00 -4.101878054394290096e+00 -4.105304893245260267e+00 -4.108732491617639759e+00 -4.112160847000260411e+00 -4.115589956892150347e+00 -4.119019818802500232e+00 -4.122450430250570008e+00 -4.125881788765680014e+00 -4.129313891887120391e+00 -4.132746737164140427e+00 -4.136180322155819766e+00 -4.139614644431169665e+00 -4.143049701568900289e+00 -4.146485491157529957e+00 -4.149922010795219940e+00 -4.153359258089789563e+00 -4.156797230658660247e+00 -4.160235926128800443e+00 -4.163675342136640367e+00 -4.167115476328119961e+00 -4.170556326358529908e+00 -4.173997889892530289e+00 -4.177440164604130146e+00 -4.180883148176549824e+00 -4.184326838302250273e+00 -4.187771232682860223e+00 -4.191216329029139764e+00 -4.194662125060929725e+00 -4.198108618507090384e+00 -4.201555807105499696e+00 -4.205003688602979572e+00 -4.208452260755209728e+00 -4.211901521326810283e+00 -4.215351468091109943e+00 -4.218802098830329861e+00 -4.222253411335329609e+00 -4.225705403405689786e+00 -4.229158072849630301e+00 -4.232611417483959748e+00 -4.236065435134060309e+00 -4.239520123633849558e+00 -4.242975480825670331e+00 -4.246431504560329806e+00 -4.249888192697060418e+00 -4.253345543103350224e+00 -4.256803553655109873e+00 -4.260262222236460339e+00 -4.263721546739740020e+00 -4.267181525065519843e+00 -4.270642155122519767e+00 -4.274103434827519976e+00 -4.277565362105430147e+00 -4.281027934889170439e+00 -4.284491151119640406e+00 -4.287955008745710117e+00 -4.291419505724199723e+00 -4.294884640019749789e+00 -4.298350409604860367e+00 -4.301816812459859918e+00 -4.305283846572820039e+00 -4.308751509939569679e+00 -4.312219800563560135e+00 -4.315688716455990281e+00 -4.319158255635610288e+00 -4.322628416128790008e+00 -4.326099195969409728e+00 -4.329570593198909911e+00 -4.333042605866159747e+00 -4.336515232027450040e+00 -4.339988469746569599e+00 -4.343462317094560099e+00 -4.346936772149880390e+00 -4.350411832998240413e+00 -4.353887497732619849e+00 -4.357363764453250354e+00 -4.360840631267559608e+00 -4.364318096290070059e+00 -4.367796157642540145e+00 -4.371274813453739583e+00 -4.374754061859509768e+00 -4.378233901002749562e+00 -4.381714329033330024e+00 -4.385195344108070437e+00 -4.388676944390770274e+00 -4.392159128052069761e+00 -4.395641893269470302e+00 -4.399125238227360235e+00 -4.402609161116879832e+00
-4.066554821216070259e+00 -4.069972845283399643e+00 -4.073391654486170133e+00 -4.076811246208960071e+00 -4.080231617847119630e+00 -4.083652766806659784e+00 -4.087074690504159946e+00 -4.090497386366830135e+00 -4.093920851832350216e+00 -4.097345084348829936e+00 -4.100770081374819576e+00 -4.104195840379190052e+00 -4.107622358841140020e+00 -4.111049634250080409e+00 -4.114477664105599786e+00 -4.117906445917480340e+00 -4.121335977205539791e+00 -4.124766255499640266e+00 -4.128197278339640341e+00 -4.131629043275360402e+00 -4.135061547866450304e+00 -4.138494789682440000e+00 -4.141928766302630294e+00 -4.145363475316040436e+00 -4.148798914321400133e+00 -4.152235080927090038e+00 -4.155671972751060039e+00 -4.159109587420799947e+00 -4.162547922573310188e+00 -4.165986975855029861e+00 -4.169426744921810091e+00 -4.172867227438840310e+00 -4.176308421080619837e+00 -4.179750323530940115e+00 -4.183192932482739934e+00 -4.186636245638210241e+00 -4.190080260708610282e+00 -4.193524975414280043e+00 -4.196970387484629583e+00 -4.200416494658010258e+00 -4.203863294681760010e+00 -4.207310785312079915e+00 -4.210758964314090136e+00 -4.214207829461649624e+00 -4.217657378537399637e+00 -4.221107609332779731e+00 -4.224558519647800381e+00 -4.228010107291209962e+00 -4.231462370080330437e+00 -4.234915305841010280e+00 -4.238368912407620037e+00 -4.241823187623039892e+00 -4.245278129338520223e+00 -4.248733735413780188e+00 -4.252190003716820321e+00 -4.255646932123990034e+00 -4.259104518519889915e+00 -4.262562760797360184e+00 -4.266021656857399869e+00 -4.269481204609220093e+00 -4.272941401970060227e+00 -4.276402246865290024e+00 -4.279863737228289722e+00 -4.283325871000450036e+00 -4.286788646131060254e+00 -4.290252060577420146e+00 -4.293716112304590382e+00 -4.297180799285570174e+00 -4.300646119501109865e+00 -4.304112070939740242e+00 -4.307578651597710362e+00 -4.311045859478950248e+00 -4.314513692595079775e+00 -4.317982148965319844e+00 -4.321451226616419561e+00 -4.324920923582760146e+00 -4.328391237906160427e+00 -4.331862167635949667e+00 -4.335333710828879639e+00 -4.338805865549110408e+00 -4.342278629868170370e+00 -4.345752001864870095e+00 -4.349225979625419569e+00 -4.352700561243169730e+00 -4.356175744818799878e+00 -4.359651528460140035e+00 -4.363127910282149635e+00 -4.366604888406960150e+00 -4.370082460963789828e+00 -4.373560626088890402e+00 -4.377039381925560413e+00 -4.380518726624080372e+00 -4.383998658341679899e+00 -4.387479175242559926e+00 -4.390960275497749699e+00 -4.394441957285179612e+00 -4.397924218789619921e+00 -4.401407058202620348e+00 -4.404890473722479882e+00 -4.408374463554269873e+00 -4.411859025909730114e+00
-4.075711838344229676e+00 -4.079131131141269684e+00 -4.082551201191280121e+00 -4.085972045911449690e+00 -4.089393662729539969e+00 -4.092816049083859653e+00 -4.096239202423089587e+00 -4.099663120206369804e+00 -4.103087799903169852e+00 -4.106513238993220405e+00 -4.109939434966530136e+00 -4.113366385323270258e+00 -4.116794087573779848e+00 -4.120222539238450388e+00 -4.123651737847720433e+00 -4.127081680942019659e+00 -4.130512366071689812e+00 -4.133943790796959838e+00 -4.137375952687920133e+00 -4.140808849324409735e+00 -4.144242478296000343e+00 -4.147676837201999867e+00 -4.151111923651299662e+00 -4.154547735262389629e+00 -4.157984269663329790e+00 -4.161421524491630386e+00 -4.164859497394280297e+00 -4.168298186027660002e+00 -4.171737588057490065e+00 -4.175177701158809818e+00 -4.178618523015900088e+00 -4.182060051322279648e+00 -4.185502283780610178e+00 -4.188945218102690049e+00 -4.192388852009379718e+00 -4.195833183230590180e+00 -4.199278209505219905e+00 -4.202723928581069579e+00 -4.206170338214890059e+00 -4.209617436172259808e+00 -4.213065220227569796e+00 -4.216513688163979978e+00 -4.219962837773389985e+00 -4.223412666856350306e+00 -4.226863173222070280e+00 -4.230314354688360368e+00 -4.233766209081550436e+00 -4.237218734236550155e+00 -4.240671927996690016e+00 -4.244125788213730210e+00 -4.247580312747819775e+00 -4.251035499467479717e+00 -4.254491346249520412e+00 -4.257947850979039828e+00 -4.261405011549309840e+00 -4.264862825861840179e+00 -4.268321291826289610e+00 -4.271780407360379783e+00 -4.275240170389939642e+00 -4.278700578848810387e+00 -4.282161630678819719e+00 -4.285623323829770293e+00 -4.289085656259359780e+00 -4.292548625933159556e+00 -4.296012230824570288e+00 -4.299476468914839700e+00 -4.302941338192900034e+00 -4.306406836655479964e+00 -4.309872962306980249e+00 -4.313339713159400013e+00 -4.316807087232439777e+00 -4.320275082553290069e+00 -4.323743697156750443e+00 -4.327212929085099802e+00 -4.330682776388080413e+00 -4.334153237122880142e+00 -4.337624309354110252e+00 -4.341095991153680167e+00 -4.344568280600889842e+00 -4.348041175782319634e+00 -4.351514674791800097e+00 -4.354988775730359585e+00 -4.358463476706289974e+00 -4.361938775834990345e+00 -4.365414671238959876e+00 -4.368891161047869787e+00 -4.372368243398359944e+00 -4.375845916434140115e+00 -4.379324178305919801e+00 -4.382803027171320309e+00 -4.386282461194929816e+00 -4.389762478548229652e+00 -4.393243077409530351e+00 -4.396724255963979644e+00 -4.400206012403540257e+00 -4.403688344926909970e+00 -4.407171251739569584e+00 -4.410654731053639921e+00 -4.414138781087940444e+00 -4.417623400067950179e+00 -4.421108586225710013e+00
-4.084870410297930299e+00 -4.088290948612169906e+00 -4.091712256395529934e+00 -4.095134331097270319e+00 -4.098557170177110187e+00 -4.101980771105120382e+00 -4.105405131361590243e+00 -4.108830248437119970e+00 -4.112256119832490064e+00 -4.115682743058539650e+00 -4.119110115636270386e+00 -4.122538235096680381e+00 -4.125967098980759751e+00 -4.129396704839419563e+00 -4.132827050233459865e+00 -4.136258132733500403e+00 -4.139689949919960199e+00 -4.143122499382940305e+00 -4.146555778722300190e+00 -4.149989785547499643e+00 -4.153424517477549927e+00 -4.156859972141059956e+00 -4.160296147176100412e+00 -4.163733040230160221e+00 -4.167170648960169643e+00 -4.170608971032390144e+00 -4.174048004122379751e+00 -4.177487745914960193e+00 -4.180928194104150286e+00 -4.184369346393159717e+00 -4.187811200494300223e+00 -4.191253754128940301e+00 -4.194697005027520298e+00 -4.198140950929439619e+00 -4.201585589583030078e+00 -4.205030918745530144e+00 -4.208476936183029871e+00 -4.211923639670439812e+00 -4.215371026991410197e+00 -4.218819095938320274e+00 -4.222267844312259655e+00 -4.225717269922900421e+00 -4.229167370588560182e+00 -4.232618144136090166e+00 -4.236069588400820152e+00 -4.239521701226619754e+00 -4.242974480465700360e+00 -4.246427923978719932e+00 -4.249882029634700409e+00 -4.253336795310890039e+00 -4.256792218892869961e+00 -4.260248298274410317e+00 -4.263705031357449826e+00 -4.267162416052170393e+00 -4.270620450276719993e+00 -4.274079131957400080e+00 -4.277538459028550122e+00 -4.280998429432419705e+00 -4.284459041119290212e+00 -4.287920292047320281e+00 -4.291382180182520045e+00 -4.294844703498769789e+00 -4.298307859977740009e+00 -4.301771647608849669e+00 -4.305236064389239559e+00 -4.308701108323780282e+00 -4.312166777424909725e+00 -4.315633069712739633e+00 -4.319099983214970351e+00 -4.322567515966789564e+00 -4.326035666010930036e+00 -4.329504431397549702e+00 -4.332973810184300056e+00 -4.336443800436190266e+00 -4.339914400225589830e+00 -4.343385607632209933e+00 -4.346857420743050149e+00 -4.350329837652379794e+00 -4.353802856461649995e+00 -4.357276475279579842e+00 -4.360750692221960101e+00 -4.364225505411729600e+00 -4.367700912978969896e+00 -4.371176913060709879e+00 -4.374653503801120280e+00 -4.378130683351280084e+00 -4.381608449869239585e+00 -4.385086801519990196e+00 -4.388565736475399603e+00 -4.392045252914189568e+00 -4.395525349021940364e+00 -4.399006022990979758e+00 -4.402487273020420311e+00 -4.405969097316130068e+00 -4.409451494090619761e+00 -4.412934461563120081e+00 -4.416417997959480424e+00 -4.419902101512160009e+00 -4.423386770460179918e+00 -4.426872003049120430e+00 -4.430357797531080166e+00
-4.094030469660779659e+00 -4.097452230576259957e+00 -4.100874753274079687e+00 -4.104298035235100173e+00 -4.107722073950499819e+00 -4.111146866921630227e+00 -4.114572411659930040e+00 -4.117998705686959582e+00 -4.121425746534289836e+00 -4.124853531743459811e+00 -4.128282058865949899e+00 -4.131711325463130358e+00 -4.135141329106160057e+00 -4.138572067376030006e+00 -4.142003537863409690e+00 -4.145435738168689710e+00 -4.148868665901869868e+00 -4.152302318682520088e+00 -4.155736694139780418e+00 -4.159171789912270434e+00 -4.162607603648019960e+00 -4.166044133004500161e+00 -4.169481375648500077e+00 -4.172919329256099985e+00 -4.176357991512650081e+00 -4.179797360112719851e+00 -4.183237432760029684e+00 -4.186678207167389587e+00 -4.190119681056730272e+00 -4.193561852158979697e+00 -4.197004718214060404e+00 -4.200448276970799810e+00 -4.203892526186989720e+00 -4.207337463629190033e+00 -4.210783087072820230e+00 -4.214229394302050125e+00 -4.217676383109759897e+00 -4.221124051297519664e+00 -4.224572396675529973e+00 -4.228021417062559628e+00 -4.231471110285980330e+00 -4.234921474181620127e+00 -4.238372506593809597e+00 -4.241824205375290369e+00 -4.245276568387169824e+00 -4.248729593498950408e+00 -4.252183278588350213e+00 -4.255637621541450422e+00 -4.259092620252499906e+00 -4.262548272623930323e+00 -4.266004576566319706e+00 -4.269461529998370253e+00 -4.272919130846799973e+00 -4.276377377046429729e+00 -4.279836266539970069e+00 -4.283295797278169559e+00 -4.286755967219639807e+00 -4.290216774330840366e+00 -4.293678216586119589e+00 -4.297140291967609826e+00 -4.300602998465159921e+00 -4.304066334076379619e+00 -4.307530296806549863e+00 -4.310994884668620131e+00 -4.314460095683090302e+00 -4.317925927878129677e+00 -4.321392379289339836e+00 -4.324859447959910064e+00 -4.328327131940460148e+00 -4.331795429289029720e+00 -4.335264338071080026e+00 -4.338733856359409558e+00 -4.342203982234170034e+00 -4.345674713782780252e+00 -4.349146049099919864e+00 -4.352617986287479646e+00 -4.356090523454589913e+00 -4.359563658717470425e+00 -4.363037390199480114e+00 -4.366511716031109991e+00 -4.369986634349840138e+00 -4.373462143300169913e+00 -4.376938241033670351e+00 -4.380414925708749685e+00 -4.383892195490839860e+00 -4.387370048552210022e+00 -4.390848483071970065e+00 -4.394327497236099944e+00 -4.397807089237359968e+00 -4.401287257275230402e+00 -4.404767999555979863e+00 -4.408249314292549847e+00 -4.411731199704510331e+00 -4.415213654018150358e+00 -4.418696675466279977e+00 -4.422180262288340380e+00 -4.425664412730290209e+00 -4.429149125044619772e+00 -4.432634397490270217e+00 -4.436120228332669946e+00 -4.439606615843639581e+00
-4.103191949902909919e+00 -4.106614910795629569e+00 -4.110038625879510299e+00 -4.113463092666560073e+00 -4.116888308678910313e+00 -4.120314271448710208e+00 -4.123740978518069866e+00 -4.127168427439030118e+00 -4.130596615773519886e+00 -4.134025541093279799e+00 -4.137455200979809788e+00 -4.140885593024369982e+00 -4.144316714827899872e+00 -4.147748564000930394e+00 -4.151181138163620332e+00 -4.154614434945609780e+00 -4.158048451986090299e+00 -4.161483186933610412e+00 -4.164918637446190175e+00 -4.168354801191149761e+00 -4.171791675845089920e+00 -4.175229259093930168e+00 -4.178667548632730266e+00 -4.182106542165739960e+00 -4.185546237406319925e+00 -4.188986632076879602e+00 -4.192427723908910053e+00 -4.195869510642809885e+00 -4.199311990027959851e+00 -4.202755159822610054e+00 -4.206199017793889716e+00 -4.209643561717680171e+00 -4.213088789378679699e+00 -4.216534698570280071e+00 -4.219981287094520361e+00 -4.223428552762119814e+00 -4.226876493392349943e+00 -4.230325106813060287e+00 -4.233774390860579828e+00 -4.237224343379709879e+00 -4.240674962223700106e+00 -4.244126245254149943e+00 -4.247578190341010362e+00 -4.251030795362540360e+00 -4.254484058205240338e+00 -4.257937976763869870e+00 -4.261392548941300262e+00 -4.264847772648620250e+00 -4.268303645804990332e+00 -4.271760166337609910e+00 -4.275217332181729724e+00 -4.278675141280570138e+00 -4.282133591585299826e+00 -4.285592681055019781e+00 -4.289052407656639865e+00 -4.292512769364970282e+00 -4.295973764162580366e+00 -4.299435390039779925e+00 -4.302897644994650328e+00 -4.306360527032910390e+00 -4.309824034167919926e+00 -4.313288164420679749e+00 -4.316752915819759728e+00 -4.320218286401240171e+00 -4.323684274208700273e+00 -4.327150877293250097e+00 -4.330618093713339611e+00 -4.334085921534840402e+00 -4.337554358831040346e+00 -4.341023403682470416e+00 -4.344493054176999713e+00 -4.347963308409720007e+00 -4.351434164482980371e+00 -4.354905620506300146e+00 -4.358377674596320084e+00 -4.361850324876839657e+00 -4.365323569478739785e+00 -4.368797406539930428e+00 -4.372271834205349705e+00 -4.375746850626939910e+00 -4.379222453963559580e+00 -4.382698642381000376e+00 -4.386175414051979971e+00 -4.389652767155990176e+00 -4.393130699879430168e+00 -4.396609210415440394e+00 -4.400088296963939882e+00 -4.403567957731549853e+00 -4.407048190931639908e+00 -4.410528994784160162e+00 -4.414010367515800226e+00 -4.417492307359779602e+00 -4.420974812555890310e+00 -4.424457881350510213e+00 -4.427941511996499990e+00 -4.431425702753180040e+00 -4.434910451886389993e+00 -4.438395757668329722e+00 -4.441881618377609975e+00 -4.445368032299209737e+00 -4.448854997724430049e+00
-4.112354785367520194e+00 -4.115778923901030062e+00 -4.119203809128669569e+00 -4.122629438593110152e+00 -4.126055809846969957e+00 -4.129482920452740125e+00 -4.132910767982700406e+00 -4.136339350018960026e+00 -4.139768664153320010e+00 -4.143198707987229668e+00 -4.146629479131809681e+00 -4.150060975207749969e+00 -4.153493193845250175e+00 -4.156926132684030328e+00 -4.160359789373210049e+00 -4.163794161571310326e+00 -4.167229246946219767e+00 -4.170665043175070252e+00 -4.174101547944269797e+00 -4.177538758949459918e+00 -4.180976673895390405e+00 -4.184415290495950401e+00 -4.187854606474100017e+00 -4.191294619561790391e+00 -4.194735327499990341e+00 -4.198176728038570005e+00 -4.201618818936299959e+00 -4.205061597960829900e+00 -4.208505062888540316e+00 -4.211949211504619761e+00 -4.215394041602990249e+00 -4.218839550986180242e+00 -4.222285737465400146e+00 -4.225732598860449940e+00 -4.229180132999630359e+00 -4.232628337719799738e+00 -4.236077210866239895e+00 -4.239526750292689883e+00 -4.242976953861219869e+00 -4.246427819442279983e+00 -4.249879344914609725e+00 -4.253331528165190001e+00 -4.256784367089250232e+00 -4.260237859590180420e+00 -4.263692003579479639e+00 -4.267146796976810208e+00 -4.270602237709829829e+00 -4.274058323714280405e+00 -4.277515052933839712e+00 -4.280972423320130282e+00 -4.284430432832709634e+00 -4.287889079438979678e+00 -4.291348361114169840e+00 -4.294808275841339729e+00 -4.298268821611220147e+00 -4.301729996422359648e+00 -4.305191798280930016e+00 -4.308654225200750254e+00 -4.312117275203240396e+00 -4.315580946317430389e+00 -4.319045236579830416e+00 -4.322510144034490409e+00 -4.325975666732920111e+00 -4.329441802734029565e+00 -4.332908550104120238e+00 -4.336375906916919654e+00 -4.339843871253370011e+00 -4.343312441201780061e+00 -4.346781614857699871e+00 -4.350251390323849776e+00 -4.353721765710200309e+00 -4.357192739133820325e+00 -4.360664308718919635e+00 -4.364136472596819694e+00 -4.367609228905799945e+00 -4.371082575791239933e+00 -4.374556511405510051e+00 -4.378031033907859637e+00 -4.381506141464499571e+00 -4.384981832248540101e+00 -4.388458104439929564e+00 -4.391934956225400200e+00 -4.395412385798549870e+00 -4.398890391359659979e+00 -4.402368971115779850e+00 -4.405848123280660111e+00 -4.409327846074670099e+00 -4.412808137724860025e+00 -4.416288996464859729e+00 -4.419770420534860023e+00 -4.423252408181619799e+00 -4.426734957658389646e+00 -4.430218067224889644e+00 -4.433701735147310252e+00 -4.437185959698259907e+00 -4.440670739156719726e+00 -4.444156071808060382e+00 -4.447641955943960390e+00 -4.451128389862390122e+00 -4.454615371867659768e+00 -4.458102900270230151e+00
-4.121518911257729734e+00 -4.124944205378720419e+00 -4.128370238789539570e+00 -4.131797009063039816e+00 -4.135224513781849964e+00 -4.138652750538369673e+00 -4.142081716934599811e+00 -4.145511410582200185e+00 -4.148941829102439804e+00 -4.152372970126029905e+00 -4.155804831293250068e+00 -4.159237410253750156e+00 -4.162670704666609822e+00 -4.166104712200249693e+00 -4.169539430532330115e+00 -4.172974857349820432e+00 -4.176410990348860430e+00 -4.179847827234720370e+00 -4.183285365721849836e+00 -4.186723603533700100e+00 -4.190162538402759651e+00 -4.193602168070530212e+00 -4.197042490287399730e+00 -4.200483502812620173e+00 -4.203925203414350165e+00 -4.207367589869519975e+00 -4.210810659963819980e+00 -4.214254411491640262e+00 -4.217698842256050185e+00 -4.221143950068739770e+00 -4.224589732750019699e+00 -4.228036188128680095e+00 -4.231483314042080224e+00 -4.234931108336000172e+00 -4.238379568864620417e+00 -4.241828693490569790e+00 -4.245278480084760275e+00 -4.248728926526379901e+00 -4.252180030702939817e+00 -4.255631790510109980e+00 -4.259084203851769779e+00 -4.262537268639910337e+00 -4.265990982794649611e+00 -4.269445344244149787e+00 -4.272900350924560442e+00 -4.276356000780070055e+00 -4.279812291762749688e+00 -4.283269221832619600e+00 -4.286726788957570200e+00 -4.290184991113269675e+00 -4.293643826283200404e+00 -4.297103292458629653e+00 -4.300563387638470125e+00 -4.304024109829399869e+00 -4.307485457045670429e+00 -4.310947427309150370e+00 -4.314410018649329714e+00 -4.317873229103139643e+00 -4.321337056715080394e+00 -4.324801499537099581e+00 -4.328266555628539791e+00 -4.331732223056169673e+00 -4.335198499894089785e+00 -4.338665384223760135e+00 -4.342132874133829645e+00 -4.345600967720340435e+00 -4.349069663086419624e+00 -4.352538958342430320e+00 -4.356008851605929877e+00 -4.359479341001519792e+00 -4.362950424660899884e+00 -4.366422100722820332e+00 -4.369894367333070129e+00 -4.373367222644420238e+00 -4.376840664816519677e+00 -4.380314692016019862e+00 -4.383789302416420064e+00 -4.387264494198079845e+00 -4.390740265548140009e+00 -4.394216614660609643e+00 -4.397693539736169832e+00 -4.401171038982250039e+00 -4.404649110613020113e+00 -4.408127752849240188e+00 -4.411606963918360158e+00 -4.415086742054399771e+00 -4.418567085497950409e+00 -4.422047992496139557e+00 -4.425529461302620149e+00 -4.429011490177500399e+00 -4.432494077387369558e+00 -4.435977221205200216e+00 -4.439460919910369618e+00 -4.442945171788619696e+00 -4.446429975132009993e+00 -4.449915328238909673e+00 -4.453401229413949558e+00 -4.456887676968020351e+00 -4.460374669218209576e+00 -4.463862204487820229e+00 -4.467350281106280185e+00
-4.130684263623139785e+00 -4.134110691557170369e+00 -4.137537851468049865e+00 -4.140965740958329810e+00 -4.144394357640240223e+00 -4.147823699135569697e+00 -4.151253763075629877e+00 -4.154684547101200387e+00 -4.158116048862519953e+00 -4.161548266019179820e+00 -4.164981196240120198e+00 -4.168414837203579637e+00 -4.171849186597039960e+00 -4.175284242117170308e+00 -4.178720001469789835e+00 -4.182156462369859717e+00 -4.185593622541380121e+00 -4.189031479717339579e+00 -4.192470031639739858e+00 -4.195909276059509807e+00 -4.199349210736429860e+00 -4.202789833439159572e+00 -4.206231141945149687e+00 -4.209673134040570197e+00 -4.213115807520350309e+00 -4.216559160188039890e+00 -4.220003189855869863e+00 -4.223447894344579900e+00 -4.226893271483540104e+00 -4.230339319110539620e+00 -4.233786035071900322e+00 -4.237233417222269871e+00 -4.240681463424760267e+00 -4.244130171550789754e+00 -4.247579539480009991e+00 -4.251029565100430396e+00 -4.254480246308210312e+00 -4.257931581007680322e+00 -4.261383567111329818e+00 -4.264836202539740384e+00 -4.268289485221539614e+00 -4.271743413093360253e+00 -4.275197984099859738e+00 -4.278653196193589636e+00 -4.282109047335000085e+00 -4.285565535492460221e+00 -4.289022658642079655e+00 -4.292480414767849695e+00 -4.295938801861439948e+00 -4.299397817922270271e+00 -4.302857460957410396e+00 -4.306317728981610138e+00 -4.309778620017150175e+00 -4.313240132093990375e+00 -4.316702263249499794e+00 -4.320165011528629861e+00 -4.323628374983769618e+00 -4.327092351674679982e+00 -4.330556939668579908e+00 -4.334022137040020262e+00 -4.337487941870840302e+00 -4.340954352250210313e+00 -4.344421366274500151e+00 -4.347888982047350304e+00 -4.351357197679510236e+00 -4.354826011288969845e+00 -4.358295421000719649e+00 -4.361765424946920433e+00 -4.365236021266760247e+00 -4.368707208106400230e+00 -4.372178983619029680e+00 -4.375651345964739924e+00 -4.379124293310569627e+00 -4.382597823830449713e+00 -4.386071935705110114e+00 -4.389546627122140166e+00 -4.393021896275920213e+00 -4.396497741367560330e+00 -4.399974160604889661e+00 -4.403451152202450203e+00 -4.406928714381449730e+00 -4.410406845369680084e+00 -4.413885543401590006e+00 -4.417364806718150128e+00 -4.420844633566890280e+00 -4.424325022201849755e+00 -4.427805970883530229e+00 -4.431287477878879777e+00 -4.434769541461299980e+00 -4.438252159910500261e+00 -4.441735331512660423e+00 -4.445219054560180183e+00 -4.448703327351820391e+00 -4.452188148192590234e+00 -4.455673515393759665e+00 -4.459159427272780363e+00 -4.462645882153320365e+00 -4.466132878365200121e+00 -4.469620414244340090e+00 -4.473108488132780280e+00 -4.476597098378640283e+00
-4.139850779347390208e+00 -4.143278319594680070e+00 -4.146706584595760248e+00 -4.150135571982450422e+00 -4.153565279396100429e+00 -4.156995704487499665e+00 -4.160426844916769618e+00 -4.163858698353410048e+00 -4.167291262476200409e+00 -4.170724534973129671e+00 -4.174158513541409654e+00 -4.177593195887419952e+00 -4.181028579726610239e+00 -4.184464662783519806e+00 -4.187901442791670092e+00 -4.191338917493590444e+00 -4.194777084640720410e+00 -4.198215941993350242e+00 -4.201655487320659965e+00 -4.205095718400610139e+00 -4.208536633019879680e+00 -4.211978228973910277e+00 -4.215420504066780261e+00 -4.218863456111160204e+00 -4.222307082928380417e+00 -4.225751382348230223e+00 -4.229196352209039667e+00 -4.232641990357589812e+00 -4.236088294649079877e+00 -4.239535262947049965e+00 -4.242982893123429911e+00 -4.246431183058380299e+00 -4.249880130640350195e+00 -4.253329733766020304e+00 -4.256779990340180397e+00 -4.260230898275810141e+00 -4.263682455493960077e+00 -4.267134659923719653e+00 -4.270587509502229651e+00 -4.274041002174559623e+00 -4.277495135893779832e+00 -4.280949908620780064e+00 -4.284405318324390421e+00 -4.287861362981219671e+00 -4.291318040575659687e+00 -4.294775349099889894e+00 -4.298233286553739596e+00 -4.301691850944769691e+00 -4.305151040288159869e+00 -4.308610852606670427e+00 -4.312071285930660025e+00 -4.315532338297989767e+00 -4.318994007754030307e+00 -4.322456292351599672e+00 -4.325919190150930405e+00 -4.329382699219659791e+00 -4.332846817632789893e+00 -4.336311543472580077e+00 -4.339776874828640274e+00 -4.343242809797770221e+00 -4.346709346484019854e+00 -4.350176482998620031e+00 -4.353644217459909704e+00 -4.357112547993380325e+00 -4.360581472731549724e+00 -4.364050989814069581e+00 -4.367521097387499829e+00 -4.370991793605430331e+00 -4.374463076628409830e+00 -4.377934944623859792e+00 -4.381407395766130364e+00 -4.384880428236350269e+00 -4.388354040222539609e+00 -4.391828229919470417e+00 -4.395302995528640011e+00 -4.398778335258310079e+00 -4.402254247323409864e+00 -4.405730729945539714e+00 -4.409207781352900035e+00 -4.412685399780330364e+00 -4.416163583469200127e+00 -4.419642330667420183e+00 -4.423121639629449930e+00 -4.426601508616130332e+00 -4.430081935894859768e+00 -4.433562919739359565e+00 -4.437044458429790339e+00 -4.440526550252640092e+00 -4.444009193500749966e+00 -4.447492386473229864e+00 -4.450976127475509969e+00 -4.454460414819179981e+00 -4.457945246822100138e+00 -4.461430621808320396e+00 -4.464916538107989830e+00 -4.468402994057430355e+00 -4.471889987999049687e+00 -4.475377518281329792e+00 -4.478865583258779814e+00 -4.482354181291950290e+00 -4.485843310747349655e+00
-4.149018396135089937e+00 -4.152447027466349638e+00 -4.155876376416910212e+00 -4.159306440647429604e+00 -4.162737217827950253e+00 -4.166168705637789849e+00 -4.169600901765489809e+00 -4.173033803908790418e+00 -4.176467409774610395e+00 -4.179901717078900347e+00 -4.183336723546750235e+00 -4.186772426912200196e+00 -4.190208824918309816e+00 -4.193645915317030237e+00 -4.197083695869180175e+00 -4.200522164344460130e+00 -4.203961318521329815e+00 -4.207401156186990399e+00 -4.210841675137370288e+00 -4.214282873177079836e+00 -4.217724748119300315e+00 -4.221167297785820338e+00 -4.224610520007000325e+00 -4.228054412621600200e+00 -4.231498973476930381e+00 -4.234944200428680361e+00 -4.238390091340890287e+00 -4.241836644085950070e+00 -4.245283856544539880e+00 -4.248731726605590175e+00 -4.252180252166230190e+00 -4.255629431131779938e+00 -4.259079261415670281e+00 -4.262529740939429601e+00 -4.265980867632619855e+00 -4.269432639432859666e+00 -4.272885054285699979e+00 -4.276338110144649818e+00 -4.279791804971120328e+00 -4.283246136734350173e+00 -4.286701103411430402e+00 -4.290156702987210302e+00 -4.293612933454340030e+00 -4.297069792813109856e+00 -4.300527279071499898e+00 -4.303985390245180120e+00 -4.307444124357330040e+00 -4.310903479438779939e+00 -4.314363453527850112e+00 -4.317824044670319772e+00 -4.321285250919480347e+00 -4.324747070335989818e+00 -4.328209500987929559e+00 -4.331672540950740391e+00 -4.335136188307100014e+00 -4.338600441147059783e+00 -4.342065297567899940e+00 -4.345530755674030132e+00 -4.348996813577129750e+00 -4.352463469395989826e+00 -4.355930721256499716e+00 -4.359398567291630222e+00 -4.362867005641399842e+00 -4.366336034452840131e+00 -4.369805651879929975e+00 -4.373275856083660429e+00 -4.376746645231840205e+00 -4.380218017499210248e+00 -4.383689971067389557e+00 -4.387162504124730411e+00 -4.390635614866440051e+00 -4.394109301494429687e+00 -4.397583562217340258e+00 -4.401058395250550426e+00 -4.404533798815980283e+00 -4.408009771142309852e+00 -4.411486310464730387e+00 -4.414963415025019877e+00 -4.418441083071479980e+00 -4.421919312858950235e+00 -4.425398102648710363e+00 -4.428877450708469610e+00 -4.432357355312410263e+00 -4.435837814741019791e+00 -4.439318827281219626e+00 -4.442800391226209733e+00 -4.446282504875489927e+00 -4.449765166534819905e+00 -4.453248374516250330e+00 -4.456732127137949639e+00 -4.460216422724370133e+00 -4.463701259606049909e+00 -4.467186636119650167e+00 -4.470672550607970308e+00 -4.474159001419850235e+00 -4.477645986910159692e+00 -4.481133505439830245e+00 -4.484621555375709612e+00 -4.488110135090679798e+00 -4.491599242963499883e+00 -4.495088877378839776e+00
-4.158187052500320391e+00 -4.161616753952709580e+00 -4.165047165977149746e+00 -4.168478286262719656e+00 -4.171910112507680068e+00 -4.175342642419510142e+00 -4.178775873714689837e+00 -4.182209804118819818e+00 -4.185644431366510432e+00 -4.189079753201279566e+00 -4.192515767375639690e+00 -4.195952471650929994e+00 -4.199389863797359901e+00 -4.202827941593899830e+00 -4.206266702828269644e+00 -4.209706145296919999e+00 -4.213146266804960405e+00 -4.216587065166070403e+00 -4.220028538202550195e+00 -4.223470683745239818e+00 -4.226913499633449867e+00 -4.230356983714949948e+00 -4.233801133845919829e+00 -4.237245947890910358e+00 -4.240691423722799946e+00 -4.244137559222750156e+00 -4.247584352280189712e+00 -4.251031800792720361e+00 -4.254479902666139957e+00 -4.257928655814369634e+00 -4.261378058159429827e+00 -4.264828107631330134e+00 -4.268278802168180341e+00 -4.271730139716000352e+00 -4.275182118228760153e+00 -4.278634735668339850e+00 -4.282087990004470157e+00 -4.285541879214670224e+00 -4.288996401284279614e+00 -4.292451554206370368e+00 -4.295907335981730135e+00 -4.299363744618779570e+00 -4.302820778133639834e+00 -4.306278434549970058e+00 -4.309736711899009975e+00 -4.313195608219530186e+00 -4.316655121557769981e+00 -4.320115249967460436e+00 -4.323575991509730265e+00 -4.327037344253070295e+00 -4.330499306273339677e+00 -4.333961875653719709e+00 -4.337425050484630340e+00 -4.340888828863810112e+00 -4.344353208896110097e+00 -4.347818188693629793e+00 -4.351283766375590112e+00 -4.354749940068289860e+00 -4.358216707905140375e+00 -4.361684068026590033e+00 -4.365152018580049642e+00 -4.368620557719980368e+00 -4.372089683607730315e+00 -4.375559394411570047e+00 -4.379029688306619761e+00 -4.382500563474930111e+00 -4.385972018105250392e+00 -4.389444050393190189e+00 -4.392916658541089703e+00 -4.396389840757990441e+00 -4.399863595259639659e+00 -4.403337920268420191e+00 -4.406812814013349566e+00 -4.410288274730059577e+00 -4.413764300660700357e+00 -4.417240890053980351e+00 -4.420718041165110357e+00 -4.424195752255790204e+00 -4.427674021594110165e+00 -4.431152847454630006e+00 -4.434632228118250197e+00 -4.438112161872240335e+00 -4.441592647010219608e+00 -4.445073681832029777e+00 -4.448555264643849760e+00 -4.452037393758080164e+00 -4.455520067493289993e+00 -4.459003284174279713e+00 -4.462487042131979997e+00 -4.465971339703419751e+00 -4.469456175231769635e+00 -4.472941547066239920e+00 -4.476427453562069836e+00 -4.479913893080539999e+00 -4.483400863988910245e+00 -4.486888364660360118e+00 -4.490376393474050154e+00 -4.493864948815009974e+00 -4.497354029074170256e+00 -4.500843632648280135e+00 -4.504333757939940064e+00
-4.167356687753270172e+00 -4.170787438626380350e+00 -4.174218893110250406e+00 -4.177651048921900312e+00 -4.181083903787460088e+00 -4.184517455442070322e+00 -4.187951701629789802e+00 -4.191386640103630157e+00 -4.194822268625490125e+00 -4.198258584966049867e+00 -4.201695586904819812e+00 -4.205133272230040298e+00 -4.208571638738670018e+00 -4.212010684236309643e+00 -4.215450406537179617e+00 -4.218890803464059758e+00 -4.222331872848299916e+00 -4.225773612529709844e+00 -4.229216020356560080e+00 -4.232659094185540205e+00 -4.236102831881660258e+00 -4.239547231318320009e+00 -4.242992290377180176e+00 -4.246438006948110022e+00 -4.249884378929239759e+00 -4.253331404226839751e+00 -4.256779080755309863e+00 -4.260227406437140374e+00 -4.263676379202840039e+00 -4.267125996990969838e+00 -4.270576257748060378e+00 -4.274027159428509748e+00 -4.277478699994680333e+00 -4.280930877416770031e+00 -4.284383689672769613e+00 -4.287837134748500034e+00 -4.291291210637459663e+00 -4.294745915340890008e+00 -4.298201246867709990e+00 -4.301657203234459992e+00 -4.305113782465269878e+00 -4.308570982591810150e+00 -4.312028801653339904e+00 -4.315487237696520317e+00 -4.318946288775520337e+00 -4.322405952951919872e+00 -4.325866228294639626e+00 -4.329327112880010375e+00 -4.332788604791629972e+00 -4.336250702120369560e+00 -4.339713402964349598e+00 -4.343176705428920314e+00 -4.346640607626580000e+00 -4.350105107676969673e+00 -4.353570203706829567e+00 -4.357035893849990238e+00 -4.360502176247339712e+00 -4.363969049046700022e+00 -4.367436510402930239e+00 -4.370904558477819890e+00 -4.374373191440040110e+00 -4.377842407465159624e+00 -4.381312204735589688e+00 -4.384782581440539673e+00 -4.388253535775979763e+00 -4.391725065944710238e+00 -4.395197170156140309e+00 -4.398669846626419577e+00 -4.402143093578359867e+00 -4.405616909241380164e+00 -4.409091291851470196e+00 -4.412566239651200206e+00 -4.416041750889699635e+00 -4.419517823822560310e+00 -4.422994456711830225e+00 -4.426471647826049960e+00 -4.429949395440130111e+00 -4.433427697835369941e+00 -4.436906553299429845e+00 -4.440385960126300269e+00 -4.443865916616240419e+00 -4.447346421075759615e+00 -4.450827471817680347e+00 -4.454309067160929558e+00 -4.457791205430679859e+00 -4.461273884958250058e+00 -4.464757104081040318e+00 -4.468240861142570353e+00 -4.471725154492450116e+00 -4.475209982486280325e+00 -4.478695343485700420e+00 -4.482181235858350377e+00 -4.485667657977740141e+00 -4.489154608223439702e+00 -4.492642084980809969e+00 -4.496130086641120016e+00 -4.499618611601539975e+00 -4.503107658264980273e+00 -4.506597225040199994e+00 -4.510087310341700295e+00 -4.513577912589740393e+00
-4.176527241989350436e+00 -4.179959021841299638e+00 -4.183391498427350363e+00 -4.186824669492099638e+00 -4.190258532789069790e+00 -4.193693086080699572e+00 -4.197128327138189618e+00 -4.200564253741560172e+00 -4.204000863679580036e+00 -4.207438154749699954e+00 -4.210876124758030414e+00 -4.214314771519299896e+00 -4.217754092856839776e+00 -4.221194086602459983e+00 -4.224634750596480082e+00 -4.228076082687680426e+00 -4.231518080733220444e+00 -4.234960742598650185e+00 -4.238404066157830385e+00 -4.241848049292910261e+00 -4.245292689894260008e+00 -4.248737985860509880e+00 -4.252183935098419632e+00 -4.255630535522819891e+00 -4.259077785056719634e+00 -4.262525681631109897e+00 -4.265974223185030390e+00 -4.269423407665430048e+00 -4.272873233027270068e+00 -4.276323697233319621e+00 -4.279774798254270429e+00 -4.283226534068569791e+00 -4.286678902662480084e+00 -4.290131902030010380e+00 -4.293585530172830289e+00 -4.297039785100330356e+00 -4.300494664829489722e+00 -4.303950167384909875e+00 -4.307406290798719617e+00 -4.310863033110590159e+00 -4.314320392367670287e+00 -4.317778366624549946e+00 -4.321236953943270009e+00 -4.324696152393220139e+00 -4.328155960051110362e+00 -4.331616375001019925e+00 -4.335077395334219652e+00 -4.338539019149320275e+00 -4.342001244552069927e+00 -4.345464069655389672e+00 -4.348927492579369947e+00 -4.352391511451189743e+00 -4.355856124405080188e+00 -4.359321329582350302e+00 -4.362787125131259991e+00 -4.366253509207099981e+00 -4.369720479972049709e+00 -4.373188035595219958e+00 -4.376656174252580023e+00 -4.380124894126960378e+00 -4.383594193407979844e+00 -4.387064070292050033e+00 -4.390534522982299848e+00 -4.394005549688640322e+00 -4.397477148627560339e+00 -4.400949318022309598e+00 -4.404422056102680116e+00 -4.407895361105079957e+00 -4.411369231272500357e+00 -4.414843664854419814e+00 -4.418318660106839602e+00 -4.421794215292229602e+00 -4.425270328679480336e+00 -4.428746998543929614e+00 -4.432224223167249733e+00 -4.435702000837480341e+00 -4.439180329848990247e+00 -4.442659208502430346e+00 -4.446138635104720294e+00 -4.449618607969020090e+00 -4.453099125414680337e+00 -4.456580185767199609e+00 -4.460061787358309715e+00 -4.463543928525759874e+00 -4.467026607613470368e+00 -4.470509822971409974e+00 -4.473993572955530240e+00 -4.477477855927859629e+00 -4.480962670256389835e+00 -4.484448014315029596e+00 -4.487933886483670420e+00 -4.491420285148059577e+00 -4.494907208699830292e+00 -4.498394655536490205e+00 -4.501882624061329885e+00 -4.505371112683439705e+00 -4.508860119817690304e+00 -4.512349643884699724e+00 -4.515839683310789887e+00 -4.519330236527959954e+00 -4.522821301973899644e+00
-4.185698656076930035e+00 -4.189131444720500141e+00 -4.192564923304930247e+00 -4.195999089601939680e+00 -4.199433941392060277e+00 -4.202869476464609733e+00 -4.206305692617520187e+00 -4.209742587657440360e+00 -4.213180159399629865e+00 -4.216618405667849956e+00 -4.220057324294470114e+00 -4.223496913120319718e+00 -4.226937169994640087e+00 -4.230378092775150201e+00 -4.233819679327839758e+00 -4.237261927527099736e+00 -4.240704835255559857e+00 -4.244148400404090360e+00 -4.247592620871770031e+00 -4.251037494565860442e+00 -4.254483019401710031e+00 -4.257929193302800286e+00 -4.261376014200579654e+00 -4.264823480034560355e+00 -4.268271588752210022e+00 -4.271720338308909959e+00 -4.275169726667940040e+00 -4.278619751800429860e+00 -4.282070411685330313e+00 -4.285521704309330104e+00 -4.288973627666940125e+00 -4.292426179760269633e+00 -4.295879358599160369e+00 -4.299333162201070202e+00 -4.302787588591029611e+00 -4.306242635801649676e+00 -4.309698301873040371e+00 -4.313154584852790130e+00 -4.316611482795970289e+00 -4.320068993765019627e+00 -4.323527115829789658e+00 -4.326985847067449598e+00 -4.330445185562489918e+00 -4.333905129406679713e+00 -4.337365676698990313e+00 -4.340826825545639700e+00 -4.344288574059960162e+00 -4.347750920362510207e+00 -4.351213862580870284e+00 -4.354677398849729819e+00 -4.358141527310760210e+00 -4.361606246112719631e+00 -4.365071553411260297e+00 -4.368537447369019944e+00 -4.372003926155500153e+00 -4.375470987947109869e+00 -4.378938630927089903e+00 -4.382406853285459647e+00 -4.385875653219030390e+00 -4.389345028931399995e+00 -4.392814978632800127e+00 -4.396285500540200175e+00 -4.399756592877210437e+00 -4.403228253874050147e+00 -4.406700481767510169e+00 -4.410173274801000076e+00 -4.413646631224369621e+00 -4.417120549294030418e+00 -4.420595027272860023e+00 -4.424070063430120214e+00 -4.427545656041550259e+00 -4.431021803389190161e+00 -4.434498503761510335e+00 -4.437975755453259730e+00 -4.441453556765430299e+00 -4.444931906005339606e+00 -4.448410801486549992e+00 -4.451890241528769998e+00 -4.455370224457910311e+00 -4.458850748606040248e+00 -4.462331812311320256e+00 -4.465813413918009900e+00 -4.469295551776459874e+00 -4.472778224243000089e+00 -4.476261429680030268e+00 -4.479745166455900041e+00 -4.483229432944900061e+00 -4.486714227527249577e+00 -4.490199548589099976e+00 -4.493685394522420218e+00 -4.497171763725090088e+00 -4.500658654600759867e+00 -4.504146065558869871e+00 -4.507633995014660222e+00 -4.511122441389080251e+00 -4.514611403108800047e+00 -4.518100878606209569e+00 -4.521590866319329827e+00 -4.525081364691799557e+00 -4.528572372172919636e+00 -4.532063887217540277e+00
-4.194870871645489885e+00 -4.198304649144369627e+00 -4.201739109872979938e+00 -4.205174251629819615e+00 -4.208610072222019660e+00 -4.212046569465360157e+00 -4.215483741184129940e+00 -4.218921585211200309e+00 -4.222360099387890031e+00 -4.225799281563960008e+00 -4.229239129597590185e+00 -4.232679641355329814e+00 -4.236120814712010407e+00 -4.239562647550790153e+00 -4.243005137763010026e+00 -4.246448283248270172e+00 -4.249892081914300235e+00 -4.253336531676920274e+00 -4.256781630460070076e+00 -4.260227376195760307e+00 -4.263673766823909972e+00 -4.267120800292500071e+00 -4.270568474557370209e+00 -4.274016787582279875e+00 -4.277465737338819629e+00 -4.280915321806419982e+00 -4.284365538972240373e+00 -4.287816386831229565e+00 -4.291267863385989756e+00 -4.294719966646810327e+00 -4.298172694631610113e+00 -4.301626045365879669e+00 -4.305080016882669725e+00 -4.308534607222550328e+00 -4.311989814433569990e+00 -4.315445636571229926e+00 -4.318902071698439649e+00 -4.322359117885469892e+00 -4.325816773209959720e+00 -4.329275035756819712e+00 -4.332733903618260385e+00 -4.336193374893690056e+00 -4.339653447689769905e+00 -4.343114120120289634e+00 -4.346575390306200326e+00 -4.350037256375520300e+00 -4.353499716463340441e+00 -4.356962768711830414e+00 -4.360426411270119651e+00 -4.363890642294300015e+00 -4.367355459947409813e+00 -4.370820862399409812e+00 -4.374286847827089986e+00 -4.377753414414110367e+00 -4.381220560350909565e+00 -4.384688283834729638e+00 -4.388156583069560135e+00 -4.391625456266040395e+00 -4.395094901641559915e+00 -4.398564917420119791e+00 -4.402035501832339826e+00 -4.405506653115430105e+00 -4.408978369513169682e+00 -4.412450649275860393e+00 -4.415923490660260242e+00 -4.419396891929659787e+00 -4.422870851353740029e+00 -4.426345367208569748e+00 -4.429820437776640141e+00 -4.433296061346790218e+00 -4.436772236214119758e+00 -4.440248960680070134e+00 -4.443726233052320396e+00 -4.447204051644789935e+00 -4.450682414777579865e+00 -4.454161320776980126e+00 -4.457640767975449947e+00 -4.461120754711510372e+00 -4.464601279329809991e+00 -4.468082340181060097e+00 -4.471563935621990282e+00 -4.475046064015320013e+00 -4.478528723729800376e+00 -4.482011913140070192e+00 -4.485495630626740393e+00 -4.488979874576320306e+00 -4.492464643381129719e+00 -4.495949935439400136e+00 -4.499435749155150432e+00 -4.502922082938179749e+00 -4.506408935204110122e+00 -4.509896304374220399e+00 -4.513384188875529723e+00 -4.516872587140779771e+00 -4.520361497608350376e+00 -4.523850918722230219e+00 -4.527340848932060346e+00 -4.530831286693059567e+00 -4.534322230465980041e+00 -4.537813678717130372e+00 -4.541305629918330311e+00
-4.204043831075630067e+00 -4.207478577740619841e+00 -4.210914001005209961e+00 -4.214350098694190194e+00 -4.217786868640930109e+00 -4.221224308687279603e+00 -4.224662416683499622e+00 -4.228101190488260386e+00 -4.231540627968620072e+00 -4.234980726999910239e+00 -4.238421485465750038e+00 -4.241862901258019569e+00 -4.245304972276779942e+00 -4.248747696430240417e+00 -4.252191071634750408e+00 -4.255635095814720437e+00 -4.259079766902609698e+00 -4.262525082838849677e+00 -4.265971041571879674e+00 -4.269417641058029567e+00 -4.272864879261529580e+00 -4.276312754154430351e+00 -4.279761263716659769e+00 -4.283210405935819587e+00 -4.286660178807320420e+00 -4.290110580334250301e+00 -4.293561608527340034e+00 -4.297013261404980078e+00 -4.300465536993110405e+00 -4.303918433325240045e+00 -4.307371948442400011e+00 -4.310826080393090010e+00 -4.314280827233250015e+00 -4.317736187026249617e+00 -4.321192157842800086e+00 -4.324648737760970363e+00 -4.328105924866139986e+00 -4.331563717250939582e+00 -4.335022113015230438e+00 -4.338481110266100060e+00 -4.341940707117779574e+00 -4.345400901691630402e+00 -4.348861692116120281e+00 -4.352323076526809942e+00 -4.355785053066219881e+00 -4.359247619883960034e+00 -4.362710775136499741e+00 -4.366174516987349818e+00 -4.369638843606860057e+00 -4.373103753172239649e+00 -4.376569243867580283e+00 -4.380035313883739789e+00 -4.383501961418340365e+00 -4.386969184675810318e+00 -4.390436981867189559e+00 -4.393905351210269927e+00 -4.397374290929490392e+00 -4.400843799255829580e+00 -4.404313874426930120e+00 -4.407784514686979627e+00 -4.411255718286629879e+00 -4.414727483483099846e+00 -4.418199808540039797e+00 -4.421672691727519755e+00 -4.425146131322019727e+00 -4.428620125606450131e+00 -4.432094672869959950e+00 -4.435569771408090389e+00 -4.439045419522679836e+00 -4.442521615521769718e+00 -4.445998357719670224e+00 -4.449475644436850175e+00 -4.452953474000000078e+00 -4.456431844741939763e+00 -4.459910755001589955e+00 -4.463390203123940303e+00 -4.466870187460100006e+00 -4.470350706367169913e+00 -4.473831758208239862e+00 -4.477313341352430420e+00 -4.480795454174749892e+00 -4.484278095056160041e+00 -4.487761262383539673e+00 -4.491244954549589607e+00 -4.494729169952879744e+00 -4.498213906997819755e+00 -4.501699164094540073e+00 -4.505184939659010013e+00 -4.508671232112879679e+00 -4.512158039883540361e+00 -4.515645361404080127e+00 -4.519133195113210100e+00 -4.522621539455290218e+00 -4.526110392880309696e+00 -4.529599753843809751e+00 -4.533089620806889819e+00 -4.536579992236240422e+00 -4.540070866603990396e+00 -4.543562242387790384e+00 -4.547054118070749773e+00 -4.550546492141370081e+00
-4.213217477485850182e+00 -4.216653173871310223e+00 -4.220089540305959730e+00 -4.223526574640530384e+00 -4.226964274734219984e+00 -4.230402638454560105e+00 -4.233841663677409883e+00 -4.237281348286879634e+00 -4.240721690175360159e+00 -4.244162687243360210e+00 -4.247604337399610408e+00 -4.251046638560939783e+00 -4.254489588652229592e+00 -4.257933185606439963e+00 -4.261377427364489989e+00 -4.264822311875279937e+00 -4.268267837095639727e+00 -4.271714000990240123e+00 -4.275160801531639798e+00 -4.278608236700200074e+00 -4.282056304484029852e+00 -4.285505002878980285e+00 -4.288954329888619910e+00 -4.292404283524139608e+00 -4.295854861804380143e+00 -4.299306062755749558e+00 -4.302757884412200085e+00 -4.306210324815250345e+00 -4.309663382013810384e+00 -4.313117054064299793e+00 -4.316571339030529586e+00 -4.320026234983649793e+00 -4.323481740002200091e+00 -4.326937852171980126e+00 -4.330394569586050402e+00 -4.333851890344740276e+00 -4.337309812555560029e+00 -4.340768334333180434e+00 -4.344227453799399896e+00 -4.347687169083130243e+00 -4.351147478320320339e+00 -4.354608379653949868e+00 -4.358069871234039994e+00 -4.361531951217539671e+00 -4.364994617768299889e+00 -4.368457869057140286e+00 -4.371921703261680392e+00 -4.375386118566419569e+00 -4.378851113162659736e+00 -4.382316685248420107e+00 -4.385782833028510019e+00 -4.389249554714449886e+00 -4.392716848524369944e+00 -4.396184712683139928e+00 -4.399653145422160350e+00 -4.403122144979479735e+00 -4.406591709599670281e+00 -4.410061837533789664e+00 -4.413532527039460085e+00 -4.417003776380710178e+00 -4.420475583828030075e+00 -4.423947947658289692e+00 -4.427420866154769818e+00 -4.430894337607040434e+00 -4.434368360311009560e+00 -4.437842932568919707e+00 -4.441318052689180007e+00 -4.444793718986470132e+00 -4.448269929781700327e+00 -4.451746683401910154e+00 -4.455223978180280042e+00 -4.458701812456109970e+00 -4.462180184574809694e+00 -4.465659092887830361e+00 -4.469138535752620101e+00 -4.472618511532700403e+00 -4.476099018597500034e+00 -4.479580055322440302e+00 -4.483061620088840016e+00 -4.486543711283929703e+00 -4.490026327300800091e+00 -4.493509466538360364e+00 -4.496993127401379908e+00 -4.500477308300370183e+00 -4.503962007651639787e+00 -4.507447223877210085e+00 -4.510932955404819644e+00 -4.514419200667900256e+00 -4.517905958105529862e+00 -4.521393226162410350e+00 -4.524881003288879988e+00 -4.528369287940850363e+00 -4.531858078579750426e+00 -4.535347373672609983e+00 -4.538837171691920247e+00 -4.542327471115640058e+00 -4.545818270427240293e+00 -4.549309568115590174e+00 -4.552801362674969710e+00 -4.556293652605059918e+00 -4.559786436410890431e+00
-4.222391754723919810e+00 -4.225828381624140206e+00 -4.229265672101679918e+00 -4.232703624032869705e+00 -4.236142235302329695e+00 -4.239581503802949847e+00 -4.243021427435739845e+00 -4.246462004109909927e+00 -4.249903231742799825e+00 -4.253345108259749985e+00 -4.256787631594209920e+00 -4.260230799687589887e+00 -4.263674610489259997e+00 -4.267119061956539561e+00 -4.270564152054579843e+00 -4.274009878756399594e+00 -4.277456240042850411e+00 -4.280903233902479954e+00 -4.284350858331629652e+00 -4.287799111334339663e+00 -4.291247990922229860e+00 -4.294697495114640162e+00 -4.298147621938439578e+00 -4.301598369428029756e+00 -4.305049735625350316e+00 -4.308501718579820228e+00 -4.311954316348280081e+00 -4.315407526994990306e+00 -4.318861348591560123e+00 -4.322315779216959974e+00 -4.325770816957460241e+00 -4.329226459906550417e+00 -4.332682706165000397e+00 -4.336139553840750338e+00 -4.339597001048909775e+00 -4.343055045911730083e+00 -4.346513686558529876e+00 -4.349972921125710101e+00 -4.353432747756690091e+00 -4.356893164601880031e+00 -4.360354169818680070e+00 -4.363815761571360419e+00 -4.367277938031169704e+00 -4.370740697376139572e+00 -4.374204037791200150e+00 -4.377667957468050375e+00 -4.381132454605119797e+00 -4.384597527407669837e+00 -4.388063174087590390e+00 -4.391529392863469994e+00 -4.394996181960530102e+00 -4.398463539610619755e+00 -4.401931464052159626e+00 -4.405399953530159785e+00 -4.408869006296050053e+00 -4.412338620607870077e+00 -4.415808794730049947e+00 -4.419279526933450164e+00 -4.422750815495359866e+00 -4.426222658699439982e+00 -4.429695054835660173e+00 -4.433168002200339686e+00 -4.436641499096049657e+00 -4.440115543831639755e+00 -4.443590134722160023e+00 -4.447065270088899958e+00 -4.450540948259270380e+00 -4.454017167566839852e+00 -4.457493926351319580e+00 -4.460971222958439952e+00 -4.464449055740059791e+00 -4.467927423054010028e+00 -4.471406323264149663e+00 -4.474885754740330235e+00 -4.478365715858299900e+00 -4.481846204999749617e+00 -4.485327220552290051e+00 -4.488808760909369866e+00 -4.492290824470270394e+00 -4.495773409640110074e+00 -4.499256514829779618e+00 -4.502740138455919805e+00 -4.506224278940940131e+00 -4.509708934712909567e+00 -4.513194104205619617e+00 -4.516679785858520368e+00 -4.520165978116650329e+00 -4.523652679430679946e+00 -4.527139888256900058e+00 -4.530627603057079789e+00 -4.534115822298590004e+00 -4.537604544454260314e+00 -4.541093768002410158e+00 -4.544583491426839927e+00 -4.548073713216780334e+00 -4.551564431866809812e+00 -4.555055645876969983e+00 -4.558547353752640419e+00 -4.562039554004489794e+00 -4.565532245148570034e+00 -4.569025425706169763e+00
-4.231566607354439569e+00 -4.235004145800080444e+00 -4.238442341428609872e+00 -4.241881192141540247e+00 -4.245320695848580073e+00 -4.248760850467549588e+00 -4.252201653924299940e+00 -4.255643104152739831e+00 -4.259085199094790219e+00 -4.262527936700299946e+00 -4.265971314927019975e+00 -4.269415331740630037e+00 -4.272859985114600079e+00 -4.276305273030260423e+00 -4.279751193476649895e+00 -4.283197744450560229e+00 -4.286644923956489883e+00 -4.290092730006559663e+00 -4.293541160620510055e+00 -4.296990213825719884e+00 -4.300439887657029558e+00 -4.303890180156869860e+00 -4.307341089375079868e+00 -4.310792613368949588e+00 -4.314244750203210188e+00 -4.317697497949920304e+00 -4.321150854688490028e+00 -4.324604818505619619e+00 -4.328059387495279964e+00 -4.331514559758650407e+00 -4.334970333404130294e+00 -4.338426706547250156e+00 -4.341883677310700129e+00 -4.345341243824259791e+00 -4.348799404224720000e+00 -4.352258156655960164e+00 -4.355717499268809689e+00 -4.359177430221089722e+00 -4.362637947677529660e+00 -4.366099049809739618e+00 -4.369560734796239743e+00 -4.373023000822319872e+00 -4.376485846080120368e+00 -4.379949268768539739e+00 -4.383413267093160037e+00 -4.386877839266349888e+00 -4.390342983507069974e+00 -4.393808698040979621e+00 -4.397274981100339986e+00 -4.400741830923950104e+00 -4.404209245757219726e+00 -4.407677223852029869e+00 -4.411145763466760350e+00 -4.414614862866280021e+00 -4.418084520321840181e+00 -4.421554734111110108e+00 -4.425025502518179721e+00 -4.428496823833370399e+00 -4.431968696353400183e+00 -4.435441118381260317e+00 -4.438914088226129984e+00 -4.442387604203520191e+00 -4.445861664635049948e+00 -4.449336267848529758e+00 -4.452811412177910100e+00 -4.456287095963279654e+00 -4.459763317550759609e+00 -4.463240075292549847e+00 -4.466717367546899631e+00 -4.470195192678019680e+00 -4.473673549056130128e+00 -4.477152435057339730e+00 -4.480631849063749783e+00 -4.484111789463310238e+00 -4.487592254649819701e+00 -4.491073243022960071e+00 -4.494554752988180191e+00 -4.498036782956750024e+00 -4.501519331345660291e+00 -4.505002396577689971e+00 -4.508485977081270413e+00 -4.511970071290529738e+00 -4.515454677645280412e+00 -4.518939794590909997e+00 -4.522425420578460198e+00 -4.525911554064539821e+00 -4.529398193511290138e+00 -4.532885337386420410e+00 -4.536372984163100419e+00 -4.539861132320010206e+00 -4.543349780341279676e+00 -4.546838926716469942e+00 -4.550328569940529810e+00 -4.553818708513830416e+00 -4.557309340942060416e+00 -4.560800465736259746e+00 -4.564292081412790303e+00 -4.567784186493279996e+00 -4.571276779504650278e+00 -4.574769858979039761e+00 -4.578263423453790004e+00
-4.240741980649190168e+00 -4.244180411903849759e+00 -4.247619494023259890e+00 -4.251059224933750436e+00 -4.254499602569720373e+00 -4.257940624873580049e+00 -4.261382289795630385e+00 -4.264824595294149923e+00 -4.268267539335280247e+00 -4.271711119892960262e+00 -4.275155334948980368e+00 -4.278600182492880322e+00 -4.282045660521910158e+00 -4.285491767041030187e+00 -4.288938500062830173e+00 -4.292385857607539990e+00 -4.295833837702970115e+00 -4.299282438384429916e+00 -4.302731657694789824e+00 -4.306181493684380079e+00 -4.309631944410940108e+00 -4.313083007939620295e+00 -4.316534682342980211e+00 -4.319986965700819859e+00 -4.323439856100329770e+00 -4.326893351635909823e+00 -4.330347450409179899e+00 -4.333802150528979880e+00 -4.337257450111300372e+00 -4.340713347279240075e+00 -4.344169840163029761e+00 -4.347626926899880395e+00 -4.351084605634119917e+00 -4.354542874517010276e+00 -4.358001731706780291e+00 -4.361461175368580356e+00 -4.364921203674490435e+00 -4.368381814803390384e+00 -4.371843006941060317e+00 -4.375304778279989648e+00 -4.378767127019529859e+00 -4.382230051365679557e+00 -4.385693549531220370e+00 -4.389157619735530425e+00 -4.392622260204669615e+00 -4.396087469171289897e+00 -4.399553244874620184e+00 -4.403019585560469906e+00 -4.406486489481130420e+00 -4.409953954895380335e+00 -4.413421980068470418e+00 -4.416890563272080072e+00 -4.420359702784259603e+00 -4.423829396889489729e+00 -4.427299643878479962e+00 -4.430770442048359570e+00 -4.434241789702499936e+00 -4.437713685150489695e+00 -4.441186126708180026e+00 -4.444659112697610048e+00 -4.448132641446959745e+00 -4.451606711290570395e+00 -4.455081320568900161e+00 -4.458556467628479680e+00 -4.462032150821849896e+00 -4.465508368507670411e+00 -4.468985119050479682e+00 -4.472462400820900186e+00 -4.475940212195429702e+00 -4.479418551556509698e+00 -4.482897417292470266e+00 -4.486376807797469723e+00 -4.489856721471539913e+00 -4.493337156720549785e+00 -4.496818111956070396e+00 -4.500299585595490370e+00 -4.503781576061919978e+00 -4.507264081784169818e+00 -4.510747101196719733e+00 -4.514230632739730353e+00 -4.517714674858970270e+00 -4.521199226005779614e+00 -4.524684284637180198e+00 -4.528169849215609943e+00 -4.531655918209139600e+00 -4.535142490091329748e+00 -4.538629563341140205e+00 -4.542117136443080128e+00 -4.545605207887040144e+00 -4.549093776168319891e+00 -4.552582839787629787e+00 -4.556072397250989781e+00 -4.559562447069789748e+00 -4.563052987760720214e+00 -4.566544017845729719e+00 -4.570035535852070119e+00 -4.573527540312229966e+00 -4.577020029763880338e+00 -4.580513002749910356e+00 -4.584006457818389890e+00 -4.587500393522489617e+00
